order,关卡类型,type,chains,oldDifficulty,newDifficulty,reason,levelId
1,普通,tutorial,6,1,1,front20_fixed,tutorial_simple_01_hi
2,hole,hole_rescue,22,1,1,front20_fixed,seed_Arrowz_level_035_holeblock_multiseed_final
3,普通,normal,19,1,1,front20_fixed,level3_tiny_03_level3_tiny_mini_maze_17
4,普通,shape,30,1,1,front20_fixed,r2_outer_strong_005_r2_006_a401_earlyprop_01_earlyglide_v2_maskearlyprop_20x24-earlyprop01crystalball
5,普通,normal,26,1,1,front20_fixed,nomask_style_01_hui_spiral
6,普通,shape,32,1,1,front20_fixed,r2_outer_strong_005_r2_006_a401_earlyprop_02_earlyglide_v3_maskearlyprop_26x18-earlyprop02eraser
7,普通,lock,39,1,1,front20_fixed,nomask_style_expansion_08_double_room_lock_b
8,普通,normal,46,1,1,front20_fixed,nomask_08_dual_zone
9,普通,shape,32,1,1,front20_fixed,r2_outer_strong_005_r2_006_a401_earlyprop_03_earlysweep_v2_maskearlyprop_22x22-earlyprop03ruler
10,普通,lock,60,2,2,front20_fixed,direct_pure_topup_01_22_direct_refresh_topup_rect_core_burst_g2_v03
11,普通,normal,31,1,1,front20_fixed,level3_thirty_03_level3_thirty_mini_maze_30
12,普通,normal,50,1,1,front20_fixed,nomask_style_expansion_23_center_cross_b
13,普通,shape,37,1,1,front20_fixed,r2_outer_strong_005_r2_006_a401_earlyprop_04_earlypeel_v5_maskearlyprop_24x24-earlyprop04magicwand
14,普通,normal,42,1,1,front20_fixed,nomask_06_sweep
15,普通,section,53,2,2,front20_fixed,direct_pure_topup_02_15_direct_refresh_topup_rect_dual_zone_g4_v05
16,普通,lock,54,2,2,front20_fixed,direct_pure_topup_02_06_direct_refresh_topup_rect_core_burst_g3_v04
17,hole,hole_rescue,37,1,1,front20_fixed,r1_ab_091_above300_level_571_final_holeblock_multiseed_final
18,普通,normal,53,1,1,front20_fixed,nomask_style_10_zig_river
19,普通,lock,94,4,4,front20_fixed,direct_pure_topup_06_19_direct_normal_pure_rect_lock_buckle_g8_v09
20,普通,shell,41,1,1,front20_fixed,nomask_01_outer_shell
21,普通,sweep,44,1,1,front21_40_manual_stage,nomask_style_02_snake_spine
22,普通,section,55,1,1,front21_40_manual_stage,nomask_style_expansion_26_stair_ladder_a
23,普通,shape_magic,80,1,2,front21_40_manual_stage,r2_outer_strong_005_r2_006_a401_procmask_79_long_maskproceduralvertical_30x44-mainmagicquilltall
24,普通,section,82,1,2,front21_40_manual_stage,direct_pure_topup_05_02_direct_normal_pure_rect_section_unlock_g9_v04
25,普通,lock,98,1,3,front21_40_manual_stage,direct_pure_normal_extra_01_10_direct_normal_pure_extra_rect_lock_buckle_g16_v02
26,hole,hole_rescue,42,1,1,hole_stage_chain,hole_candidate_058_tall_18x26_section
27,普通,shape_object,80,1,2,front21_40_manual_stage,r2_outer_strong_005_r2_006_a401_procmask_48_long_maskproceduralvertical_28x42-mainhourglasstall
28,普通,maze,63,1,1,front21_40_manual_stage,direct_pure_topup_02_24_direct_refresh_topup_rect_maze_long_chain_g5_v06
29,普通,dense,99,1,3,front21_40_manual_stage,direct_pure_normal_extra_02_11_direct_normal_pure_extra_rect_dense_weave_g19_v05
30,普通,lock,106,1,4,front21_40_manual_stage,direct_normal_topup_68_direct_normal_topup_rect_core_burst_g8_v09
31,普通,sweep,61,1,1,front21_40_manual_stage,direct_pure_topup_01_05_direct_refresh_topup_rect_sweep_g0_v01
32,普通,shape_magic,83,1,2,front21_40_manual_stage,r2_outer_strong_005_r2_006_a401_procmask_02_long_maskproceduralvertical_28x40-mainshieldtall
33,普通,dense,78,1,2,front21_40_manual_stage,direct_pure_topup_04_17_direct_normal_pure_rect_outer_shell_g8_v03
34,普通,lock,93,1,3,front21_40_manual_stage,direct_pure_topup_04_03_direct_normal_pure_rect_lock_buckle_g6_v01
35,普通,dense,65,1,1,front21_40_manual_stage,direct_pure_topup_01_12_direct_refresh_topup_rect_dense_weave_g1_v02
36,普通,lock,83,1,2,front21_40_manual_stage,direct_pure_normal_extra_01_12_direct_normal_pure_extra_rect_core_burst_g16_v02
37,hole,hole_rescue,41,1,1,hole_stage_chain,hole_candidate_009_std_20x22_lock
38,普通,shape_magic,88,1,2,front21_40_manual_stage,r2_outer_strong_005_r2_006_a401_procmask_06_long_maskproceduralvertical_30x42-mainkeytall
39,普通,lock,101,1,3,front21_40_manual_stage,direct_normal_06_direct_normal_rect_core_burst_g0_v01
40,普通,lock,103,1,4,front21_40_manual_stage,direct_pure_topup_05_11_direct_normal_pure_rect_lock_buckle_g10_v05
41,普通,dense,62,1,1,rhythm_normal_recovery_novelty,direct_pure_topup_03_17_direct_refresh_topup_rect_outer_shell_g2_v09
42,普通,dense,80,1,1,rhythm_normal_recovery_novelty,direct_pure_topup_04_12_direct_normal_pure_rect_dense_weave_g7_v02
43,普通,shape_magic,87,1,1,rhythm_normal_recovery_novelty,r2_outer_strong_005_r2_006_a401_procmask_81_long_maskproceduralvertical_32x42-mainmagicbattall
44,普通,section,86,2,2,rhythm_hard,direct_pure_normal_extra_01_07_direct_normal_pure_extra_rect_quasi_symmetry_g15_v01
45,普通,lock,74,1,1,rhythm_normal_recovery_novelty,direct_pure_topup_05_03_direct_normal_pure_rect_lock_buckle_g9_v04
46,hole,hole_rescue,43,1,1,hole_stage_chain,hole_candidate_017_std_20x26_maze
47,普通,lock,118,3,3,rhythm_veryhard,direct_normal_73_direct_normal_rect_lock_buckle_g1_v08
48,普通,shape_magic,88,1,1,rhythm_normal_recovery_novelty,r2_outer_strong_005_r2_006_a401_procmask_82_long_maskproceduralvertical_32x44-mainmagicblackcattall
49,普通,section,89,2,2,rhythm_hard,direct_pure_normal_extra_01_23_direct_normal_pure_extra_rect_quasi_symmetry_g17_v03
50,普通,sweep,67,1,1,rhythm_normal_recovery_novelty,nomask_style_expansion_35_zig_river_tall
51,普通,maze,85,1,1,rhythm_normal_recovery_novelty,direct_pure_topup_06_08_direct_normal_pure_rect_maze_long_chain_g6_v07
52,普通,lock,87,2,2,rhythm_hard,direct_pure_topup_06_17_direct_normal_pure_rect_outer_shell_g8_v09
53,普通,shape_space,86,1,1,rhythm_normal_recovery_novelty,r2_outer_strong_005_r2_006_a401_procmask_01_onion_maskproceduralvertical_30x42-mainrockettall
54,hole,hole_rescue,43,1,1,hole_stage_chain,hole_topup_001_topup_tall_18x26_dense
55,普通,section,94,1,1,rhythm_normal_recovery_novelty,direct_pure_normal_extra_01_13_direct_normal_pure_extra_rect_dual_zone_g16_v02
56,普通,dense,96,2,2,rhythm_hard,direct_pure_topup_05_01_direct_normal_pure_rect_outer_shell_g9_v04
57,普通,section,84,1,1,rhythm_normal_recovery_novelty,direct_pure_topup_06_18_direct_normal_pure_rect_section_unlock_g8_v09
58,普通,shape_symbol,87,1,1,rhythm_normal_recovery_novelty,r2_outer_strong_005_r2_006_a401_procmask_96_onion_maskproceduralvertical_30x42-maindistinctpuzzletall
59,普通,lock,89,3,3,rhythm_veryhard,direct_pure_topup_04_11_direct_normal_pure_rect_lock_buckle_g7_v02
60,普通,section,59,1,1,rhythm_normal_recovery_novelty,nomask_style_06_stair_ladder
61,hole,hole_rescue,43,1,1,hole_stage_chain,hole_candidate_057_tall_18x26_lock
62,普通,dense,63,1,1,rhythm_normal_recovery_novelty,direct_pure_topup_02_01_direct_refresh_topup_rect_outer_shell_g3_v04
63,普通,shape_nature,90,1,1,rhythm_normal_recovery_novelty,r2_outer_strong_005_r2_006_a401_procmask_123_long_maskproceduralvertical_32x42-mainleaf09tall
64,普通,maze,66,1,1,rhythm_normal_recovery_novelty,nomask_style_expansion_20_long_corridor_b
65,普通,lock,104,2,2,rhythm_hard,direct_normal_23_direct_normal_rect_lock_buckle_g2_v03
66,普通,sweep,89,1,1,rhythm_normal_recovery_novelty,direct_pure_topup_04_21_direct_normal_pure_rect_sweep_g8_v03
67,普通,shape_symbol,86,1,1,rhythm_normal_recovery_novelty,r2_outer_strong_005_r2_006_a401_procmask_19_onion_maskproceduralvertical_30x40-mainstartall
68,普通,lock,59,1,1,rhythm_normal_recovery_novelty,direct_pure_topup_03_14_direct_refresh_topup_rect_core_burst_g1_v08
69,普通,section,100,2,2,rhythm_hard,direct_normal_48_direct_normal_rect_stair_push_g4_v05
70,普通,section,103,1,1,rhythm_normal_recovery_novelty,direct_normal_139_direct_normal_rect_quasi_symmetry_g1_v14
71,hole,hole_rescue,45,1,1,hole_stage_chain,hole_candidate_019_std_22x24_section
72,普通,lock,104,2,2,rhythm_hard,direct_normal_topup_66_direct_normal_topup_rect_lock_buckle_g8_v09
73,普通,shape_symbol,90,1,1,rhythm_normal_recovery_novelty,r2_outer_strong_005_r2_006_a401_procmask_92_onion_maskproceduralvertical_28x42-maindistinctcrescenttall
74,普通,section,87,1,1,rhythm_normal_recovery_novelty,direct_pure_normal_extra_01_21_direct_normal_pure_extra_rect_dual_zone_g17_v03
75,普通,sweep,103,1,1,rhythm_normal_recovery_novelty,direct_normal_121_direct_normal_rect_outer_shell_g0_v13
76,普通,section,94,3,3,rhythm_veryhard,direct_pure_normal_extra_02_06_direct_normal_pure_extra_rect_stair_push_g18_v04
77,普通,lock,48,1,1,rhythm_normal_recovery_novelty,nomask_style_expansion_33_double_room_lock_tall
78,普通,shape_music,92,1,1,rhythm_normal_recovery_novelty,r2_outer_strong_005_r2_006_a401_procmask_95_onion_maskproceduralvertical_28x42-maindistinctmusicnotetall
79,普通,maze,58,1,1,rhythm_normal_recovery_novelty,nomask_style_expansion_19_long_corridor_a
80,普通,section,89,1,1,rhythm_normal_recovery_novelty,direct_pure_topup_06_02_direct_normal_pure_rect_section_unlock_g6_v07
81,普通,sweep,46,1,1,rhythm_normal_recovery_novelty,nomask_style_expansion_04_snake_spine_a
82,hole,hole_rescue,45,1,1,hole_stage_chain,hole_candidate_018_std_22x24_lock
83,普通,shape_symbol,91,1,1,rhythm_normal_recovery_novelty,r2_outer_strong_005_r2_006_a401_procmask_11_onion_maskproceduralvertical_30x40-mainhearttall
84,普通,lock,88,2,2,rhythm_hard,direct_pure_normal_extra_01_04_direct_normal_pure_extra_rect_core_burst_g15_v01
85,普通,maze,92,1,1,rhythm_normal_recovery_novelty,direct_pure_topup_04_08_direct_normal_pure_rect_maze_long_chain_g6_v01
86,普通,dense,55,1,1,rhythm_normal_recovery_novelty,direct_pure_topup_01_17_direct_refresh_topup_rect_outer_shell_g2_v03
87,普通,shape_object,95,1,1,rhythm_normal_recovery_novelty,r2_outer_strong_005_r2_006_a401_procmask_46_long_maskproceduralvertical_30x40-mainpaintpalettetall
88,普通,section,101,2,2,rhythm_hard,direct_normal_28_direct_normal_rect_stair_push_g2_v03
89,普通,lock,100,3,3,rhythm_veryhard,direct_normal_topup_34_direct_normal_topup_rect_lock_buckle_g10_v05
90,普通,section,98,1,1,rhythm_normal_recovery_novelty,direct_pure_topup_04_15_direct_normal_pure_rect_dual_zone_g7_v02
91,hole,hole_rescue,47,1,1,hole_stage_chain,hole_candidate_071_wide_26x22_maze
92,普通,lock,48,1,1,rhythm_normal_recovery_novelty,nomask_style_expansion_30_vertical_gate_a
93,普通,shape_symbol,92,1,1,rhythm_normal_recovery_novelty,r2_outer_strong_005_r2_006_a401_procmask_13_onion_maskproceduralvertical_28x42-mainlightningtall
94,普通,section,107,2,2,rhythm_hard,direct_normal_112_direct_normal_rect_section_unlock_g5_v12
95,普通,dense,61,1,1,rhythm_normal_recovery_novelty,direct_pure_topup_02_04_direct_refresh_topup_rect_dense_weave_g3_v04
96,普通,section,110,3,3,rhythm_veryhard,direct_normal_topup_13_direct_normal_topup_rect_dual_zone_g7_v02
97,普通,sweep,102,1,1,rhythm_normal_recovery_novelty,direct_pure_topup_05_05_direct_normal_pure_rect_sweep_g9_v04
98,普通,shape_music,94,1,1,rhythm_normal_recovery_novelty,r2_outer_strong_005_r2_006_a401_procmask_45_long_maskproceduralvertical_28x42-mainmicrophonetall
99,普通,section,101,1,1,rhythm_normal_recovery_novelty,direct_normal_topup_07_direct_normal_topup_rect_quasi_symmetry_g6_v01
100,普通,lock,51,1,1,rhythm_normal_recovery_novelty,direct_pure_topup_01_11_direct_refresh_topup_rect_lock_buckle_g1_v02
101,hole,hole_rescue,47,1,1,hole_stage_chain,hole_candidate_020_std_22x24_dense
102,普通,dense,57,1,1,rhythm_normal_recovery_novelty,direct_pure_topup_01_09_direct_refresh_topup_rect_outer_shell_g1_v02
103,普通,shape_ocean,93,1,1,rhythm_normal_recovery_novelty,r2_outer_strong_005_r2_006_a401_procmask_68_onion_maskproceduralvertical_30x42-mainoceandriftbottletall
104,普通,lock,102,2,2,rhythm_hard,direct_normal_topup_20_direct_normal_topup_rect_core_burst_g8_v03
105,普通,maze,108,1,1,rhythm_normal_recovery_novelty,direct_normal_60_direct_normal_rect_maze_long_chain_g5_v06
106,普通,section,86,1,1,rhythm_normal_recovery_novelty,direct_pure_topup_05_07_direct_normal_pure_rect_dual_zone_g9_v04
107,普通,lock,105,3,3,rhythm_veryhard,direct_normal_53_direct_normal_rect_lock_buckle_g5_v06
108,普通,shape_symbol,93,1,1,rhythm_normal_recovery_novelty,r2_outer_strong_005_r2_006_a401_procmask_qd_108_onion_maskproceduralvertical_28x42-maindistinctdigit2tall
109,普通,section,108,2,2,rhythm_hard,direct_normal_topup_31_direct_normal_topup_rect_quasi_symmetry_g9_v04
110,普通,section,104,1,1,rhythm_normal_recovery_novelty,direct_normal_72_direct_normal_rect_section_unlock_g1_v08
111,普通,dense,89,1,1,rhythm_normal_recovery_novelty,direct_pure_topup_05_04_direct_normal_pure_rect_dense_weave_g9_v04
112,普通,lock,108,2,2,rhythm_hard,direct_pure_topup_06_22_direct_normal_pure_rect_core_burst_g8_v09
113,普通,shape_magic,98,1,1,rhythm_normal_recovery_novelty,r2_outer_strong_005_r2_006_a401_procmask_80_long_maskproceduralvertical_28x42-mainmagicrunestonetall
114,普通,maze,94,1,1,rhythm_normal_recovery_novelty,direct_pure_topup_04_16_direct_normal_pure_rect_maze_long_chain_g7_v02
115,普通,section,74,1,1,rhythm_normal_recovery_novelty,direct_pure_normal_extra_01_15_direct_normal_pure_extra_rect_quasi_symmetry_g16_v02
116,普通,lock,89,2,2,rhythm_hard,direct_pure_topup_05_19_direct_normal_pure_rect_lock_buckle_g11_v06
117,hole,hole_rescue,49,1,1,hole_stage_chain,hole_topup_018_topup_std_22x26_dual
118,普通,shape_ocean,96,1,1,rhythm_normal_recovery_novelty,r2_outer_strong_005_r2_006_a401_procmask_99_long_maskproceduralvertical_30x44-maindistinctjellyfishtall
119,普通,section,102,3,3,rhythm_veryhard,direct_normal_32_direct_normal_rect_section_unlock_g3_v04
120,普通,sweep,106,1,1,rhythm_normal_recovery_novelty,direct_normal_65_direct_normal_rect_sweep_g0_v07
121,普通,maze,51,1,1,rhythm_normal_recovery_novelty,nomask_04_maze_long_chain
122,普通,dense,89,1,1,rhythm_normal_recovery_novelty,direct_pure_normal_extra_01_19_direct_normal_pure_extra_rect_dense_weave_g17_v03
123,普通,shape_magic,92,1,1,rhythm_normal_recovery_novelty,r2_outer_strong_005_r2_006_a401_procmask_83_long_maskproceduralvertical_30x42-mainmagicdragoneggtall
124,普通,section,105,1,1,rhythm_normal_recovery_novelty,direct_normal_topup_79_direct_normal_topup_rect_quasi_symmetry_g9_v10
125,普通,lock,93,2,2,rhythm_hard,direct_pure_normal_extra_01_20_direct_normal_pure_extra_rect_core_burst_g17_v03
126,hole,hole_rescue,50,1,1,hole_stage_chain,hole_candidate_016_std_20x26_section
127,普通,shape_character,99,1,1,rhythm_normal_recovery_novelty,r2_outer_strong_005_r2_006_a401_procmask_36_long_maskproceduralvertical_30x42-mainowltall
128,普通,lock,79,1,1,rhythm_normal_recovery_novelty,direct_pure_topup_06_03_direct_normal_pure_rect_lock_buckle_g6_v07
129,普通,section,102,2,2,rhythm_hard,direct_normal_topup_30_direct_normal_topup_rect_stair_push_g9_v04
130,普通,section,96,1,1,rhythm_normal_recovery_novelty,direct_pure_topup_06_07_direct_normal_pure_rect_dual_zone_g6_v07
131,普通,dense,81,1,1,rhythm_normal_recovery_novelty,direct_pure_topup_04_01_direct_normal_pure_rect_outer_shell_g6_v01
132,普通,lock,86,2,2,rhythm_hard,direct_pure_topup_04_22_direct_normal_pure_rect_core_burst_g8_v03
133,普通,shape_magic,95,1,1,rhythm_normal_recovery_novelty,r2_outer_strong_005_r2_006_a401_procmask_25_onion_maskproceduralvertical_30x42-mainknightmascottall
134,普通,maze,56,1,1,rhythm_normal_recovery_novelty,direct_pure_topup_01_24_direct_refresh_topup_rect_maze_long_chain_g2_v03
135,hole,hole_rescue,52,1,2,hole_stage_chain,hole_topup_012_topup_tall_20x30_shell
136,普通,section,113,3,3,rhythm_veryhard,direct_normal_39_direct_normal_rect_quasi_symmetry_g3_v04
137,普通,lock,80,1,1,rhythm_normal_recovery_novelty,direct_pure_topup_04_19_direct_normal_pure_rect_lock_buckle_g8_v03
138,普通,shape_space,96,1,1,rhythm_normal_recovery_novelty,r2_outer_strong_005_r2_006_a401_procmask_supp_04_onion_maskfinalsupplement_30x42-mainspacecometicontall
139,普通,section,101,1,1,rhythm_normal_recovery_novelty,direct_normal_68_direct_normal_rect_stair_push_g0_v07
140,普通,section,102,1,1,rhythm_normal_recovery_novelty,direct_normal_92_direct_normal_rect_section_unlock_g3_v10
141,普通,sweep,114,1,1,rhythm_normal_recovery_novelty,direct_normal_35_direct_normal_rect_sweep_g3_v04
142,hole,hole_rescue,50,1,1,hole_stage_chain,hole_candidate_038_std_26x24_dual
143,普通,shape_magic,91,1,1,rhythm_normal_recovery_novelty,r2_outer_strong_005_r2_006_a401_procmask_76_onion_maskproceduralvertical_30x42-mainmagichattall
144,普通,lock,113,2,2,rhythm_hard,direct_normal_103_direct_normal_rect_lock_buckle_g4_v11
145,普通,maze,95,1,1,rhythm_normal_recovery_novelty,direct_pure_normal_extra_02_16_direct_normal_pure_extra_rect_maze_long_chain_g19_v05
146,普通,dense,95,1,1,rhythm_normal_recovery_novelty,direct_pure_topup_06_12_direct_normal_pure_rect_dense_weave_g7_v08
147,普通,shape_landmark,101,1,1,rhythm_normal_recovery_novelty,r2_outer_strong_005_r2_006_a401_procmask_29_long_maskproceduralvertical_30x44-mainlibertystatuetall
148,普通,section,105,2,2,rhythm_hard,direct_normal_08_direct_normal_rect_stair_push_g0_v01
149,普通,lock,114,3,3,rhythm_veryhard,direct_normal_126_direct_normal_rect_core_burst_g0_v13
150,普通,section,104,1,1,rhythm_normal_recovery_novelty,direct_normal_topup_65_direct_normal_topup_rect_section_unlock_g8_v09
151,hole,hole_rescue,51,1,2,hole_stage_chain,hole_candidate_060_tall_20x28_lock
152,普通,lock,106,1,1,rhythm_normal_recovery_novelty,direct_normal_133_direct_normal_rect_lock_buckle_g1_v14
153,普通,shape_character,101,1,1,rhythm_normal_recovery_novelty,r2_outer_strong_005_r2_006_a401_procmask_21_long_maskproceduralvertical_30x42-mainraisedhandmascottall
154,普通,section,113,2,2,rhythm_hard,direct_normal_98_direct_normal_rect_stair_push_g3_v10
155,普通,dense,84,1,1,rhythm_normal_recovery_novelty,direct_pure_normal_extra_02_19_direct_normal_pure_extra_rect_dense_weave_g20_v06
156,普通,section,108,3,3,rhythm_veryhard,direct_normal_29_direct_normal_rect_quasi_symmetry_g2_v03
157,普通,sweep,84,1,1,rhythm_normal_recovery_novelty,direct_pure_topup_06_05_direct_normal_pure_rect_sweep_g6_v07
158,普通,shape_symbol,100,1,1,rhythm_normal_recovery_novelty,r2_outer_strong_005_r2_006_a401_procmask_106_onion_maskproceduralvertical_30x42-maindistinctlettermtall
159,普通,section,100,1,1,rhythm_normal_recovery_novelty,direct_normal_137_direct_normal_rect_dual_zone_g1_v14
160,普通,lock,76,1,1,rhythm_normal_recovery_novelty,direct_pure_topup_04_14_direct_normal_pure_rect_core_burst_g7_v02
161,普通,sweep,53,1,1,rhythm_normal_recovery_novelty,nomask_style_expansion_36_snake_spine_tall
162,普通,dense,95,1,1,rhythm_normal_recovery_novelty,direct_pure_topup_06_04_direct_normal_pure_rect_dense_weave_g6_v07
163,普通,shape_ocean,101,1,1,rhythm_normal_recovery_novelty,r2_outer_strong_005_r2_006_a401_procmask_66_onion_maskproceduralvertical_32x42-mainoceanpufferfishtall
164,普通,lock,114,2,2,rhythm_hard,direct_normal_topup_18_direct_normal_topup_rect_lock_buckle_g8_v03
165,普通,maze,77,1,1,rhythm_normal_recovery_novelty,direct_pure_topup_05_08_direct_normal_pure_rect_maze_long_chain_g9_v04
166,普通,section,119,1,1,rhythm_normal_recovery_novelty,direct_polish_clean_19_direct_polish_normal_rect_section_unlock_g2_v03
167,hole,hole_rescue,53,1,2,hole_stage_chain,hole_topup_043_topup_wide_26x22_maze
168,普通,shape_object,100,1,1,rhythm_normal_recovery_novelty,r2_outer_strong_005_r2_006_a401_procmask_102_onion_maskproceduralvertical_28x42-maindistinctboottall
169,普通,lock,115,2,2,rhythm_hard,direct_normal_31_direct_normal_rect_outer_shell_g3_v04
170,普通,section,104,1,1,rhythm_normal_recovery_novelty,direct_normal_topup_71_direct_normal_topup_rect_quasi_symmetry_g8_v09
171,普通,dense,108,1,1,rhythm_normal_recovery_novelty,direct_normal_topup_03_direct_normal_topup_rect_dense_weave_g6_v01
172,普通,section,106,2,2,rhythm_hard,direct_normal_topup_22_direct_normal_topup_rect_stair_push_g8_v03
173,普通,shape_magic,104,1,1,rhythm_normal_recovery_novelty,r2_outer_strong_005_r2_006_a401_procmask_08_onion_maskproceduralvertical_28x40-maincandletall
174,普通,maze,95,1,1,rhythm_normal_recovery_novelty,direct_pure_topup_06_24_direct_normal_pure_rect_maze_long_chain_g8_v09
175,普通,section,92,1,1,rhythm_normal_recovery_novelty,direct_pure_normal_extra_01_09_direct_normal_pure_extra_rect_section_unlock_g16_v02
176,普通,lock,112,2,2,rhythm_hard,direct_normal_16_direct_normal_rect_core_burst_g1_v02
177,hole,hole_rescue,52,1,2,hole_stage_chain,hole_candidate_074_wide_28x22_dense
178,普通,shape_art,104,1,1,rhythm_normal_recovery_novelty,r2_outer_strong_005_r2_006_a401_procmask_27_onion_maskproceduralvertical_30x42-mainpainterbusttall
179,普通,lock,115,3,3,rhythm_veryhard,direct_normal_topup_26_direct_normal_topup_rect_lock_buckle_g9_v04
180,普通,sweep,108,1,1,rhythm_normal_recovery_novelty,direct_normal_topup_56_direct_normal_topup_rect_sweep_g6_v07
181,普通,maze,106,1,1,rhythm_normal_recovery_novelty,direct_normal_90_direct_normal_rect_maze_long_chain_g2_v09
182,普通,lock,88,1,1,rhythm_normal_recovery_novelty,direct_pure_topup_04_06_direct_normal_pure_rect_core_burst_g6_v01
183,普通,shape_ocean,104,1,1,rhythm_normal_recovery_novelty,r2_outer_strong_005_r2_006_a401_procmask_60_onion_maskproceduralvertical_28x42-mainoceanshelltall
184,hole,hole_rescue,55,1,2,hole_stage_chain,hole_topup_024_topup_std_24x28_dual
185,普通,section,103,2,2,rhythm_hard,direct_normal_158_direct_normal_rect_stair_push_g3_v16
186,普通,sweep,104,1,1,rhythm_normal_recovery_novelty,direct_normal_55_direct_normal_rect_sweep_g5_v06
187,普通,shape_landmark,105,1,1,rhythm_normal_recovery_novelty,r2_outer_strong_005_r2_006_a401_procmask_33_onion_maskproceduralvertical_30x44-mainclocktowertall
188,普通,section,106,1,1,rhythm_normal_recovery_novelty,direct_normal_topup_61_direct_normal_topup_rect_dual_zone_g7_v08
189,普通,lock,112,2,2,rhythm_hard,direct_normal_56_direct_normal_rect_core_burst_g5_v06
190,普通,section,112,1,1,rhythm_normal_recovery_novelty,direct_polish_clean_01_direct_polish_normal_rect_section_unlock_g0_v01
191,普通,lock,95,1,1,rhythm_normal_recovery_novelty,direct_pure_normal_extra_02_18_direct_normal_pure_extra_rect_lock_buckle_g20_v06
192,hole,hole_rescue,54,1,2,hole_stage_chain,hole_candidate_063_tall_20x30_lock
193,普通,shape_ocean,102,1,1,rhythm_normal_recovery_novelty,r2_outer_strong_005_r2_006_a401_procmask_61_onion_maskproceduralvertical_30x40-mainoceanstarfishtall
194,普通,dense,87,1,1,rhythm_normal_recovery_novelty,direct_pure_normal_extra_01_11_direct_normal_pure_extra_rect_dense_weave_g16_v02
195,普通,sweep,106,1,1,rhythm_normal_recovery_novelty,direct_normal_topup_08_direct_normal_topup_rect_sweep_g6_v01
196,普通,lock,135,3,3,rhythm_veryhard,direct_polish_clean_13_direct_polish_normal_rect_core_burst_g1_v02
197,普通,maze,83,1,1,rhythm_normal_recovery_novelty,direct_pure_topup_05_24_direct_normal_pure_rect_maze_long_chain_g11_v06
198,普通,shape_object,105,1,1,rhythm_normal_recovery_novelty,r2_outer_strong_005_r2_006_a401_procmask_104_onion_maskproceduralvertical_30x42-maindistinctplugtall
199,普通,section,108,1,1,rhythm_normal_recovery_novelty,direct_normal_42_direct_normal_rect_section_unlock_g4_v05
200,普通,section,106,1,1,rhythm_normal_recovery_novelty,direct_normal_topup_06_direct_normal_topup_rect_stair_push_g6_v01
201,hole,hole_rescue,56,1,2,hole_stage_chain,hole_candidate_037_std_26x24_section
202,普通,dense,94,1,1,rhythm_normal_recovery_novelty,direct_pure_topup_06_09_direct_normal_pure_rect_outer_shell_g7_v08
203,普通,shape_ocean,103,1,1,rhythm_normal_recovery_novelty,r2_outer_strong_005_r2_006_a401_procmask_63_onion_maskproceduralvertical_30x42-mainoceanflipperstall
204,普通,section,107,2,2,rhythm_hard,direct_normal_67_direct_normal_rect_dual_zone_g0_v07
205,普通,sweep,111,1,1,rhythm_normal_recovery_novelty,direct_normal_131_direct_normal_rect_outer_shell_g1_v14
206,普通,lock,103,1,1,rhythm_normal_recovery_novelty,direct_normal_topup_04_direct_normal_topup_rect_core_burst_g6_v01
207,普通,shape_music,103,1,1,rhythm_normal_recovery_novelty,r2_outer_strong_005_r2_006_a401_procmask_supp_05_onion_maskfinalsupplement_30x42-mainmusicheadphonestall
208,普通,section,111,2,2,rhythm_hard,direct_normal_12_direct_normal_rect_section_unlock_g1_v02
209,普通,lock,157,3,3,rhythm_veryhard,direct_pure_topup_08_08_direct_polish_hard_pure_rect_lock_buckle_g12_v04
210,普通,section,113,1,1,rhythm_normal_recovery_novelty,direct_normal_149_direct_normal_rect_quasi_symmetry_g2_v15
211,普通,sweep,103,1,1,rhythm_normal_recovery_novelty,direct_normal_135_direct_normal_rect_sweep_g1_v14
212,普通,maze,85,1,1,rhythm_normal_recovery_novelty,direct_pure_normal_extra_01_16_direct_normal_pure_extra_rect_maze_long_chain_g16_v02
213,普通,shape_nature,106,1,1,rhythm_normal_recovery_novelty,r2_outer_strong_005_r2_006_a401_procmask_07_onion_maskproceduralvertical_30x42-maincactustall
214,普通,lock,105,2,2,rhythm_hard,direct_normal_66_direct_normal_rect_core_burst_g0_v07
215,普通,dense,90,1,1,rhythm_normal_recovery_novelty,direct_pure_topup_05_12_direct_normal_pure_rect_dense_weave_g10_v05
216,普通,section,144,3,3,rhythm_veryhard,direct_pure_topup_09_08_direct_polish_hard_pure_rect_stair_push_g14_v06
217,hole,hole_rescue,56,1,2,hole_stage_chain,hole_candidate_072_wide_28x22_lock
218,普通,shape_vehicle,106,1,1,rhythm_normal_recovery_novelty,r2_outer_strong_005_r2_006_a401_procmask_16_onion_maskproceduralvertical_30x42-maintrainfronttall
219,普通,section,105,1,1,rhythm_normal_recovery_novelty,direct_normal_topup_17_direct_normal_topup_rect_section_unlock_g8_v03
220,普通,lock,80,1,1,rhythm_normal_recovery_novelty,direct_pure_normal_extra_02_10_direct_normal_pure_extra_rect_lock_buckle_g19_v05
221,普通,dense,109,1,1,rhythm_normal_recovery_novelty,direct_normal_topup_11_direct_normal_topup_rect_dense_weave_g7_v02
222,普通,lock,104,1,1,rhythm_normal_recovery_novelty,direct_normal_26_direct_normal_rect_core_burst_g2_v03
223,普通,shape_music,103,1,1,rhythm_normal_recovery_novelty,r2_outer_strong_005_r2_006_a401_procmask_supp_08_onion_maskfinalsupplement_30x42-mainmusicdrumtall
224,普通,section,108,2,2,rhythm_hard,direct_normal_27_direct_normal_rect_dual_zone_g2_v03
225,hole,hole_rescue,57,1,2,hole_stage_chain,hole_topup_022_topup_std_22x28_maze
226,普通,section,105,1,1,rhythm_normal_recovery_novelty,direct_normal_69_direct_normal_rect_quasi_symmetry_g0_v07
227,普通,lock,163,3,3,rhythm_veryhard,direct_polish_hard_02_direct_polish_hard_rect_lock_buckle_g4_v01
228,普通,shape_magic,109,1,1,rhythm_normal_recovery_novelty,r2_outer_strong_005_r2_006_a401_procmask_97_long_maskproceduralvertical_30x42-maindistinctghosttall
229,普通,section,107,2,2,rhythm_hard,direct_normal_152_direct_normal_rect_section_unlock_g3_v16
230,普通,sweep,101,1,1,rhythm_normal_recovery_novelty,direct_pure_topup_04_05_direct_normal_pure_rect_sweep_g6_v01
231,普通,maze,103,1,1,rhythm_normal_recovery_novelty,direct_pure_normal_extra_03_08_direct_normal_pure_extra_rect_maze_long_chain_g15_v07
232,普通,lock,143,2,2,rhythm_hard,direct_polish_clean_04_direct_polish_normal_rect_core_burst_g0_v01
233,普通,shape_object,108,1,1,rhythm_normal_recovery_novelty,r2_outer_strong_005_r2_006_a401_procmask_110_onion_maskproceduralvertical_34x46-transitiondistinctscissorstall
234,普通,sweep,54,1,1,rhythm_normal_recovery_novelty,nomask_style_expansion_16_zig_river_a
235,hole,hole_rescue,58,1,2,hole_stage_chain,hole_topup_045_topup_wide_28x22_dual
236,普通,section,107,2,2,rhythm_hard,direct_normal_topup_47_direct_normal_topup_rect_quasi_symmetry_g11_v06
237,普通,lock,104,1,1,rhythm_normal_recovery_novelty,direct_normal_71_direct_normal_rect_outer_shell_g1_v08
238,普通,shape_character,108,1,1,rhythm_normal_recovery_novelty,r2_outer_strong_005_r2_006_a401_procmask_15_onion_maskproceduralvertical_30x42-mainsnowmantall
239,普通,section,171,4,4,rhythm_extreme,direct_polish_hard_19_direct_polish_hard_rect_section_unlock_g6_v03
240,普通,section,117,1,1,rhythm_normal_recovery_novelty,direct_polish_clean_05_direct_polish_normal_rect_dual_zone_g0_v01
241,普通,sweep,120,1,1,rhythm_normal_recovery_novelty,direct_normal_115_direct_normal_rect_sweep_g5_v12
242,hole,hole_rescue,58,1,2,hole_stage_chain,hole_candidate_073_wide_28x22_section
243,普通,shape_space,111,1,1,rhythm_normal_recovery_novelty,r2_outer_strong_005_r2_006_a401_procmask_23_onion_maskproceduralvertical_30x42-mainastronautmascottall
244,普通,section,115,1,1,rhythm_normal_recovery_novelty,direct_normal_topup_62_direct_normal_topup_rect_stair_push_g7_v08
245,普通,lock,150,2,2,rhythm_hard,direct_polish_clean_22_direct_polish_normal_rect_core_burst_g2_v03
246,普通,maze,109,1,1,rhythm_normal_recovery_novelty,direct_normal_150_direct_normal_rect_maze_long_chain_g2_v15
247,普通,shape_object,109,1,1,rhythm_normal_recovery_novelty,r2_outer_strong_005_r2_006_a401_procmask_103_onion_maskproceduralvertical_28x42-maindistinctmittentall
248,普通,section,102,1,1,rhythm_normal_recovery_novelty,direct_normal_07_direct_normal_rect_dual_zone_g0_v01
249,普通,lock,137,2,2,rhythm_hard,direct_polish_clean_20_direct_polish_normal_rect_lock_buckle_g2_v03
250,普通,dense,107,1,1,rhythm_normal_recovery_novelty,direct_normal_134_direct_normal_rect_dense_weave_g1_v14
251,hole,hole_rescue,59,1,2,hole_stage_chain,hole_candidate_047_std_28x24_shell
252,普通,lock,147,2,2,rhythm_hard,direct_pure_topup_09_06_direct_polish_hard_pure_rect_core_burst_g14_v06
253,普通,shape_space,111,1,1,rhythm_normal_recovery_novelty,r2_outer_strong_005_r2_006_a401_procmask_supp_01_onion_maskfinalsupplement_30x42-mainspacesaturnicontall
254,普通,section,101,1,1,rhythm_normal_recovery_novelty,direct_normal_topup_38_direct_normal_topup_rect_stair_push_g10_v05
255,普通,dense,110,1,1,rhythm_normal_recovery_novelty,direct_normal_151_direct_normal_rect_outer_shell_g3_v16
256,普通,section,159,3,3,rhythm_veryhard,direct_polish_hard_07_direct_polish_hard_rect_quasi_symmetry_g4_v01
257,普通,lock,107,1,1,rhythm_normal_recovery_novelty,direct_normal_153_direct_normal_rect_lock_buckle_g3_v16
258,普通,shape_ocean,110,1,1,rhythm_normal_recovery_novelty,r2_outer_strong_005_r2_006_a401_procmask_64_onion_maskproceduralvertical_28x44-mainoceanseaweedtall
259,普通,sweep,126,1,1,rhythm_normal_recovery_novelty,direct_pure_topup_10_18_direct_polish_hard_pure_rect_outer_shell_g11_v09
260,普通,section,101,1,1,rhythm_normal_recovery_novelty,direct_normal_78_direct_normal_rect_stair_push_g1_v08
261,普通,sweep,120,1,1,rhythm_normal_recovery_novelty,direct_normal_75_direct_normal_rect_sweep_g1_v08
262,普通,dense,101,1,1,rhythm_normal_recovery_novelty,direct_pure_topup_05_20_direct_normal_pure_rect_dense_weave_g11_v06
263,普通,shape_toolui,115,1,1,rhythm_normal_recovery_novelty,r2_outer_strong_005_r2_006_a401_procmask_supp_13_long_maskfinalsupplement_30x42-mainuicameratall
264,普通,lock,157,2,2,rhythm_hard,direct_pure_topup_10_12_direct_polish_hard_pure_rect_core_burst_g11_v09
265,普通,maze,104,1,1,rhythm_normal_recovery_novelty,direct_normal_70_direct_normal_rect_maze_long_chain_g0_v07
266,普通,section,97,1,1,rhythm_normal_recovery_novelty,direct_pure_topup_04_10_direct_normal_pure_rect_section_unlock_g7_v02
267,hole,hole_rescue,61,1,2,hole_stage_chain,hole_candidate_025_std_22x28_section
268,普通,shape_magic,118,1,1,rhythm_normal_recovery_novelty,r2_outer_strong_005_r2_006_a401_procmask_87_onion_maskproceduralvertical_34x50-transitionmagicbroomtall
269,普通,lock,203,4,4,rhythm_extreme,direct_advanced_17_direct_advanced_veryhard_rect_lock_buckle_g2_v03
270,普通,section,114,1,1,rhythm_normal_recovery_novelty,direct_normal_147_direct_normal_rect_dual_zone_g2_v15
271,普通,maze,114,1,1,rhythm_normal_recovery_novelty,direct_pure_topup_05_16_direct_normal_pure_rect_maze_long_chain_g10_v05
272,普通,lock,111,1,1,rhythm_normal_recovery_novelty,direct_normal_96_direct_normal_rect_core_burst_g3_v10
273,普通,shape_toolui,114,1,1,rhythm_normal_recovery_novelty,r2_outer_strong_005_r2_006_a401_procmask_supp_14_onion_maskfinalsupplement_30x42-mainuichatbubbletall
274,普通,section,110,2,2,rhythm_hard,direct_normal_19_direct_normal_rect_quasi_symmetry_g1_v02
275,普通,dense,106,1,1,rhythm_normal_recovery_novelty,direct_normal_04_direct_normal_rect_dense_weave_g0_v01
276,普通,section,201,4,4,rhythm_extreme,direct_advanced_20_direct_advanced_veryhard_rect_dual_zone_g2_v03
277,hole,hole_rescue,61,1,2,hole_stage_chain,hole_topup_030_topup_std_26x26_dual
278,普通,shape_ocean,119,1,1,rhythm_normal_recovery_novelty,r2_outer_strong_005_r2_006_a401_procmask_98_long_maskproceduralvertical_32x44-maindistinctoctopustall
279,普通,section,107,1,1,rhythm_normal_recovery_novelty,direct_normal_topup_14_direct_normal_topup_rect_stair_push_g7_v02
280,普通,lock,107,1,1,rhythm_normal_recovery_novelty,direct_normal_113_direct_normal_rect_lock_buckle_g5_v12
281,普通,sweep,107,1,1,rhythm_normal_recovery_novelty,direct_normal_95_direct_normal_rect_sweep_g3_v10
282,普通,dense,107,1,1,rhythm_normal_recovery_novelty,direct_normal_114_direct_normal_rect_dense_weave_g5_v12
283,普通,shape_toolui,118,1,1,rhythm_normal_recovery_novelty,r2_outer_strong_005_r2_006_a401_procmask_supp_10_long_maskfinalsupplement_28x42-maintoolbatterytall
284,普通,lock,167,2,2,rhythm_hard,direct_pure_topup_07_24_direct_polish_hard_pure_rect_core_burst_g11_v03
285,hole,hole_rescue,62,1,2,hole_stage_chain,hole_topup_025_topup_std_24x28_maze
286,普通,section,107,1,1,rhythm_normal_recovery_novelty,direct_normal_topup_39_direct_normal_topup_rect_quasi_symmetry_g10_v05
287,普通,lock,280,4,4,rhythm_extreme,direct_advanced_57_direct_advanced_extreme_rect_lock_buckle_g5_v02
288,普通,shape_ocean,118,1,1,rhythm_normal_recovery_novelty,r2_outer_strong_005_r2_006_a401_procmask_69_onion_maskproceduralvertical_34x48-transitionoceandivingmasktall
289,普通,section,115,2,2,rhythm_hard,direct_normal_38_direct_normal_rect_stair_push_g3_v04
290,普通,section,114,1,1,rhythm_normal_recovery_novelty,direct_normal_82_direct_normal_rect_section_unlock_g2_v09
291,普通,dense,106,1,1,rhythm_normal_recovery_novelty,direct_normal_topup_43_direct_normal_topup_rect_dense_weave_g11_v06
292,hole,hole_rescue,62,1,2,hole_stage_chain,hole_candidate_040_std_26x26_section
293,普通,shape_landmark,119,1,1,rhythm_normal_recovery_novelty,r2_outer_strong_005_r2_006_a401_procmask_125_onion_maskproceduralvertical_34x50-transitionwidelandmark01tall
294,普通,sweep,110,1,1,rhythm_normal_recovery_novelty,direct_normal_155_direct_normal_rect_sweep_g3_v16
295,普通,section,105,1,1,rhythm_normal_recovery_novelty,direct_normal_topup_53_direct_normal_topup_rect_dual_zone_g6_v07
296,普通,lock,163,2,2,rhythm_hard,direct_pure_topup_10_02_direct_polish_hard_pure_rect_core_burst_g10_v08
297,普通,section,114,1,1,rhythm_normal_recovery_novelty,direct_normal_128_direct_normal_rect_stair_push_g0_v13
298,普通,shape_magic,122,1,1,rhythm_normal_recovery_novelty,r2_outer_strong_005_r2_006_a401_procmask_43_long_maskproceduralvertical_30x42-maintreasurechesttall
299,普通,lock,318,4,4,rhythm_extreme,direct_advanced_51_direct_advanced_extreme_rect_core_burst_g4_v01
300,普通,maze,110,1,1,rhythm_normal_recovery_novelty,direct_normal_110_direct_normal_rect_maze_long_chain_g4_v11
301,hole,hole_rescue,65,1,3,hole_stage_chain,hole_topup_033_topup_std_26x28_dual
302,普通,dense,102,1,1,rhythm_normal_recovery_novelty,direct_normal_topup_51_direct_normal_topup_rect_dense_weave_g6_v07
303,普通,shape_landmark,120,1,1,rhythm_normal_recovery_novelty,r2_outer_strong_005_r2_006_a401_procmask_31_onion_maskproceduralvertical_30x44-mainleaningtowertall
304,普通,section,122,1,1,rhythm_normal_recovery_novelty,direct_normal_138_direct_normal_rect_stair_push_g1_v14
305,普通,lock,181,2,2,rhythm_hard,direct_advanced_19_direct_advanced_veryhard_rect_core_burst_g2_v03
306,普通,maze,108,1,1,rhythm_normal_recovery_novelty,direct_pure_normal_extra_01_24_direct_normal_pure_extra_rect_maze_long_chain_g17_v03
307,普通,shape_ocean,122,1,1,rhythm_normal_recovery_novelty,r2_outer_strong_005_r2_006_a401_procmask_72_onion_maskproceduralvertical_36x48-transitionoceanseaturtletall
308,普通,section,106,1,1,rhythm_normal_recovery_novelty,direct_pure_topup_05_15_direct_normal_pure_rect_dual_zone_g10_v05
309,普通,lock,200,2,2,rhythm_hard,direct_advanced_41_direct_advanced_veryhard_rect_lock_buckle_g1_v06
310,普通,section,111,1,1,rhythm_normal_recovery_novelty,direct_normal_58_direct_normal_rect_stair_push_g5_v06
311,普通,maze,103,1,1,rhythm_normal_recovery_novelty,direct_pure_topup_06_16_direct_normal_pure_rect_maze_long_chain_g7_v08
312,普通,lock,134,2,2,rhythm_hard,direct_pure_topup_09_22_direct_polish_hard_pure_rect_outer_shell_g9_v07
313,普通,shape_music,121,1,1,rhythm_normal_recovery_novelty,r2_outer_strong_005_r2_006_a401_procmask_supp_06_onion_maskfinalsupplement_30x42-mainmusicvinylrecordtall
314,普通,dense,112,1,1,rhythm_normal_recovery_novelty,direct_normal_101_direct_normal_rect_outer_shell_g4_v11
315,普通,sweep,116,1,1,rhythm_normal_recovery_novelty,direct_normal_topup_80_direct_normal_topup_rect_sweep_g9_v10
316,普通,section,318,4,4,rhythm_extreme,direct_advanced_60_direct_advanced_extreme_rect_dual_zone_g5_v02
317,hole,hole_rescue,65,1,3,hole_stage_chain,hole_candidate_053_std_28x28_maze
318,普通,shape_character,126,1,1,rhythm_normal_recovery_novelty,r2_outer_strong_005_r2_006_a401_procmask_38_onion_maskproceduralvertical_30x42-mainbunnytall
319,普通,lock,115,1,1,rhythm_normal_recovery_novelty,direct_normal_143_direct_normal_rect_lock_buckle_g2_v15
320,普通,section,114,1,1,rhythm_normal_recovery_novelty,direct_normal_18_direct_normal_rect_stair_push_g1_v02
321,普通,maze,108,1,1,rhythm_normal_recovery_novelty,direct_normal_100_direct_normal_rect_maze_long_chain_g3_v10
322,普通,dense,101,1,1,rhythm_normal_recovery_novelty,direct_normal_51_direct_normal_rect_outer_shell_g5_v06
323,普通,shape_ocean,124,1,1,rhythm_normal_recovery_novelty,r2_outer_strong_005_r2_006_a401_procmask_113_onion_maskproceduralvertical_36x44-transitiondistinctcrabtall
324,普通,section,186,2,2,rhythm_hard,direct_advanced_32_direct_advanced_veryhard_rect_section_unlock_g3_v04
325,hole,hole_rescue,66,1,3,hole_stage_chain,hole_candidate_044_std_26x28_dense
326,普通,lock,104,1,1,rhythm_normal_recovery_novelty,direct_normal_topup_12_direct_normal_topup_rect_core_burst_g7_v02
327,普通,shape_landmark,131,1,1,rhythm_normal_recovery_novelty,r2_outer_strong_005_r2_006_a401_procmask_129_long_maskproceduralvertical_38x52-transitionwidelandmark06tall
328,普通,section,165,2,2,rhythm_hard,direct_polish_hard_24_direct_polish_hard_rect_stair_push_g6_v03
329,普通,lock,263,4,4,rhythm_extreme,direct_advanced_49_direct_advanced_extreme_rect_lock_buckle_g4_v01
330,普通,section,113,1,1,rhythm_normal_recovery_novelty,direct_normal_77_direct_normal_rect_dual_zone_g1_v08
331,普通,sweep,147,1,1,rhythm_normal_recovery_novelty,direct_pure_topup_08_16_direct_polish_hard_pure_rect_outer_shell_g12_v04
332,普通,dense,118,1,1,rhythm_normal_recovery_novelty,direct_polish_clean_12_direct_polish_normal_rect_dense_weave_g1_v02
333,普通,shape_ocean,131,1,1,rhythm_normal_recovery_novelty,r2_outer_strong_005_r2_006_a401_procmask_70_long_maskproceduralvertical_34x50-transitionoceanoxygentanktall
334,普通,lock,207,2,2,rhythm_hard,direct_advanced_03_direct_advanced_veryhard_rect_core_burst_g0_v01
335,hole,hole_rescue,67,1,3,hole_stage_chain,hole_topup_049_topup_wide_30x24_maze
336,普通,section,216,4,4,rhythm_extreme,direct_advanced_28_direct_advanced_veryhard_rect_dual_zone_g3_v04
337,普通,maze,103,1,1,rhythm_normal_recovery_novelty,direct_normal_20_direct_normal_rect_maze_long_chain_g1_v02
338,普通,shape_landmark,134,1,1,rhythm_normal_recovery_novelty,r2_outer_strong_005_r2_006_a401_procmask_128_long_maskproceduralvertical_36x50-transitionwidelandmark05tall
339,普通,lock,110,1,1,rhythm_normal_recovery_novelty,direct_normal_topup_50_direct_normal_topup_rect_lock_buckle_g6_v07
340,普通,section,110,1,1,rhythm_normal_recovery_novelty,direct_normal_132_direct_normal_rect_section_unlock_g1_v14
341,普通,sweep,154,1,1,rhythm_normal_recovery_novelty,direct_pure_topup_08_14_direct_polish_hard_pure_rect_sweep_g12_v04
342,hole,hole_rescue,67,1,3,hole_stage_chain,hole_topup_026_topup_std_24x30_dense
343,普通,shape_art,135,1,1,rhythm_normal_recovery_novelty,r2_outer_strong_005_r2_006_a401_procmask_26_long_maskproceduralvertical_30x42-mainclassicportraittall
344,普通,section,286,2,2,rhythm_hard,direct_advanced_69_direct_advanced_extreme_rect_stair_push_g6_v03
345,普通,sweep,115,1,1,rhythm_normal_recovery_novelty,direct_normal_105_direct_normal_rect_sweep_g4_v11
346,普通,dense,112,1,1,rhythm_normal_recovery_novelty,direct_normal_24_direct_normal_rect_dense_weave_g2_v03
347,普通,lock,189,4,4,rhythm_extreme,direct_polish_hard_22_direct_polish_hard_rect_core_burst_g6_v03
348,普通,shape_landmark,132,1,1,rhythm_normal_recovery_novelty,r2_outer_strong_005_r2_006_a401_procmask_52_long_maskproceduralvertical_36x50-transitionpagodatall
349,普通,maze,347,2,2,rhythm_hard,direct_polish_extreme_long_02_direct_polish_extreme_rect_long_corridor_g9_v01
350,普通,section,120,1,1,rhythm_normal_recovery_novelty,direct_polish_clean_23_direct_polish_normal_rect_dual_zone_g2_v03
351,hole,hole_rescue,70,1,3,hole_stage_chain,hole_candidate_080_wide_30x26_dual
352,普通,lock,154,2,2,rhythm_hard,direct_pure_topup_10_10_direct_polish_hard_pure_rect_lock_buckle_g11_v09
353,普通,shape_magic,141,1,1,rhythm_normal_recovery_novelty,r2_outer_strong_005_r2_006_a401_procmask_89_long_maskproceduralvertical_36x50-transitionmagicknighthelmettall
354,普通,section,126,1,1,rhythm_normal_recovery_novelty,direct_polish_clean_07_direct_polish_normal_rect_quasi_symmetry_g0_v01
355,普通,dense,108,1,1,rhythm_normal_recovery_novelty,direct_normal_124_direct_normal_rect_dense_weave_g0_v13
356,普通,section,148,2,2,rhythm_hard,direct_pure_topup_10_09_direct_polish_hard_pure_rect_section_unlock_g11_v09
357,普通,dense,103,1,1,rhythm_normal_recovery_novelty,direct_normal_21_direct_normal_rect_outer_shell_g2_v03
358,普通,shape_ocean,137,1,1,rhythm_normal_recovery_novelty,r2_outer_strong_005_r2_006_a401_procmask_73_onion_maskproceduralvertical_38x50-transitionoceanlobstertall
359,普通,section,270,4,4,rhythm_extreme,direct_advanced_61_direct_advanced_extreme_rect_stair_push_g5_v02
360,普通,maze,118,1,1,rhythm_normal_recovery_novelty,direct_normal_140_direct_normal_rect_maze_long_chain_g1_v14
361,普通,sweep,177,1,1,rhythm_normal_recovery_novelty,direct_polish_hard_17_direct_polish_hard_rect_sweep_g5_v02
362,普通,dense,113,1,1,rhythm_normal_recovery_novelty,direct_normal_topup_27_direct_normal_topup_rect_dense_weave_g9_v04
363,普通,shape_landmark,138,1,1,rhythm_normal_recovery_novelty,r2_outer_strong_005_r2_006_a401_procmask_56_onion_maskproceduralvertical_34x50-transitionobelisktall
364,普通,sweep,166,1,1,rhythm_normal_recovery_novelty,direct_pure_topup_07_10_direct_polish_hard_pure_rect_outer_shell_g9_v01
365,普通,lock,204,2,2,rhythm_hard,direct_advanced_43_direct_advanced_veryhard_rect_core_burst_g1_v06
366,普通,section,139,1,1,rhythm_normal_recovery_novelty,direct_polish_clean_24_direct_polish_normal_rect_stair_push_g2_v03
367,hole,hole_rescue,72,1,3,hole_stage_chain,hole_candidate_078_wide_30x26_lock
368,普通,shape_magic,139,1,1,rhythm_normal_recovery_novelty,r2_outer_strong_005_r2_006_a401_procmask_86_onion_maskproceduralvertical_36x48-transitionmagiccauldrontall
369,普通,lock,198,2,2,rhythm_hard,direct_advanced_09_direct_advanced_veryhard_rect_lock_buckle_g1_v02
370,普通,section,149,1,1,rhythm_normal_recovery_novelty,direct_pure_topup_09_19_direct_polish_hard_pure_rect_quasi_symmetry_g9_v07
371,普通,maze,100,1,1,rhythm_normal_recovery_novelty,direct_pure_normal_extra_01_08_direct_normal_pure_extra_rect_maze_long_chain_g15_v01
372,普通,section,147,2,2,rhythm_hard,direct_polish_clean_15_direct_polish_normal_rect_stair_push_g1_v02
373,普通,shape_ocean,142,1,1,rhythm_normal_recovery_novelty,r2_outer_strong_005_r2_006_a401_procmask_74_onion_maskproceduralvertical_34x48-transitionoceanpearlclamtall
374,普通,dense,115,1,1,rhythm_normal_recovery_novelty,direct_normal_84_direct_normal_rect_dense_weave_g2_v09
375,普通,sweep,157,1,1,rhythm_normal_recovery_novelty,direct_pure_topup_10_16_direct_polish_hard_pure_rect_sweep_g11_v09
376,普通,lock,306,4,4,rhythm_extreme,direct_advanced_67_direct_advanced_extreme_rect_core_burst_g6_v03
377,hole,hole_rescue,72,1,3,hole_stage_chain,hole_candidate_085_wide_32x24_section
378,普通,shape_landmark,144,1,1,rhythm_normal_recovery_novelty,r2_outer_strong_005_r2_006_a401_procmask_55_onion_maskproceduralvertical_36x50-transitionbridgetowertall
379,普通,sweep,157,1,1,rhythm_normal_recovery_novelty,direct_pure_topup_08_04_direct_polish_hard_pure_rect_sweep_g11_v03
380,普通,section,144,1,1,rhythm_normal_recovery_novelty,direct_pure_topup_08_07_direct_polish_hard_pure_rect_section_unlock_g12_v04
381,普通,dense,145,1,1,rhythm_normal_recovery_novelty,direct_pure_topup_10_11_direct_polish_hard_pure_rect_dense_weave_g11_v09
382,普通,section,150,1,1,rhythm_normal_recovery_novelty,direct_pure_topup_10_14_direct_polish_hard_pure_rect_stair_push_g11_v09
383,普通,shape_ocean,142,1,1,rhythm_normal_recovery_novelty,r2_outer_strong_005_r2_006_a401_procmask_57_onion_maskproceduralvertical_36x50-transitionsailboattall
384,普通,lock,172,2,2,rhythm_hard,direct_polish_hard_04_direct_polish_hard_rect_core_burst_g4_v01
385,hole,hole_rescue,72,1,3,hole_stage_chain,hole_candidate_068_tall_28x30_dual
386,普通,dense,116,1,1,rhythm_normal_recovery_novelty,direct_normal_61_direct_normal_rect_outer_shell_g0_v07
387,普通,shape_vehicle,152,1,1,rhythm_normal_recovery_novelty,r2_outer_strong_005_r2_006_a401_procmask_136_onion_maskproceduralvertical_38x52-transitioncarrier02tall
388,普通,section,305,2,2,rhythm_hard,direct_advanced_70_direct_advanced_extreme_rect_quasi_symmetry_g6_v03
389,普通,lock,181,4,4,rhythm_extreme,direct_pure_topup_07_12_direct_polish_hard_pure_rect_lock_buckle_g10_v02
390,普通,section,136,1,1,rhythm_normal_recovery_novelty,direct_pure_topup_08_11_direct_polish_hard_pure_rect_dual_zone_g12_v04
391,普通,sweep,137,1,1,rhythm_normal_recovery_novelty,direct_polish_clean_08_direct_polish_normal_rect_sweep_g0_v01
392,hole,hole_rescue,75,1,3,hole_stage_chain,hole_candidate_042_std_26x28_lock
393,普通,shape_magic,157,1,1,rhythm_normal_recovery_novelty,r2_outer_strong_005_r2_006_a401_procmask_51_long_maskproceduralvertical_36x50-transitioncastlegatetall
394,普通,lock,214,2,2,rhythm_hard,direct_advanced_35_direct_advanced_veryhard_rect_core_burst_g0_v05
395,普通,dense,118,1,1,rhythm_normal_recovery_novelty,direct_normal_94_direct_normal_rect_dense_weave_g3_v10
396,普通,section,181,4,4,rhythm_extreme,direct_advanced_16_direct_advanced_veryhard_rect_section_unlock_g1_v02
397,普通,sweep,105,1,1,rhythm_normal_recovery_novelty,direct_normal_topup_40_direct_normal_topup_rect_sweep_g10_v05
398,普通,shape_landmark,163,1,1,rhythm_normal_recovery_novelty,r2_outer_strong_005_r2_006_a401_procmask_53_long_maskproceduralvertical_36x50-transitiondomepalacetall
399,普通,section,144,1,1,rhythm_normal_recovery_novelty,direct_pure_topup_08_01_direct_polish_hard_pure_rect_dual_zone_g11_v03
400,普通,section,143,1,1,rhythm_normal_recovery_novelty,direct_pure_topup_09_18_direct_polish_hard_pure_rect_stair_push_g9_v07
401,hole,hole_rescue,73,1,3,hole_stage_chain,hole_candidate_088_wide_32x26_section
402,普通,dense,127,1,1,rhythm_normal_recovery_novelty,direct_polish_clean_03_direct_polish_normal_rect_dense_weave_g0_v01
403,普通,shape_vehicle,170,1,1,rhythm_normal_recovery_novelty,r2_outer_strong_005_r2_006_a401_procmask_137_long_maskproceduralvertical_40x50-transitioncarrier03tall
404,普通,lock,155,2,2,rhythm_hard,direct_pure_topup_10_20_direct_polish_hard_pure_rect_lock_buckle_g12_v10
405,普通,maze,170,1,1,rhythm_normal_recovery_novelty,direct_pure_topup_10_17_direct_polish_hard_pure_rect_maze_long_chain_g11_v09
406,普通,dense,84,1,1,rhythm_normal_recovery_novelty,direct_pure_topup_05_17_direct_normal_pure_rect_outer_shell_g11_v06
407,普通,lock,196,4,4,rhythm_extreme,direct_advanced_11_direct_advanced_veryhard_rect_core_burst_g1_v02
408,普通,shape_nature,167,1,1,rhythm_normal_recovery_novelty,r2_outer_strong_005_r2_006_a401_procmask_114_onion_maskproceduralvertical_36x44-transitiondistinctbutterflytall
409,普通,section,145,2,2,rhythm_hard,direct_polish_hard_01_direct_polish_hard_rect_section_unlock_g4_v01
410,普通,section,139,1,1,rhythm_normal_recovery_novelty,direct_pure_topup_10_13_direct_polish_hard_pure_rect_dual_zone_g11_v09
411,普通,sweep,114,1,1,rhythm_normal_recovery_novelty,direct_normal_145_direct_normal_rect_sweep_g2_v15
412,普通,section,157,2,2,rhythm_hard,direct_pure_topup_10_24_direct_polish_hard_pure_rect_stair_push_g12_v10
413,普通,shape_landmark,179,1,1,rhythm_normal_recovery_novelty,r2_outer_strong_005_r2_006_a401_procmask_140_long_maskproceduralvertical_42x58-bigmegamonument05tall
414,普通,sweep,107,1,1,rhythm_normal_recovery_novelty,direct_normal_25_direct_normal_rect_sweep_g2_v03
415,普通,section,141,1,1,rhythm_normal_recovery_novelty,direct_pure_topup_08_13_direct_polish_hard_pure_rect_quasi_symmetry_g12_v04
416,普通,lock,149,2,2,rhythm_hard,direct_pure_topup_08_18_direct_polish_hard_pure_rect_lock_buckle_g13_v05
417,hole,hole_rescue,75,1,3,hole_stage_chain,hole_topup_016_topup_tall_28x30_shell
418,普通,shape_space,186,1,1,rhythm_normal_recovery_novelty,r2_outer_strong_005_r2_006_a401_procmask_58_onion_maskproceduralvertical_40x56-biggiantrobottall
419,普通,section,203,4,4,rhythm_extreme,direct_advanced_40_direct_advanced_veryhard_rect_section_unlock_g0_v05
420,普通,dense,143,1,1,rhythm_normal_recovery_novelty,direct_pure_topup_10_01_direct_polish_hard_pure_rect_dense_weave_g10_v08
421,普通,sweep,180,1,1,rhythm_normal_recovery_novelty,direct_polish_hard_08_direct_polish_hard_rect_sweep_g4_v01
422,普通,dense,113,1,1,rhythm_normal_recovery_novelty,direct_normal_14_direct_normal_rect_dense_weave_g1_v02
423,普通,shape_vehicle,186,1,1,rhythm_normal_recovery_novelty,r2_outer_strong_005_r2_006_a401_procmask_144_onion_maskproceduralvertical_42x60-bigcarrier04tall
424,普通,maze,129,1,1,rhythm_normal_recovery_novelty,direct_polish_clean_18_direct_polish_normal_rect_maze_long_chain_g1_v02
425,普通,lock,213,2,2,rhythm_hard,direct_advanced_33_direct_advanced_veryhard_rect_lock_buckle_g0_v05
426,hole,hole_rescue,77,1,3,hole_stage_chain,hole_topup_050_topup_wide_30x26_dense
427,普通,shape_nature,191,1,1,rhythm_normal_recovery_novelty,r2_outer_strong_005_r2_006_a401_procmask_147_onion_maskproceduralvertical_42x60-biggrove02tall
428,普通,section,146,1,1,rhythm_normal_recovery_novelty,direct_pure_topup_10_03_direct_polish_hard_pure_rect_dual_zone_g10_v08
429,普通,dense,205,2,2,rhythm_hard,direct_advanced_10_direct_advanced_veryhard_rect_dense_weave_g1_v02
430,普通,section,147,1,1,rhythm_normal_recovery_novelty,direct_pure_topup_08_22_direct_polish_hard_pure_rect_stair_push_g13_v05
431,普通,dense,112,1,1,rhythm_normal_recovery_novelty,direct_normal_54_direct_normal_rect_dense_weave_g5_v06
432,普通,lock,164,2,2,rhythm_hard,direct_polish_hard_13_direct_polish_hard_rect_core_burst_g5_v02
433,普通,shape_vehicle,195,1,1,rhythm_normal_recovery_novelty,r2_outer_strong_005_r2_006_a401_procmask_146_long_maskproceduralvertical_46x60-bigcarrier06tall
434,普通,section,162,1,1,rhythm_normal_recovery_novelty,direct_pure_topup_07_11_direct_polish_hard_pure_rect_section_unlock_g10_v02
435,hole,hole_rescue,79,1,4,hole_stage_chain,hole_candidate_096_wide_34x26_lock
436,普通,lock,194,4,4,rhythm_extreme,direct_advanced_25_direct_advanced_veryhard_rect_lock_buckle_g3_v04
437,普通,section,164,1,1,rhythm_normal_recovery_novelty,direct_pure_topup_08_23_direct_polish_hard_pure_rect_quasi_symmetry_g13_v05
438,普通,shape_nature,207,1,1,rhythm_normal_recovery_novelty,r2_outer_strong_005_r2_006_a401_procmask_149_onion_maskproceduralvertical_40x60-biggrove04tall
439,普通,maze,158,1,1,rhythm_normal_recovery_novelty,direct_pure_topup_07_09_direct_polish_hard_pure_rect_maze_long_chain_g9_v01
440,普通,section,161,1,1,rhythm_normal_recovery_novelty,direct_pure_topup_08_21_direct_polish_hard_pure_rect_dual_zone_g13_v05
441,普通,sweep,105,1,1,rhythm_normal_recovery_novelty,direct_normal_topup_48_direct_normal_topup_rect_sweep_g11_v06
442,hole,hole_rescue,81,1,4,hole_stage_chain,hole_candidate_101_wide_34x28_shell
443,普通,shape_symbol,90,1,1,rhythm_normal_recovery_novelty,r2_outer_strong_005_r2_006_a401_procmask_109_onion_maskproceduralvertical_28x42-maindistinctdigit5tall
444,普通,dense,159,2,2,rhythm_hard,direct_pure_topup_09_05_direct_polish_hard_pure_rect_dense_weave_g14_v06
445,普通,sweep,197,1,1,rhythm_normal_recovery_novelty,direct_advanced_31_direct_advanced_veryhard_rect_sweep_g3_v04
446,普通,dense,136,1,1,rhythm_normal_recovery_novelty,direct_polish_clean_21_direct_polish_normal_rect_dense_weave_g2_v03
447,普通,shape_object,91,1,1,rhythm_normal_recovery_novelty,r2_outer_strong_005_r2_006_a401_procmask_105_long_maskproceduralvertical_28x42-maindistincttoothtall
448,普通,section,196,2,2,rhythm_hard,direct_advanced_46_direct_advanced_veryhard_rect_quasi_symmetry_g1_v06
449,普通,lock,181,4,4,rhythm_extreme,direct_pure_topup_07_14_direct_polish_hard_pure_rect_core_burst_g10_v02
450,普通,section,165,1,1,rhythm_normal_recovery_novelty,direct_pure_topup_10_19_direct_polish_hard_pure_rect_section_unlock_g12_v10
451,hole,hole_rescue,64,1,3,hole_stage_chain,hole_candidate_030_std_24x28_lock
452,普通,lock,154,1,1,rhythm_normal_recovery_novelty,direct_pure_topup_07_02_direct_polish_hard_pure_rect_lock_buckle_g9_v01
453,普通,shape_character,88,1,1,rhythm_normal_recovery_novelty,r2_outer_strong_005_r2_006_a401_procmask_20_long_maskproceduralvertical_30x42-mainbeanmascottall
454,普通,section,159,2,2,rhythm_hard,direct_pure_topup_09_07_direct_polish_hard_pure_rect_dual_zone_g14_v06
455,普通,dense,149,1,1,rhythm_normal_recovery_novelty,direct_pure_topup_07_23_direct_polish_hard_pure_rect_dense_weave_g11_v03
456,普通,section,224,4,4,rhythm_extreme,direct_advanced_48_direct_advanced_veryhard_rect_section_unlock_g1_v06
457,普通,sweep,117,1,1,rhythm_normal_recovery_novelty,direct_normal_topup_72_direct_normal_topup_rect_sweep_g8_v09
458,普通,shape_nature,86,1,1,rhythm_normal_recovery_novelty,r2_outer_strong_005_r2_006_a401_procmask_03_onion_maskproceduralvertical_30x42-mainpinetreetall
459,普通,section,180,1,1,rhythm_normal_recovery_novelty,direct_pure_topup_07_17_direct_polish_hard_pure_rect_quasi_symmetry_g10_v02
460,普通,lock,156,1,1,rhythm_normal_recovery_novelty,direct_pure_topup_08_10_direct_polish_hard_pure_rect_core_burst_g12_v04
461,普通,sweep,168,1,1,rhythm_normal_recovery_novelty,direct_pure_topup_07_18_direct_polish_hard_pure_rect_sweep_g10_v02
462,普通,dense,135,1,1,rhythm_normal_recovery_novelty,direct_pure_topup_08_19_direct_polish_hard_pure_rect_dense_weave_g13_v05
463,普通,shape_landmark,86,1,1,rhythm_normal_recovery_novelty,r2_outer_strong_005_r2_006_a401_procmask_28_onion_maskproceduralvertical_30x44-mainirontowertall
464,普通,lock,111,2,2,rhythm_hard,direct_normal_topup_58_direct_normal_topup_rect_lock_buckle_g7_v08
465,普通,sweep,213,1,1,rhythm_normal_recovery_novelty,direct_advanced_23_direct_advanced_veryhard_rect_sweep_g2_v03
466,普通,section,166,1,1,rhythm_normal_recovery_novelty,direct_pure_topup_07_05_direct_polish_hard_pure_rect_dual_zone_g9_v01
467,hole,hole_rescue,63,1,2,hole_stage_chain,hole_topup_031_topup_std_26x26_maze
468,普通,shape_toolui,84,1,1,rhythm_normal_recovery_novelty,r2_outer_strong_005_r2_006_a401_procmask_supp_11_onion_maskfinalsupplement_30x42-maintoolwrenchtall
469,普通,maze,366,2,2,rhythm_hard,direct_polish_extreme_long_03_direct_polish_extreme_rect_hui_spiral_g9_v01
470,普通,section,149,1,1,rhythm_normal_recovery_novelty,direct_pure_topup_09_23_direct_polish_hard_pure_rect_section_unlock_g10_v08
471,普通,sweep,106,1,1,rhythm_normal_recovery_novelty,direct_normal_topup_16_direct_normal_topup_rect_sweep_g7_v02
472,普通,section,231,2,2,rhythm_hard,direct_advanced_13_direct_advanced_veryhard_rect_stair_push_g1_v02
473,普通,shape_landmark,82,1,1,rhythm_normal_recovery_novelty,r2_outer_strong_005_r2_006_a401_procmask_32_onion_maskproceduralvertical_30x42-mainpyramidtall
474,普通,dense,178,1,1,rhythm_normal_recovery_novelty,direct_advanced_42_direct_advanced_veryhard_rect_dense_weave_g1_v06
475,普通,section,195,1,1,rhythm_normal_recovery_novelty,direct_advanced_36_direct_advanced_veryhard_rect_dual_zone_g0_v05
476,普通,lock,126,2,2,rhythm_hard,direct_normal_136_direct_normal_rect_core_burst_g1_v14
477,hole,hole_rescue,60,1,2,hole_stage_chain,hole_candidate_032_std_24x28_dense
478,普通,shape_space,86,1,1,rhythm_normal_recovery_novelty,r2_outer_strong_005_r2_006_a401_procmask_supp_02_long_maskfinalsupplement_32x42-mainspaceufoicontall
479,普通,section,185,4,4,rhythm_extreme,direct_advanced_14_direct_advanced_veryhard_rect_quasi_symmetry_g1_v02
480,普通,sweep,141,1,1,rhythm_normal_recovery_novelty,direct_pure_topup_08_24_direct_polish_hard_pure_rect_sweep_g13_v05
481,普通,maze,108,1,1,rhythm_normal_recovery_novelty,direct_normal_130_direct_normal_rect_maze_long_chain_g0_v13
482,普通,lock,150,1,1,rhythm_normal_recovery_novelty,direct_pure_topup_10_22_direct_polish_hard_pure_rect_core_burst_g12_v10
483,普通,shape_landmark,82,1,1,rhythm_normal_recovery_novelty,r2_outer_strong_005_r2_006_a401_procmask_34_long_maskproceduralvertical_30x42-mainwindmilltall
484,hole,hole_rescue,62,1,2,hole_stage_chain,hole_candidate_103_notch_24x28_section_b
485,普通,section,189,2,2,rhythm_hard,direct_advanced_44_direct_advanced_veryhard_rect_dual_zone_g1_v06
486,普通,sweep,213,1,1,rhythm_normal_recovery_novelty,direct_advanced_07_direct_advanced_veryhard_rect_sweep_g0_v01
487,普通,shape_object,84,1,1,rhythm_normal_recovery_novelty,r2_outer_strong_005_r2_006_a401_procmask_05_long_maskproceduralvertical_30x40-maintrophytall
488,普通,section,195,1,1,rhythm_normal_recovery_novelty,direct_advanced_29_direct_advanced_veryhard_rect_stair_push_g3_v04
489,普通,lock,108,2,2,rhythm_hard,direct_normal_46_direct_normal_rect_core_burst_g4_v05
490,普通,section,199,1,1,rhythm_normal_recovery_novelty,direct_advanced_24_direct_advanced_veryhard_rect_section_unlock_g2_v03
491,普通,sweep,337,1,1,rhythm_normal_recovery_novelty,direct_polish_extreme_long_04_direct_polish_extreme_rect_snake_spine_g9_v01
492,hole,hole_rescue,63,1,2,hole_stage_chain,hole_candidate_041_std_26x26_maze
493,普通,shape_object,81,1,1,rhythm_normal_recovery_novelty,r2_outer_strong_005_r2_006_a401_procmask_39_long_maskproceduralvertical_30x42-mainfoxtall
494,普通,dense,192,1,1,rhythm_normal_recovery_novelty,direct_advanced_02_direct_advanced_veryhard_rect_dense_weave_g0_v01
495,普通,sweep,97,1,1,rhythm_normal_recovery_novelty,direct_pure_topup_06_21_direct_normal_pure_rect_sweep_g8_v09
496,普通,lock,108,3,3,rhythm_veryhard,direct_normal_topup_36_direct_normal_topup_rect_core_burst_g10_v05
497,普通,dense,151,1,1,rhythm_normal_recovery_novelty,direct_polish_hard_12_direct_polish_hard_rect_dense_weave_g5_v02
498,普通,shape_nature,84,1,1,rhythm_normal_recovery_novelty,r2_outer_strong_005_r2_006_a401_procmask_118_long_maskproceduralvertical_32x42-mainleaf03tall
499,普通,section,158,1,1,rhythm_normal_recovery_novelty,direct_pure_topup_09_09_direct_polish_hard_pure_rect_quasi_symmetry_g14_v06
500,普通,section,200,1,1,rhythm_normal_recovery_novelty,direct_advanced_45_direct_advanced_veryhard_rect_stair_push_g1_v06
