"selected","levelId","path","source","sourceProjectRoot","sourceReportCsv","originalAssetPath","order","section10","styleHint","difficultyCode","experienceRole","mode","coverage","chains","portableOpeners","status"
"1","campaign500_psg_prod200_c03_o011_s100_n050_15_sgp_pressure_hard_campaign500_language_c_l157_sweep","D:\Unityproject\ArrowLevel-Hand-campaign500-psg-normal-c03\Assets\ArrowMagic\SOData\Levels\Campaign500PSGNormal\Chunks\prod200_c03_o011_s100_n050\campaign500_psg_prod200_c03_o011_s100_n050_15_sgp_pressure_hard_campaign500_language_c_l157_sweep.asset","Campaign500PSGNormalUnified","D:\Unityproject\ArrowLevel-Hand-campaign500-psg-normal-c03","D:\Unityproject\ArrowLevel-Hand-campaign500-psg-normal-c03\Assets\ArrowMagic\SOData\Reports\Campaign500\PSGNormal\campaign500_psg_normal_prod200_c03_o011_s100_n050_report.csv","Assets/ArrowMagic/SOData/Levels/Campaign500PSGNormal/Chunks/prod200_c03_o011_s100_n050/campaign500_psg_prod200_c03_o011_s100_n050_15_sgp_pressure_hard_campaign500_language_c_l157_sweep.asset","157","16","sweep","1","Recovery","language_c","0.995","73","2","Style=PressureCampaignSweepLang | Score=9696 | TargetInitial=5 | OpeningRatio=0.027 | EarlyChoices=30.8/61 | LocalRun=6 | Jump=8.6 | NearRate=0.52 | Direction=n/a | Peel style=PressureCampaignSweepLang seed=14976272 fill=657/660(0.995) chains=73 remaining=3 rejectedShort=0 failedPeels=1"
"1","campaign500_psg_prod200_c03_o011_s100_n050_22_sgp_pressure_hard_campaign500_language_a_l160_lock","D:\Unityproject\ArrowLevel-Hand-campaign500-psg-normal-c03\Assets\ArrowMagic\SOData\Levels\Campaign500PSGNormal\Chunks\prod200_c03_o011_s100_n050\campaign500_psg_prod200_c03_o011_s100_n050_22_sgp_pressure_hard_campaign500_language_a_l160_lock.asset","Campaign500PSGNormalUnified","D:\Unityproject\ArrowLevel-Hand-campaign500-psg-normal-c03","D:\Unityproject\ArrowLevel-Hand-campaign500-psg-normal-c03\Assets\ArrowMagic\SOData\Reports\Campaign500\PSGNormal\campaign500_psg_normal_prod200_c03_o011_s100_n050_report.csv","Assets/ArrowMagic/SOData/Levels/Campaign500PSGNormal/Chunks/prod200_c03_o011_s100_n050/campaign500_psg_prod200_c03_o011_s100_n050_22_sgp_pressure_hard_campaign500_language_a_l160_lock.asset","160","16","lock","1","Normal","language_a","0.980","80","3","Style=PressureCampaignLockLang | Score=23438 | TargetInitial=4 | OpeningRatio=0.038 | EarlyChoices=20.8/41 | LocalRun=7 | Jump=5.9 | NearRate=0.81 | Direction=n/a | Peel style=PressureCampaignLockLang seed=22263664 fill=638/651(0.980) chains=80 remaining=13 rejectedShort=0 failedPeels=1"
"1","campaign500_psg_prod200_c02_o011_s050_n050_214_sgp_pressure_hard_campaign500_layout_soft_l152_lock","D:\Unityproject\ArrowLevel-Hand-campaign500-psg-normal-c02\Assets\ArrowMagic\SOData\Levels\Campaign500PSGNormal\Chunks\prod200_c02_o011_s050_n050\campaign500_psg_prod200_c02_o011_s050_n050_214_sgp_pressure_hard_campaign500_layout_soft_l152_lock.asset","Campaign500PSGNormalUnified","D:\Unityproject\ArrowLevel-Hand-campaign500-psg-normal-c02","D:\Unityproject\ArrowLevel-Hand-campaign500-psg-normal-c02\Assets\ArrowMagic\SOData\Reports\Campaign500\PSGNormal\campaign500_psg_normal_prod200_c02_o011_s050_n050_report.csv","Assets/ArrowMagic/SOData/Levels/Campaign500PSGNormal/Chunks/prod200_c02_o011_s050_n050/campaign500_psg_prod200_c02_o011_s050_n050_214_sgp_pressure_hard_campaign500_layout_soft_l152_lock.asset","152","16","lock","2","Normal","layout_soft","0.971","116","5","Style=PressureCampaignMedium | Score=18248 | TargetInitial=8 | OpeningRatio=0.043 | EarlyChoices=25.8/48 | LocalRun=8 | Jump=6.1 | NearRate=0.74 | Direction=n/a | Peel style=PressureCampaignMedium seed=13998819 fill=801/825(0.971) chains=116 remaining=24 rejectedShort=0 failedPeels=1"
"1","campaign500_psg_prod200_c02_o011_s050_n050_212_sgp_pressure_hard_campaign500_language_b_l152_lock","D:\Unityproject\ArrowLevel-Hand-campaign500-psg-normal-c02\Assets\ArrowMagic\SOData\Levels\Campaign500PSGNormal\Chunks\prod200_c02_o011_s050_n050\campaign500_psg_prod200_c02_o011_s050_n050_212_sgp_pressure_hard_campaign500_language_b_l152_lock.asset","Campaign500PSGNormalUnified","D:\Unityproject\ArrowLevel-Hand-campaign500-psg-normal-c02","D:\Unityproject\ArrowLevel-Hand-campaign500-psg-normal-c02\Assets\ArrowMagic\SOData\Reports\Campaign500\PSGNormal\campaign500_psg_normal_prod200_c02_o011_s050_n050_report.csv","Assets/ArrowMagic/SOData/Levels/Campaign500PSGNormal/Chunks/prod200_c02_o011_s050_n050/campaign500_psg_prod200_c02_o011_s050_n050_212_sgp_pressure_hard_campaign500_language_b_l152_lock.asset","152","16","lock","2","Normal","language_b","0.991","99","2","Style=PressureCampaignLockLang | Score=38612 | TargetInitial=5 | OpeningRatio=0.020 | EarlyChoices=25.2/45 | LocalRun=8 | Jump=6.3 | NearRate=0.71 | Direction=n/a | Peel style=PressureCampaignLockLang seed=3819316 fill=812/819(0.991) chains=99 remaining=7 rejectedShort=0 failedPeels=1"
"1","campaign500_psg_prod200_c03_o011_s100_n050_21_sgp_pressure_hard_campaign500_layout_soft_l159_section","D:\Unityproject\ArrowLevel-Hand-campaign500-psg-normal-c03\Assets\ArrowMagic\SOData\Levels\Campaign500PSGNormal\Chunks\prod200_c03_o011_s100_n050\campaign500_psg_prod200_c03_o011_s100_n050_21_sgp_pressure_hard_campaign500_layout_soft_l159_section.asset","Campaign500PSGNormalUnified","D:\Unityproject\ArrowLevel-Hand-campaign500-psg-normal-c03","D:\Unityproject\ArrowLevel-Hand-campaign500-psg-normal-c03\Assets\ArrowMagic\SOData\Reports\Campaign500\PSGNormal\campaign500_psg_normal_prod200_c03_o011_s100_n050_report.csv","Assets/ArrowMagic/SOData/Levels/Campaign500PSGNormal/Chunks/prod200_c03_o011_s100_n050/campaign500_psg_prod200_c03_o011_s100_n050_21_sgp_pressure_hard_campaign500_layout_soft_l159_section.asset","159","16","section","2","Normal","layout_soft","0.992","100","5","Style=PressureCampaignMedium | Score=17494 | TargetInitial=7 | OpeningRatio=0.050 | EarlyChoices=34.8/62 | LocalRun=7 | Jump=8.4 | NearRate=0.68 | Direction=n/a | Peel style=PressureCampaignMedium seed=7072912 fill=762/768(0.992) chains=100 remaining=6 rejectedShort=0 failedPeels=1 | FlipGate=ops=5 initial=5->5 edgeHeads=8->6 earlyChoices=25.4/57 localRun=7 jump=7.3 near=0.71 targetInitial=4"
"1","campaign500_psg_prod200_c03_o011_s100_n050_27_sgp_pressure_hard_campaign500_language_b_l161_sweep","D:\Unityproject\ArrowLevel-Hand-campaign500-psg-normal-c03\Assets\ArrowMagic\SOData\Levels\Campaign500PSGNormal\Chunks\prod200_c03_o011_s100_n050\campaign500_psg_prod200_c03_o011_s100_n050_27_sgp_pressure_hard_campaign500_language_b_l161_sweep.asset","Campaign500PSGNormalUnified","D:\Unityproject\ArrowLevel-Hand-campaign500-psg-normal-c03","D:\Unityproject\ArrowLevel-Hand-campaign500-psg-normal-c03\Assets\ArrowMagic\SOData\Reports\Campaign500\PSGNormal\campaign500_psg_normal_prod200_c03_o011_s100_n050_report.csv","Assets/ArrowMagic/SOData/Levels/Campaign500PSGNormal/Chunks/prod200_c03_o011_s100_n050/campaign500_psg_prod200_c03_o011_s100_n050_27_sgp_pressure_hard_campaign500_language_b_l161_sweep.asset","161","17","sweep","1","Recovery","language_b","0.998","50","2","Style=PressureCampaignSweepLang | Score=6226 | TargetInitial=4 | OpeningRatio=0.040 | EarlyChoices=25.2/49 | LocalRun=6 | Jump=9.1 | NearRate=0.52 | Direction=n/a | Peel style=PressureCampaignSweepLang seed=12675863 fill=509/510(0.998) chains=50 remaining=1 rejectedShort=0 failedPeels=0"
"1","campaign500_psg_prod200_c03_o011_s100_n050_44_sgp_pressure_hard_campaign500_layout_soft_l165_maze","D:\Unityproject\ArrowLevel-Hand-campaign500-psg-normal-c03\Assets\ArrowMagic\SOData\Levels\Campaign500PSGNormal\Chunks\prod200_c03_o011_s100_n050\campaign500_psg_prod200_c03_o011_s100_n050_44_sgp_pressure_hard_campaign500_layout_soft_l165_maze.asset","Campaign500PSGNormalUnified","D:\Unityproject\ArrowLevel-Hand-campaign500-psg-normal-c03","D:\Unityproject\ArrowLevel-Hand-campaign500-psg-normal-c03\Assets\ArrowMagic\SOData\Reports\Campaign500\PSGNormal\campaign500_psg_normal_prod200_c03_o011_s100_n050_report.csv","Assets/ArrowMagic/SOData/Levels/Campaign500PSGNormal/Chunks/prod200_c03_o011_s100_n050/campaign500_psg_prod200_c03_o011_s100_n050_44_sgp_pressure_hard_campaign500_layout_soft_l165_maze.asset","165","17","maze","1","Recovery","layout_soft","0.981","96","6","Style=PressureCampaignMedium | Score=19620 | TargetInitial=7 | OpeningRatio=0.073 | EarlyChoices=28.2/55 | LocalRun=5 | Jump=8.6 | NearRate=0.61 | Direction=n/a | Peel style=PressureCampaignMedium seed=5608662 fill=677/690(0.981) chains=96 remaining=13 rejectedShort=0 failedPeels=1 | FlipGate=ops=2 initial=7->6 edgeHeads=8->7 earlyChoices=28.0/50 localRun=5 jump=9.0 near=0.61 targetInitial=4"
"1","campaign500_psg_prod200_c03_o011_s100_n050_53_sgp_pressure_hard_campaign500_language_a_l170_section","D:\Unityproject\ArrowLevel-Hand-campaign500-psg-normal-c03\Assets\ArrowMagic\SOData\Levels\Campaign500PSGNormal\Chunks\prod200_c03_o011_s100_n050\campaign500_psg_prod200_c03_o011_s100_n050_53_sgp_pressure_hard_campaign500_language_a_l170_section.asset","Campaign500PSGNormalUnified","D:\Unityproject\ArrowLevel-Hand-campaign500-psg-normal-c03","D:\Unityproject\ArrowLevel-Hand-campaign500-psg-normal-c03\Assets\ArrowMagic\SOData\Reports\Campaign500\PSGNormal\campaign500_psg_normal_prod200_c03_o011_s100_n050_report.csv","Assets/ArrowMagic/SOData/Levels/Campaign500PSGNormal/Chunks/prod200_c03_o011_s100_n050/campaign500_psg_prod200_c03_o011_s100_n050_53_sgp_pressure_hard_campaign500_language_a_l170_section.asset","170","17","section","1","Recovery","language_a","0.989","105","2","Style=PressureCampaignSectionLang | Score=30697 | TargetInitial=6 | OpeningRatio=0.019 | EarlyChoices=23.3/44 | LocalRun=8 | Jump=7.2 | NearRate=0.77 | Direction=n/a | Peel style=PressureCampaignSectionLang seed=6734571 fill=805/814(0.989) chains=105 remaining=9 rejectedShort=0 failedPeels=1"
"1","campaign500_psg_prod200_c03_o011_s100_n050_56_sgp_pressure_hard_campaign500_layout_soft_l170_section","D:\Unityproject\ArrowLevel-Hand-campaign500-psg-normal-c03\Assets\ArrowMagic\SOData\Levels\Campaign500PSGNormal\Chunks\prod200_c03_o011_s100_n050\campaign500_psg_prod200_c03_o011_s100_n050_56_sgp_pressure_hard_campaign500_layout_soft_l170_section.asset","Campaign500PSGNormalUnified","D:\Unityproject\ArrowLevel-Hand-campaign500-psg-normal-c03","D:\Unityproject\ArrowLevel-Hand-campaign500-psg-normal-c03\Assets\ArrowMagic\SOData\Reports\Campaign500\PSGNormal\campaign500_psg_normal_prod200_c03_o011_s100_n050_report.csv","Assets/ArrowMagic/SOData/Levels/Campaign500PSGNormal/Chunks/prod200_c03_o011_s100_n050/campaign500_psg_prod200_c03_o011_s100_n050_56_sgp_pressure_hard_campaign500_layout_soft_l170_section.asset","170","17","section","1","Recovery","layout_soft","0.984","108","4","Style=PressureCampaignMedium | Score=26028 | TargetInitial=8 | OpeningRatio=0.056 | EarlyChoices=28.8/49 | LocalRun=5 | Jump=9.8 | NearRate=0.55 | Direction=n/a | Peel style=PressureCampaignMedium seed=6556911 fill=812/825(0.984) chains=108 remaining=13 rejectedShort=0 failedPeels=1 | FlipGate=ops=2 initial=6->4 edgeHeads=13->11 earlyChoices=27.7/43 localRun=5 jump=10.1 near=0.58 targetInitial=4"
"1","campaign500_psg_prod200_c03_o011_s100_n050_48_sgp_pressure_hard_campaign500_layout_soft_l166_section","D:\Unityproject\ArrowLevel-Hand-campaign500-psg-normal-c03\Assets\ArrowMagic\SOData\Levels\Campaign500PSGNormal\Chunks\prod200_c03_o011_s100_n050\campaign500_psg_prod200_c03_o011_s100_n050_48_sgp_pressure_hard_campaign500_layout_soft_l166_section.asset","Campaign500PSGNormalUnified","D:\Unityproject\ArrowLevel-Hand-campaign500-psg-normal-c03","D:\Unityproject\ArrowLevel-Hand-campaign500-psg-normal-c03\Assets\ArrowMagic\SOData\Reports\Campaign500\PSGNormal\campaign500_psg_normal_prod200_c03_o011_s100_n050_report.csv","Assets/ArrowMagic/SOData/Levels/Campaign500PSGNormal/Chunks/prod200_c03_o011_s100_n050/campaign500_psg_prod200_c03_o011_s100_n050_48_sgp_pressure_hard_campaign500_layout_soft_l166_section.asset","166","17","section","2","Normal","layout_soft","0.988","98","4","Style=PressureCampaignMedium | Score=34458 | TargetInitial=7 | OpeningRatio=0.041 | EarlyChoices=20.5/46 | LocalRun=8 | Jump=7.8 | NearRate=0.68 | Direction=n/a | Peel style=PressureCampaignMedium seed=10777148 fill=735/744(0.988) chains=98 remaining=9 rejectedShort=0 failedPeels=1"
"1","campaign500_psg_prod200_c03_o011_s100_n050_49_sgp_pressure_hard_campaign500_language_a_l169_lock","D:\Unityproject\ArrowLevel-Hand-campaign500-psg-normal-c03\Assets\ArrowMagic\SOData\Levels\Campaign500PSGNormal\Chunks\prod200_c03_o011_s100_n050\campaign500_psg_prod200_c03_o011_s100_n050_49_sgp_pressure_hard_campaign500_language_a_l169_lock.asset","Campaign500PSGNormalUnified","D:\Unityproject\ArrowLevel-Hand-campaign500-psg-normal-c03","D:\Unityproject\ArrowLevel-Hand-campaign500-psg-normal-c03\Assets\ArrowMagic\SOData\Reports\Campaign500\PSGNormal\campaign500_psg_normal_prod200_c03_o011_s100_n050_report.csv","Assets/ArrowMagic/SOData/Levels/Campaign500PSGNormal/Chunks/prod200_c03_o011_s100_n050/campaign500_psg_prod200_c03_o011_s100_n050_49_sgp_pressure_hard_campaign500_language_a_l169_lock.asset","169","17","lock","3","Pressure","language_a","0.986","117","5","Style=PressureCampaignLockLang | Score=64080 | TargetInitial=6 | OpeningRatio=0.043 | EarlyChoices=27.7/47 | LocalRun=7 | Jump=9.5 | NearRate=0.68 | Direction=n/a | Peel style=PressureCampaignLockLang seed=7116640 fill=986/1000(0.986) chains=117 remaining=14 rejectedShort=0 failedPeels=1"
"1","campaign500_psg_prod200_c03_o011_s100_n050_52_sgp_pressure_hard_campaign500_layout_soft_l169_lock","D:\Unityproject\ArrowLevel-Hand-campaign500-psg-normal-c03\Assets\ArrowMagic\SOData\Levels\Campaign500PSGNormal\Chunks\prod200_c03_o011_s100_n050\campaign500_psg_prod200_c03_o011_s100_n050_52_sgp_pressure_hard_campaign500_layout_soft_l169_lock.asset","Campaign500PSGNormalUnified","D:\Unityproject\ArrowLevel-Hand-campaign500-psg-normal-c03","D:\Unityproject\ArrowLevel-Hand-campaign500-psg-normal-c03\Assets\ArrowMagic\SOData\Reports\Campaign500\PSGNormal\campaign500_psg_normal_prod200_c03_o011_s100_n050_report.csv","Assets/ArrowMagic/SOData/Levels/Campaign500PSGNormal/Chunks/prod200_c03_o011_s100_n050/campaign500_psg_prod200_c03_o011_s100_n050_52_sgp_pressure_hard_campaign500_layout_soft_l169_lock.asset","169","17","lock","3","Pressure","layout_soft","0.985","138","6","Style=PressureCampaignMedium | Score=37129 | TargetInitial=10 | OpeningRatio=0.043 | EarlyChoices=34.8/52 | LocalRun=9 | Jump=7.6 | NearRate=0.77 | Direction=n/a | Peel style=PressureCampaignMedium seed=14793737 fill=1020/1036(0.985) chains=138 remaining=16 rejectedShort=0 failedPeels=1 | FlipGate=ops=2 initial=6->6 edgeHeads=13->12 earlyChoices=32.6/51 localRun=7 jump=7.7 near=0.74 targetInitial=5"
"1","campaign500_psg_prod200_c03_o011_s100_n050_66_sgp_pressure_hard_campaign500_language_a_l174_maze","D:\Unityproject\ArrowLevel-Hand-campaign500-psg-normal-c03\Assets\ArrowMagic\SOData\Levels\Campaign500PSGNormal\Chunks\prod200_c03_o011_s100_n050\campaign500_psg_prod200_c03_o011_s100_n050_66_sgp_pressure_hard_campaign500_language_a_l174_maze.asset","Campaign500PSGNormalUnified","D:\Unityproject\ArrowLevel-Hand-campaign500-psg-normal-c03","D:\Unityproject\ArrowLevel-Hand-campaign500-psg-normal-c03\Assets\ArrowMagic\SOData\Reports\Campaign500\PSGNormal\campaign500_psg_normal_prod200_c03_o011_s100_n050_report.csv","Assets/ArrowMagic/SOData/Levels/Campaign500PSGNormal/Chunks/prod200_c03_o011_s100_n050/campaign500_psg_prod200_c03_o011_s100_n050_66_sgp_pressure_hard_campaign500_language_a_l174_maze.asset","174","18","maze","1","Recovery","language_a","0.987","107","6","Style=PressureCampaignMazeLang | Score=19454 | TargetInitial=6 | OpeningRatio=0.056 | EarlyChoices=23.2/37 | LocalRun=8 | Jump=6.1 | NearRate=0.65 | Direction=n/a | Peel style=PressureCampaignMazeLang seed=26438054 fill=675/684(0.987) chains=107 remaining=9 rejectedShort=0 failedPeels=1"
"1","campaign500_psg_prod200_c03_o011_s100_n050_74_sgp_pressure_hard_campaign500_layout_soft_l175_section","D:\Unityproject\ArrowLevel-Hand-campaign500-psg-normal-c03\Assets\ArrowMagic\SOData\Levels\Campaign500PSGNormal\Chunks\prod200_c03_o011_s100_n050\campaign500_psg_prod200_c03_o011_s100_n050_74_sgp_pressure_hard_campaign500_layout_soft_l175_section.asset","Campaign500PSGNormalUnified","D:\Unityproject\ArrowLevel-Hand-campaign500-psg-normal-c03","D:\Unityproject\ArrowLevel-Hand-campaign500-psg-normal-c03\Assets\ArrowMagic\SOData\Reports\Campaign500\PSGNormal\campaign500_psg_normal_prod200_c03_o011_s100_n050_report.csv","Assets/ArrowMagic/SOData/Levels/Campaign500PSGNormal/Chunks/prod200_c03_o011_s100_n050/campaign500_psg_prod200_c03_o011_s100_n050_74_sgp_pressure_hard_campaign500_layout_soft_l175_section.asset","175","18","section","1","Normal","layout_soft","0.976","88","6","Style=PressureCampaignMedium | Score=11102 | TargetInitial=6 | OpeningRatio=0.080 | EarlyChoices=25.0/43 | LocalRun=7 | Jump=5.9 | NearRate=0.77 | Direction=n/a | Peel style=PressureCampaignMedium seed=31228970 fill=623/638(0.976) chains=88 remaining=15 rejectedShort=0 failedPeels=1 | FlipGate=ops=2 initial=7->6 edgeHeads=10->8 earlyChoices=25.1/43 localRun=7 jump=6.2 near=0.74 targetInitial=4"
"1","campaign500_psg_prod200_c03_o011_s100_n050_87_sgp_pressure_hard_campaign500_layout_soft_l180_sweep","D:\Unityproject\ArrowLevel-Hand-campaign500-psg-normal-c03\Assets\ArrowMagic\SOData\Levels\Campaign500PSGNormal\Chunks\prod200_c03_o011_s100_n050\campaign500_psg_prod200_c03_o011_s100_n050_87_sgp_pressure_hard_campaign500_layout_soft_l180_sweep.asset","Campaign500PSGNormalUnified","D:\Unityproject\ArrowLevel-Hand-campaign500-psg-normal-c03","D:\Unityproject\ArrowLevel-Hand-campaign500-psg-normal-c03\Assets\ArrowMagic\SOData\Reports\Campaign500\PSGNormal\campaign500_psg_normal_prod200_c03_o011_s100_n050_report.csv","Assets/ArrowMagic/SOData/Levels/Campaign500PSGNormal/Chunks/prod200_c03_o011_s100_n050/campaign500_psg_prod200_c03_o011_s100_n050_87_sgp_pressure_hard_campaign500_layout_soft_l180_sweep.asset","180","18","sweep","1","Recovery","layout_soft","0.983","104","3","Style=PressureCampaignMedium | Score=20037 | TargetInitial=7 | OpeningRatio=0.029 | EarlyChoices=33.9/55 | LocalRun=6 | Jump=10.0 | NearRate=0.61 | Direction=n/a | Peel style=PressureCampaignMedium seed=16791232 fill=811/825(0.983) chains=104 remaining=14 rejectedShort=0 failedPeels=1"
"1","campaign500_psg_prod200_c03_o011_s100_n050_83_sgp_pressure_hard_campaign500_language_a_l180_sweep","D:\Unityproject\ArrowLevel-Hand-campaign500-psg-normal-c03\Assets\ArrowMagic\SOData\Levels\Campaign500PSGNormal\Chunks\prod200_c03_o011_s100_n050\campaign500_psg_prod200_c03_o011_s100_n050_83_sgp_pressure_hard_campaign500_language_a_l180_sweep.asset","Campaign500PSGNormalUnified","D:\Unityproject\ArrowLevel-Hand-campaign500-psg-normal-c03","D:\Unityproject\ArrowLevel-Hand-campaign500-psg-normal-c03\Assets\ArrowMagic\SOData\Reports\Campaign500\PSGNormal\campaign500_psg_normal_prod200_c03_o011_s100_n050_report.csv","Assets/ArrowMagic/SOData/Levels/Campaign500PSGNormal/Chunks/prod200_c03_o011_s100_n050/campaign500_psg_prod200_c03_o011_s100_n050_83_sgp_pressure_hard_campaign500_language_a_l180_sweep.asset","180","18","sweep","1","Recovery","language_a","0.997","81","3","Style=PressureCampaignSweepLang | Score=26239 | TargetInitial=6 | OpeningRatio=0.037 | EarlyChoices=26.9/51 | LocalRun=4 | Jump=11.8 | NearRate=0.45 | Direction=n/a | Peel style=PressureCampaignSweepLang seed=31411738 fill=796/798(0.997) chains=81 remaining=2 rejectedShort=0 failedPeels=1"
"1","campaign500_psg_prod200_c03_o011_s100_n050_65_sgp_pressure_hard_campaign500_layout_soft_l172_section","D:\Unityproject\ArrowLevel-Hand-campaign500-psg-normal-c03\Assets\ArrowMagic\SOData\Levels\Campaign500PSGNormal\Chunks\prod200_c03_o011_s100_n050\campaign500_psg_prod200_c03_o011_s100_n050_65_sgp_pressure_hard_campaign500_layout_soft_l172_section.asset","Campaign500PSGNormalUnified","D:\Unityproject\ArrowLevel-Hand-campaign500-psg-normal-c03","D:\Unityproject\ArrowLevel-Hand-campaign500-psg-normal-c03\Assets\ArrowMagic\SOData\Reports\Campaign500\PSGNormal\campaign500_psg_normal_prod200_c03_o011_s100_n050_report.csv","Assets/ArrowMagic/SOData/Levels/Campaign500PSGNormal/Chunks/prod200_c03_o011_s100_n050/campaign500_psg_prod200_c03_o011_s100_n050_65_sgp_pressure_hard_campaign500_layout_soft_l172_section.asset","172","18","section","2","Pressure","layout_soft","0.978","99","3","Style=PressureCampaignMedium | Score=27481 | TargetInitial=7 | OpeningRatio=0.030 | EarlyChoices=29.0/45 | LocalRun=4 | Jump=6.4 | NearRate=0.58 | Direction=n/a | Peel style=PressureCampaignMedium seed=4963953 fill=728/744(0.978) chains=99 remaining=16 rejectedShort=0 failedPeels=1"
"1","campaign500_psg_prod200_c03_o011_s100_n050_75_sgp_pressure_hard_campaign500_language_a_l176_lock","D:\Unityproject\ArrowLevel-Hand-campaign500-psg-normal-c03\Assets\ArrowMagic\SOData\Levels\Campaign500PSGNormal\Chunks\prod200_c03_o011_s100_n050\campaign500_psg_prod200_c03_o011_s100_n050_75_sgp_pressure_hard_campaign500_language_a_l176_lock.asset","Campaign500PSGNormalUnified","D:\Unityproject\ArrowLevel-Hand-campaign500-psg-normal-c03","D:\Unityproject\ArrowLevel-Hand-campaign500-psg-normal-c03\Assets\ArrowMagic\SOData\Reports\Campaign500\PSGNormal\campaign500_psg_normal_prod200_c03_o011_s100_n050_report.csv","Assets/ArrowMagic/SOData/Levels/Campaign500PSGNormal/Chunks/prod200_c03_o011_s100_n050/campaign500_psg_prod200_c03_o011_s100_n050_75_sgp_pressure_hard_campaign500_language_a_l176_lock.asset","176","18","lock","3","Pressure","language_a","0.991","103","2","Style=PressureCampaignLockLang | Score=43910 | TargetInitial=5 | OpeningRatio=0.019 | EarlyChoices=26.1/46 | LocalRun=8 | Jump=7.3 | NearRate=0.71 | Direction=n/a | Peel style=PressureCampaignLockLang seed=5889311 fill=843/851(0.991) chains=103 remaining=8 rejectedShort=0 failedPeels=1"
"1","campaign500_psg_prod200_c03_o011_s100_n050_82_sgp_pressure_hard_campaign500_layout_soft_l179_lock","D:\Unityproject\ArrowLevel-Hand-campaign500-psg-normal-c03\Assets\ArrowMagic\SOData\Levels\Campaign500PSGNormal\Chunks\prod200_c03_o011_s100_n050\campaign500_psg_prod200_c03_o011_s100_n050_82_sgp_pressure_hard_campaign500_layout_soft_l179_lock.asset","Campaign500PSGNormalUnified","D:\Unityproject\ArrowLevel-Hand-campaign500-psg-normal-c03","D:\Unityproject\ArrowLevel-Hand-campaign500-psg-normal-c03\Assets\ArrowMagic\SOData\Reports\Campaign500\PSGNormal\campaign500_psg_normal_prod200_c03_o011_s100_n050_report.csv","Assets/ArrowMagic/SOData/Levels/Campaign500PSGNormal/Chunks/prod200_c03_o011_s100_n050/campaign500_psg_prod200_c03_o011_s100_n050_82_sgp_pressure_hard_campaign500_layout_soft_l179_lock.asset","179","18","lock","3","Peak","layout_soft","0.992","118","2","Style=PressureCampaignMedium | Score=34362 | TargetInitial=8 | OpeningRatio=0.017 | EarlyChoices=27.2/41 | LocalRun=15 | Jump=6.1 | NearRate=0.87 | Direction=n/a | Peel style=PressureCampaignMedium seed=23971592 fill=877/884(0.992) chains=118 remaining=7 rejectedShort=0 failedPeels=1"
"1","campaign500_psg_prod200_c03_o011_s100_n050_94_sgp_pressure_hard_campaign500_language_b_l182_lock","D:\Unityproject\ArrowLevel-Hand-campaign500-psg-normal-c03\Assets\ArrowMagic\SOData\Levels\Campaign500PSGNormal\Chunks\prod200_c03_o011_s100_n050\campaign500_psg_prod200_c03_o011_s100_n050_94_sgp_pressure_hard_campaign500_language_b_l182_lock.asset","Campaign500PSGNormalUnified","D:\Unityproject\ArrowLevel-Hand-campaign500-psg-normal-c03","D:\Unityproject\ArrowLevel-Hand-campaign500-psg-normal-c03\Assets\ArrowMagic\SOData\Reports\Campaign500\PSGNormal\campaign500_psg_normal_prod200_c03_o011_s100_n050_report.csv","Assets/ArrowMagic/SOData/Levels/Campaign500PSGNormal/Chunks/prod200_c03_o011_s100_n050/campaign500_psg_prod200_c03_o011_s100_n050_94_sgp_pressure_hard_campaign500_language_b_l182_lock.asset","182","19","lock","1","Normal","language_b","0.990","84","2","Style=PressureCampaignLockLang | Score=25102 | TargetInitial=4 | OpeningRatio=0.024 | EarlyChoices=26.5/54 | LocalRun=5 | Jump=5.6 | NearRate=0.61 | Direction=n/a | Peel style=PressureCampaignLockLang seed=19366224 fill=677/684(0.990) chains=84 remaining=7 rejectedShort=0 failedPeels=1"
"1","campaign500_psg_prod200_c03_o011_s100_n050_103_sgp_pressure_hard_campaign500_language_c_l186_sweep","D:\Unityproject\ArrowLevel-Hand-campaign500-psg-normal-c03\Assets\ArrowMagic\SOData\Levels\Campaign500PSGNormal\Chunks\prod200_c03_o011_s100_n050\campaign500_psg_prod200_c03_o011_s100_n050_103_sgp_pressure_hard_campaign500_language_c_l186_sweep.asset","Campaign500PSGNormalUnified","D:\Unityproject\ArrowLevel-Hand-campaign500-psg-normal-c03","D:\Unityproject\ArrowLevel-Hand-campaign500-psg-normal-c03\Assets\ArrowMagic\SOData\Reports\Campaign500\PSGNormal\campaign500_psg_normal_prod200_c03_o011_s100_n050_report.csv","Assets/ArrowMagic/SOData/Levels/Campaign500PSGNormal/Chunks/prod200_c03_o011_s100_n050/campaign500_psg_prod200_c03_o011_s100_n050_103_sgp_pressure_hard_campaign500_language_c_l186_sweep.asset","186","19","sweep","1","Recovery","language_c","0.996","78","3","Style=PressureCampaignSweepLang | Score=8376 | TargetInitial=5 | OpeningRatio=0.051 | EarlyChoices=33.7/65 | LocalRun=6 | Jump=10.5 | NearRate=0.55 | Direction=n/a | Peel style=PressureCampaignSweepLang seed=12015053 fill=753/756(0.996) chains=78 remaining=3 rejectedShort=0 failedPeels=1 | FlipGate=ops=2 initial=4->3 edgeHeads=9->7 earlyChoices=28.0/57 localRun=6 jump=11.8 near=0.55 targetInitial=3"
"1","campaign500_psg_prod200_c03_o011_s100_n050_107_sgp_pressure_hard_campaign500_language_b_l188_section","D:\Unityproject\ArrowLevel-Hand-campaign500-psg-normal-c03\Assets\ArrowMagic\SOData\Levels\Campaign500PSGNormal\Chunks\prod200_c03_o011_s100_n050\campaign500_psg_prod200_c03_o011_s100_n050_107_sgp_pressure_hard_campaign500_language_b_l188_section.asset","Campaign500PSGNormalUnified","D:\Unityproject\ArrowLevel-Hand-campaign500-psg-normal-c03","D:\Unityproject\ArrowLevel-Hand-campaign500-psg-normal-c03\Assets\ArrowMagic\SOData\Reports\Campaign500\PSGNormal\campaign500_psg_normal_prod200_c03_o011_s100_n050_report.csv","Assets/ArrowMagic/SOData/Levels/Campaign500PSGNormal/Chunks/prod200_c03_o011_s100_n050/campaign500_psg_prod200_c03_o011_s100_n050_107_sgp_pressure_hard_campaign500_language_b_l188_section.asset","188","19","section","1","Normal","language_b","0.992","102","4","Style=PressureCampaignSectionLang | Score=27097 | TargetInitial=6 | OpeningRatio=0.039 | EarlyChoices=34.8/56 | LocalRun=8 | Jump=8.9 | NearRate=0.55 | Direction=n/a | Peel style=PressureCampaignSectionLang seed=19381165 fill=792/798(0.992) chains=102 remaining=6 rejectedShort=0 failedPeels=1"
"1","campaign500_psg_prod200_c03_o011_s100_n050_117_sgp_pressure_hard_campaign500_layout_soft_l190_section","D:\Unityproject\ArrowLevel-Hand-campaign500-psg-normal-c03\Assets\ArrowMagic\SOData\Levels\Campaign500PSGNormal\Chunks\prod200_c03_o011_s100_n050\campaign500_psg_prod200_c03_o011_s100_n050_117_sgp_pressure_hard_campaign500_layout_soft_l190_section.asset","Campaign500PSGNormalUnified","D:\Unityproject\ArrowLevel-Hand-campaign500-psg-normal-c03","D:\Unityproject\ArrowLevel-Hand-campaign500-psg-normal-c03\Assets\ArrowMagic\SOData\Reports\Campaign500\PSGNormal\campaign500_psg_normal_prod200_c03_o011_s100_n050_report.csv","Assets/ArrowMagic/SOData/Levels/Campaign500PSGNormal/Chunks/prod200_c03_o011_s100_n050/campaign500_psg_prod200_c03_o011_s100_n050_117_sgp_pressure_hard_campaign500_layout_soft_l190_section.asset","190","19","section","1","Normal","layout_soft","0.984","119","5","Style=PressureCampaignMedium | Score=24950 | TargetInitial=8 | OpeningRatio=0.042 | EarlyChoices=28.3/59 | LocalRun=6 | Jump=9.1 | NearRate=0.58 | Direction=n/a | Peel style=PressureCampaignMedium seed=32567014 fill=870/884(0.984) chains=119 remaining=14 rejectedShort=0 failedPeels=1"
"1","campaign500_psg_prod200_c03_o011_s100_n050_98_sgp_pressure_hard_campaign500_language_b_l185_section","D:\Unityproject\ArrowLevel-Hand-campaign500-psg-normal-c03\Assets\ArrowMagic\SOData\Levels\Campaign500PSGNormal\Chunks\prod200_c03_o011_s100_n050\campaign500_psg_prod200_c03_o011_s100_n050_98_sgp_pressure_hard_campaign500_language_b_l185_section.asset","Campaign500PSGNormalUnified","D:\Unityproject\ArrowLevel-Hand-campaign500-psg-normal-c03","D:\Unityproject\ArrowLevel-Hand-campaign500-psg-normal-c03\Assets\ArrowMagic\SOData\Reports\Campaign500\PSGNormal\campaign500_psg_normal_prod200_c03_o011_s100_n050_report.csv","Assets/ArrowMagic/SOData/Levels/Campaign500PSGNormal/Chunks/prod200_c03_o011_s100_n050/campaign500_psg_prod200_c03_o011_s100_n050_98_sgp_pressure_hard_campaign500_language_b_l185_section.asset","185","19","section","2","Pressure","language_b","0.990","101","3","Style=PressureCampaignSectionLang | Score=33670 | TargetInitial=6 | OpeningRatio=0.030 | EarlyChoices=22.2/57 | LocalRun=9 | Jump=8.2 | NearRate=0.68 | Direction=n/a | Peel style=PressureCampaignSectionLang seed=3379632 fill=769/777(0.990) chains=101 remaining=8 rejectedShort=0 failedPeels=1"
"1","campaign500_psg_prod200_c03_o011_s100_n050_100_sgp_pressure_hard_campaign500_layout_soft_l185_section","D:\Unityproject\ArrowLevel-Hand-campaign500-psg-normal-c03\Assets\ArrowMagic\SOData\Levels\Campaign500PSGNormal\Chunks\prod200_c03_o011_s100_n050\campaign500_psg_prod200_c03_o011_s100_n050_100_sgp_pressure_hard_campaign500_layout_soft_l185_section.asset","Campaign500PSGNormalUnified","D:\Unityproject\ArrowLevel-Hand-campaign500-psg-normal-c03","D:\Unityproject\ArrowLevel-Hand-campaign500-psg-normal-c03\Assets\ArrowMagic\SOData\Reports\Campaign500\PSGNormal\campaign500_psg_normal_prod200_c03_o011_s100_n050_report.csv","Assets/ArrowMagic/SOData/Levels/Campaign500PSGNormal/Chunks/prod200_c03_o011_s100_n050/campaign500_psg_prod200_c03_o011_s100_n050_100_sgp_pressure_hard_campaign500_layout_soft_l185_section.asset","185","19","section","2","Pressure","layout_soft","0.984","104","4","Style=PressureCampaignMedium | Score=21753 | TargetInitial=7 | OpeningRatio=0.038 | EarlyChoices=24.1/41 | LocalRun=7 | Jump=7.0 | NearRate=0.71 | Direction=n/a | Peel style=PressureCampaignMedium seed=11883833 fill=732/744(0.984) chains=104 remaining=12 rejectedShort=0 failedPeels=1"
"1","campaign500_psg_prod200_c03_o011_s100_n050_110_sgp_pressure_hard_campaign500_language_a_l189_lock","D:\Unityproject\ArrowLevel-Hand-campaign500-psg-normal-c03\Assets\ArrowMagic\SOData\Levels\Campaign500PSGNormal\Chunks\prod200_c03_o011_s100_n050\campaign500_psg_prod200_c03_o011_s100_n050_110_sgp_pressure_hard_campaign500_language_a_l189_lock.asset","Campaign500PSGNormalUnified","D:\Unityproject\ArrowLevel-Hand-campaign500-psg-normal-c03","D:\Unityproject\ArrowLevel-Hand-campaign500-psg-normal-c03\Assets\ArrowMagic\SOData\Reports\Campaign500\PSGNormal\campaign500_psg_normal_prod200_c03_o011_s100_n050_report.csv","Assets/ArrowMagic/SOData/Levels/Campaign500PSGNormal/Chunks/prod200_c03_o011_s100_n050/campaign500_psg_prod200_c03_o011_s100_n050_110_sgp_pressure_hard_campaign500_language_a_l189_lock.asset","189","19","lock","3","Pressure","language_a","0.983","104","2","Style=PressureCampaignLockLang | Score=55093 | TargetInitial=5 | OpeningRatio=0.019 | EarlyChoices=22.1/39 | LocalRun=7 | Jump=5.8 | NearRate=0.77 | Direction=n/a | Peel style=PressureCampaignLockLang seed=9771816 fill=859/874(0.983) chains=104 remaining=15 rejectedShort=0 failedPeels=1"
"1","campaign500_psg_prod200_c03_o011_s100_n050_121_sgp_pressure_hard_campaign500_layout_soft_l191_lock","D:\Unityproject\ArrowLevel-Hand-campaign500-psg-normal-c03\Assets\ArrowMagic\SOData\Levels\Campaign500PSGNormal\Chunks\prod200_c03_o011_s100_n050\campaign500_psg_prod200_c03_o011_s100_n050_121_sgp_pressure_hard_campaign500_layout_soft_l191_lock.asset","Campaign500PSGNormalUnified","D:\Unityproject\ArrowLevel-Hand-campaign500-psg-normal-c03","D:\Unityproject\ArrowLevel-Hand-campaign500-psg-normal-c03\Assets\ArrowMagic\SOData\Reports\Campaign500\PSGNormal\campaign500_psg_normal_prod200_c03_o011_s100_n050_report.csv","Assets/ArrowMagic/SOData/Levels/Campaign500PSGNormal/Chunks/prod200_c03_o011_s100_n050/campaign500_psg_prod200_c03_o011_s100_n050_121_sgp_pressure_hard_campaign500_layout_soft_l191_lock.asset","191","20","lock","1","Normal","layout_soft","0.978","88","2","Style=PressureCampaignMedium | Score=19483 | TargetInitial=6 | OpeningRatio=0.023 | EarlyChoices=26.9/62 | LocalRun=10 | Jump=5.4 | NearRate=0.81 | Direction=n/a | Peel style=PressureCampaignMedium seed=32499050 fill=675/690(0.978) chains=88 remaining=15 rejectedShort=0 failedPeels=1"
"1","campaign500_psg_prod200_c03_o011_s100_n050_127_sgp_pressure_hard_campaign500_language_a_l195_sweep","D:\Unityproject\ArrowLevel-Hand-campaign500-psg-normal-c03\Assets\ArrowMagic\SOData\Levels\Campaign500PSGNormal\Chunks\prod200_c03_o011_s100_n050\campaign500_psg_prod200_c03_o011_s100_n050_127_sgp_pressure_hard_campaign500_language_a_l195_sweep.asset","Campaign500PSGNormalUnified","D:\Unityproject\ArrowLevel-Hand-campaign500-psg-normal-c03","D:\Unityproject\ArrowLevel-Hand-campaign500-psg-normal-c03\Assets\ArrowMagic\SOData\Reports\Campaign500\PSGNormal\campaign500_psg_normal_prod200_c03_o011_s100_n050_report.csv","Assets/ArrowMagic/SOData/Levels/Campaign500PSGNormal/Chunks/prod200_c03_o011_s100_n050/campaign500_psg_prod200_c03_o011_s100_n050_127_sgp_pressure_hard_campaign500_language_a_l195_sweep.asset","195","20","sweep","1","Recovery","language_a","0.991","95","2","Style=PressureCampaignSweepLang | Score=30565 | TargetInitial=7 | OpeningRatio=0.021 | EarlyChoices=28.9/55 | LocalRun=6 | Jump=6.7 | NearRate=0.65 | Direction=n/a | Peel style=PressureCampaignSweepLang seed=7518999 fill=843/851(0.991) chains=95 remaining=8 rejectedShort=0 failedPeels=1"
"1","campaign500_psg_prod200_c03_o011_s100_n050_140_sgp_pressure_hard_campaign500_layout_soft_l197_maze","D:\Unityproject\ArrowLevel-Hand-campaign500-psg-normal-c03\Assets\ArrowMagic\SOData\Levels\Campaign500PSGNormal\Chunks\prod200_c03_o011_s100_n050\campaign500_psg_prod200_c03_o011_s100_n050_140_sgp_pressure_hard_campaign500_layout_soft_l197_maze.asset","Campaign500PSGNormalUnified","D:\Unityproject\ArrowLevel-Hand-campaign500-psg-normal-c03","D:\Unityproject\ArrowLevel-Hand-campaign500-psg-normal-c03\Assets\ArrowMagic\SOData\Reports\Campaign500\PSGNormal\campaign500_psg_normal_prod200_c03_o011_s100_n050_report.csv","Assets/ArrowMagic/SOData/Levels/Campaign500PSGNormal/Chunks/prod200_c03_o011_s100_n050/campaign500_psg_prod200_c03_o011_s100_n050_140_sgp_pressure_hard_campaign500_layout_soft_l197_maze.asset","197","20","maze","1","Normal","layout_soft","0.981","85","4","Style=PressureCampaignMedium | Score=12932 | TargetInitial=6 | OpeningRatio=0.059 | EarlyChoices=28.3/46 | LocalRun=7 | Jump=8.5 | NearRate=0.61 | Direction=n/a | Peel style=PressureCampaignMedium seed=8376632 fill=626/638(0.981) chains=85 remaining=12 rejectedShort=0 failedPeels=1 | FlipGate=ops=3 initial=5->4 edgeHeads=9->7 earlyChoices=21.7/37 localRun=6 jump=7.8 near=0.61 targetInitial=3"
"1","campaign500_psg_prod200_c03_o011_s100_n050_148_sgp_pressure_hard_campaign500_layout_soft_l200_section","D:\Unityproject\ArrowLevel-Hand-campaign500-psg-normal-c03\Assets\ArrowMagic\SOData\Levels\Campaign500PSGNormal\Chunks\prod200_c03_o011_s100_n050\campaign500_psg_prod200_c03_o011_s100_n050_148_sgp_pressure_hard_campaign500_layout_soft_l200_section.asset","Campaign500PSGNormalUnified","D:\Unityproject\ArrowLevel-Hand-campaign500-psg-normal-c03","D:\Unityproject\ArrowLevel-Hand-campaign500-psg-normal-c03\Assets\ArrowMagic\SOData\Reports\Campaign500\PSGNormal\campaign500_psg_normal_prod200_c03_o011_s100_n050_report.csv","Assets/ArrowMagic/SOData/Levels/Campaign500PSGNormal/Chunks/prod200_c03_o011_s100_n050/campaign500_psg_prod200_c03_o011_s100_n050_148_sgp_pressure_hard_campaign500_layout_soft_l200_section.asset","200","20","section","1","Normal","layout_soft","0.984","113","3","Style=PressureCampaignMedium | Score=28250 | TargetInitial=8 | OpeningRatio=0.027 | EarlyChoices=25.1/51 | LocalRun=11 | Jump=7.8 | NearRate=0.84 | Direction=n/a | Peel style=PressureCampaignMedium seed=15152879 fill=812/825(0.984) chains=113 remaining=13 rejectedShort=0 failedPeels=1"
"1","campaign500_psg_prod200_c03_o011_s100_n050_134_sgp_pressure_hard_campaign500_pure_relaxed_l196_lock","D:\Unityproject\ArrowLevel-Hand-campaign500-psg-normal-c03\Assets\ArrowMagic\SOData\Levels\Campaign500PSGNormal\Chunks\prod200_c03_o011_s100_n050\campaign500_psg_prod200_c03_o011_s100_n050_134_sgp_pressure_hard_campaign500_pure_relaxed_l196_lock.asset","Campaign500PSGNormalUnified","D:\Unityproject\ArrowLevel-Hand-campaign500-psg-normal-c03","D:\Unityproject\ArrowLevel-Hand-campaign500-psg-normal-c03\Assets\ArrowMagic\SOData\Reports\Campaign500\PSGNormal\campaign500_psg_normal_prod200_c03_o011_s100_n050_report.csv","Assets/ArrowMagic/SOData/Levels/Campaign500PSGNormal/Chunks/prod200_c03_o011_s100_n050/campaign500_psg_prod200_c03_o011_s100_n050_134_sgp_pressure_hard_campaign500_pure_relaxed_l196_lock.asset","196","20","lock","4","Peak","pure_relaxed","0.979","116","7","Style=PressureCampaignRelaxed | Score=21794 | TargetInitial=8 | OpeningRatio=0.060 | EarlyChoices=26.6/54 | LocalRun=5 | Jump=9.9 | NearRate=0.52 | Direction=n/a | Peel style=PressureCampaignRelaxed seed=23088320 fill=822/840(0.979) chains=116 remaining=18 rejectedShort=0 failedPeels=1 | FlipGate=ops=2 initial=7->7 edgeHeads=15->13 earlyChoices=26.6/54 localRun=5 jump=9.9 near=0.52 targetInitial=5"
"1","campaign500_psg_prod200_c03_o011_s100_n050_133_sgp_pressure_hard_campaign500_language_b_l196_lock","D:\Unityproject\ArrowLevel-Hand-campaign500-psg-normal-c03\Assets\ArrowMagic\SOData\Levels\Campaign500PSGNormal\Chunks\prod200_c03_o011_s100_n050\campaign500_psg_prod200_c03_o011_s100_n050_133_sgp_pressure_hard_campaign500_language_b_l196_lock.asset","Campaign500PSGNormalUnified","D:\Unityproject\ArrowLevel-Hand-campaign500-psg-normal-c03","D:\Unityproject\ArrowLevel-Hand-campaign500-psg-normal-c03\Assets\ArrowMagic\SOData\Reports\Campaign500\PSGNormal\campaign500_psg_normal_prod200_c03_o011_s100_n050_report.csv","Assets/ArrowMagic/SOData/Levels/Campaign500PSGNormal/Chunks/prod200_c03_o011_s100_n050/campaign500_psg_prod200_c03_o011_s100_n050_133_sgp_pressure_hard_campaign500_language_b_l196_lock.asset","196","20","lock","4","Peak","language_b","0.983","118","4","Style=PressureCampaignLockLang | Score=24723 | TargetInitial=6 | OpeningRatio=0.034 | EarlyChoices=34.1/50 | LocalRun=6 | Jump=8.7 | NearRate=0.55 | Direction=n/a | Peel style=PressureCampaignLockLang seed=30407104 fill=826/840(0.983) chains=118 remaining=14 rejectedShort=0 failedPeels=1"
"1","campaign500_psg_prod200_c03_o011_s100_n050_135_sgp_pressure_hard_campaign500_layout_soft_l196_lock","D:\Unityproject\ArrowLevel-Hand-campaign500-psg-normal-c03\Assets\ArrowMagic\SOData\Levels\Campaign500PSGNormal\Chunks\prod200_c03_o011_s100_n050\campaign500_psg_prod200_c03_o011_s100_n050_135_sgp_pressure_hard_campaign500_layout_soft_l196_lock.asset","Campaign500PSGNormalUnified","D:\Unityproject\ArrowLevel-Hand-campaign500-psg-normal-c03","D:\Unityproject\ArrowLevel-Hand-campaign500-psg-normal-c03\Assets\ArrowMagic\SOData\Reports\Campaign500\PSGNormal\campaign500_psg_normal_prod200_c03_o011_s100_n050_report.csv","Assets/ArrowMagic/SOData/Levels/Campaign500PSGNormal/Chunks/prod200_c03_o011_s100_n050/campaign500_psg_prod200_c03_o011_s100_n050_135_sgp_pressure_hard_campaign500_layout_soft_l196_lock.asset","196","20","lock","4","Peak","layout_soft","0.976","123","5","Style=PressureCampaignCompact | Score=25525 | TargetInitial=9 | OpeningRatio=0.049 | EarlyChoices=29.2/44 | LocalRun=8 | Jump=6.9 | NearRate=0.74 | Direction=n/a | Peel style=PressureCampaignCompact seed=8703560 fill=805/825(0.976) chains=123 remaining=20 rejectedShort=0 failedPeels=1 | FlipGate=ops=1 initial=6->5 edgeHeads=13->12 earlyChoices=28.1/44 localRun=8 jump=6.4 near=0.77 targetInitial=5"
"1","campaign500_psg_prod200_c03_o011_s100_n050_159_sgp_pressure_hard_campaign500_language_b_l205_sweep","D:\Unityproject\ArrowLevel-Hand-campaign500-psg-normal-c03\Assets\ArrowMagic\SOData\Levels\Campaign500PSGNormal\Chunks\prod200_c03_o011_s100_n050\campaign500_psg_prod200_c03_o011_s100_n050_159_sgp_pressure_hard_campaign500_language_b_l205_sweep.asset","Campaign500PSGNormalUnified","D:\Unityproject\ArrowLevel-Hand-campaign500-psg-normal-c03","D:\Unityproject\ArrowLevel-Hand-campaign500-psg-normal-c03\Assets\ArrowMagic\SOData\Reports\Campaign500\PSGNormal\campaign500_psg_normal_prod200_c03_o011_s100_n050_report.csv","Assets/ArrowMagic/SOData/Levels/Campaign500PSGNormal/Chunks/prod200_c03_o011_s100_n050/campaign500_psg_prod200_c03_o011_s100_n050_159_sgp_pressure_hard_campaign500_language_b_l205_sweep.asset","205","21","sweep","1","Recovery","language_b","0.994","82","4","Style=PressureCampaignSweepLang | Score=-2424 | TargetInitial=6 | OpeningRatio=0.061 | EarlyChoices=39.7/84 | LocalRun=16 | Jump=5.9 | NearRate=0.81 | Direction=n/a | Peel style=PressureCampaignSweepLang seed=14412808 fill=814/819(0.994) chains=82 remaining=5 rejectedShort=0 failedPeels=1 | FlipGate=ops=5 initial=5->4 edgeHeads=10->7 earlyChoices=35.0/74 localRun=7 jump=7.2 near=0.68 targetInitial=3"
"1","campaign500_psg_prod200_c03_o011_s100_n050_166_sgp_pressure_hard_campaign500_layout_soft_l206_lock","D:\Unityproject\ArrowLevel-Hand-campaign500-psg-normal-c03\Assets\ArrowMagic\SOData\Levels\Campaign500PSGNormal\Chunks\prod200_c03_o011_s100_n050\campaign500_psg_prod200_c03_o011_s100_n050_166_sgp_pressure_hard_campaign500_layout_soft_l206_lock.asset","Campaign500PSGNormalUnified","D:\Unityproject\ArrowLevel-Hand-campaign500-psg-normal-c03","D:\Unityproject\ArrowLevel-Hand-campaign500-psg-normal-c03\Assets\ArrowMagic\SOData\Reports\Campaign500\PSGNormal\campaign500_psg_normal_prod200_c03_o011_s100_n050_report.csv","Assets/ArrowMagic/SOData/Levels/Campaign500PSGNormal/Chunks/prod200_c03_o011_s100_n050/campaign500_psg_prod200_c03_o011_s100_n050_166_sgp_pressure_hard_campaign500_layout_soft_l206_lock.asset","206","21","lock","1","Normal","layout_soft","0.974","101","5","Style=PressureCampaignMedium | Score=17431 | TargetInitial=7 | OpeningRatio=0.059 | EarlyChoices=28.2/51 | LocalRun=6 | Jump=5.6 | NearRate=0.71 | Direction=n/a | Peel style=PressureCampaignMedium seed=27466977 fill=725/744(0.974) chains=101 remaining=19 rejectedShort=0 failedPeels=1 | FlipGate=ops=3 initial=6->5 edgeHeads=8->7 earlyChoices=21.8/43 localRun=6 jump=6.2 near=0.74 targetInitial=4"
"1","campaign500_psg_prod200_c03_o011_s100_n050_164_sgp_pressure_hard_campaign500_language_b_l206_lock","D:\Unityproject\ArrowLevel-Hand-campaign500-psg-normal-c03\Assets\ArrowMagic\SOData\Levels\Campaign500PSGNormal\Chunks\prod200_c03_o011_s100_n050\campaign500_psg_prod200_c03_o011_s100_n050_164_sgp_pressure_hard_campaign500_language_b_l206_lock.asset","Campaign500PSGNormalUnified","D:\Unityproject\ArrowLevel-Hand-campaign500-psg-normal-c03","D:\Unityproject\ArrowLevel-Hand-campaign500-psg-normal-c03\Assets\ArrowMagic\SOData\Reports\Campaign500\PSGNormal\campaign500_psg_normal_prod200_c03_o011_s100_n050_report.csv","Assets/ArrowMagic/SOData/Levels/Campaign500PSGNormal/Chunks/prod200_c03_o011_s100_n050/campaign500_psg_prod200_c03_o011_s100_n050_164_sgp_pressure_hard_campaign500_language_b_l206_lock.asset","206","21","lock","1","Normal","language_b","0.991","99","3","Style=PressureCampaignLockLang | Score=38971 | TargetInitial=5 | OpeningRatio=0.030 | EarlyChoices=23.4/45 | LocalRun=7 | Jump=8.6 | NearRate=0.61 | Direction=n/a | Peel style=PressureCampaignLockLang seed=20009672 fill=775/782(0.991) chains=99 remaining=7 rejectedShort=0 failedPeels=1"
"1","campaign500_psg_prod200_c03_o011_s100_n050_178_sgp_pressure_hard_campaign500_layout_soft_l210_section","D:\Unityproject\ArrowLevel-Hand-campaign500-psg-normal-c03\Assets\ArrowMagic\SOData\Levels\Campaign500PSGNormal\Chunks\prod200_c03_o011_s100_n050\campaign500_psg_prod200_c03_o011_s100_n050_178_sgp_pressure_hard_campaign500_layout_soft_l210_section.asset","Campaign500PSGNormalUnified","D:\Unityproject\ArrowLevel-Hand-campaign500-psg-normal-c03","D:\Unityproject\ArrowLevel-Hand-campaign500-psg-normal-c03\Assets\ArrowMagic\SOData\Reports\Campaign500\PSGNormal\campaign500_psg_normal_prod200_c03_o011_s100_n050_report.csv","Assets/ArrowMagic/SOData/Levels/Campaign500PSGNormal/Chunks/prod200_c03_o011_s100_n050/campaign500_psg_prod200_c03_o011_s100_n050_178_sgp_pressure_hard_campaign500_layout_soft_l210_section.asset","210","21","section","1","Normal","layout_soft","0.983","111","5","Style=PressureCampaignMedium | Score=23733 | TargetInitial=8 | OpeningRatio=0.045 | EarlyChoices=25.7/42 | LocalRun=7 | Jump=8.7 | NearRate=0.71 | Direction=n/a | Peel style=PressureCampaignMedium seed=9040300 fill=811/825(0.983) chains=111 remaining=14 rejectedShort=0 failedPeels=1 | FlipGate=ops=2 initial=5->5 edgeHeads=16->14 earlyChoices=25.7/42 localRun=7 jump=8.7 near=0.71 targetInitial=4"
"1","campaign500_psg_prod200_c03_o011_s100_n050_154_sgp_pressure_hard_campaign500_language_a_l204_section","D:\Unityproject\ArrowLevel-Hand-campaign500-psg-normal-c03\Assets\ArrowMagic\SOData\Levels\Campaign500PSGNormal\Chunks\prod200_c03_o011_s100_n050\campaign500_psg_prod200_c03_o011_s100_n050_154_sgp_pressure_hard_campaign500_language_a_l204_section.asset","Campaign500PSGNormalUnified","D:\Unityproject\ArrowLevel-Hand-campaign500-psg-normal-c03","D:\Unityproject\ArrowLevel-Hand-campaign500-psg-normal-c03\Assets\ArrowMagic\SOData\Reports\Campaign500\PSGNormal\campaign500_psg_normal_prod200_c03_o011_s100_n050_report.csv","Assets/ArrowMagic/SOData/Levels/Campaign500PSGNormal/Chunks/prod200_c03_o011_s100_n050/campaign500_psg_prod200_c03_o011_s100_n050_154_sgp_pressure_hard_campaign500_language_a_l204_section.asset","204","21","section","2","Pressure","language_a","0.994","109","3","Style=PressureCampaignSectionLang | Score=31115 | TargetInitial=7 | OpeningRatio=0.028 | EarlyChoices=26.8/45 | LocalRun=6 | Jump=7.3 | NearRate=0.68 | Direction=n/a | Peel style=PressureCampaignSectionLang seed=17926251 fill=787/792(0.994) chains=109 remaining=5 rejectedShort=0 failedPeels=1"
"1","campaign500_psg_prod200_c03_o011_s100_n050_170_sgp_pressure_hard_campaign500_layout_soft_l208_section","D:\Unityproject\ArrowLevel-Hand-campaign500-psg-normal-c03\Assets\ArrowMagic\SOData\Levels\Campaign500PSGNormal\Chunks\prod200_c03_o011_s100_n050\campaign500_psg_prod200_c03_o011_s100_n050_170_sgp_pressure_hard_campaign500_layout_soft_l208_section.asset","Campaign500PSGNormalUnified","D:\Unityproject\ArrowLevel-Hand-campaign500-psg-normal-c03","D:\Unityproject\ArrowLevel-Hand-campaign500-psg-normal-c03\Assets\ArrowMagic\SOData\Reports\Campaign500\PSGNormal\campaign500_psg_normal_prod200_c03_o011_s100_n050_report.csv","Assets/ArrowMagic/SOData/Levels/Campaign500PSGNormal/Chunks/prod200_c03_o011_s100_n050/campaign500_psg_prod200_c03_o011_s100_n050_170_sgp_pressure_hard_campaign500_layout_soft_l208_section.asset","208","21","section","2","Pressure","layout_soft","0.985","116","3","Style=PressureCampaignMedium | Score=26966 | TargetInitial=8 | OpeningRatio=0.026 | EarlyChoices=30.8/59 | LocalRun=7 | Jump=6.5 | NearRate=0.68 | Direction=n/a | Peel style=PressureCampaignMedium seed=9490415 fill=871/884(0.985) chains=116 remaining=13 rejectedShort=0 failedPeels=1"
"1","campaign500_psg_prod200_c03_o011_s100_n050_174_sgp_pressure_hard_campaign500_layout_soft_l209_lock","D:\Unityproject\ArrowLevel-Hand-campaign500-psg-normal-c03\Assets\ArrowMagic\SOData\Levels\Campaign500PSGNormal\Chunks\prod200_c03_o011_s100_n050\campaign500_psg_prod200_c03_o011_s100_n050_174_sgp_pressure_hard_campaign500_layout_soft_l209_lock.asset","Campaign500PSGNormalUnified","D:\Unityproject\ArrowLevel-Hand-campaign500-psg-normal-c03","D:\Unityproject\ArrowLevel-Hand-campaign500-psg-normal-c03\Assets\ArrowMagic\SOData\Reports\Campaign500\PSGNormal\campaign500_psg_normal_prod200_c03_o011_s100_n050_report.csv","Assets/ArrowMagic/SOData/Levels/Campaign500PSGNormal/Chunks/prod200_c03_o011_s100_n050/campaign500_psg_prod200_c03_o011_s100_n050_174_sgp_pressure_hard_campaign500_layout_soft_l209_lock.asset","209","21","lock","4","Peak","layout_soft","0.982","141","6","Style=PressureCampaignMedium | Score=46722 | TargetInitial=10 | OpeningRatio=0.043 | EarlyChoices=33.3/62 | LocalRun=5 | Jump=9.9 | NearRate=0.58 | Direction=n/a | Peel style=PressureCampaignMedium seed=21152099 fill=1082/1102(0.982) chains=141 remaining=20 rejectedShort=0 failedPeels=1 | FlipGate=ops=2 initial=6->6 edgeHeads=15->13 earlyChoices=33.3/62 localRun=5 jump=9.9 near=0.58 targetInitial=5"
"1","campaign500_psg_prod200_c03_o011_s100_n050_179_sgp_pressure_hard_campaign500_language_a_l211_sweep","D:\Unityproject\ArrowLevel-Hand-campaign500-psg-normal-c03\Assets\ArrowMagic\SOData\Levels\Campaign500PSGNormal\Chunks\prod200_c03_o011_s100_n050\campaign500_psg_prod200_c03_o011_s100_n050_179_sgp_pressure_hard_campaign500_language_a_l211_sweep.asset","Campaign500PSGNormalUnified","D:\Unityproject\ArrowLevel-Hand-campaign500-psg-normal-c03","D:\Unityproject\ArrowLevel-Hand-campaign500-psg-normal-c03\Assets\ArrowMagic\SOData\Reports\Campaign500\PSGNormal\campaign500_psg_normal_prod200_c03_o011_s100_n050_report.csv","Assets/ArrowMagic/SOData/Levels/Campaign500PSGNormal/Chunks/prod200_c03_o011_s100_n050/campaign500_psg_prod200_c03_o011_s100_n050_179_sgp_pressure_hard_campaign500_language_a_l211_sweep.asset","211","22","sweep","1","Recovery","language_a","0.995","84","3","Style=PressureCampaignSweepLang | Score=16156 | TargetInitial=6 | OpeningRatio=0.036 | EarlyChoices=38.8/67 | LocalRun=4 | Jump=7.8 | NearRate=0.58 | Direction=n/a | Peel style=PressureCampaignSweepLang seed=20250132 fill=815/819(0.995) chains=84 remaining=4 rejectedShort=0 failedPeels=1"
"1","campaign500_psg_prod200_c03_o011_s100_n050_188_sgp_pressure_hard_campaign500_layout_soft_l212_maze","D:\Unityproject\ArrowLevel-Hand-campaign500-psg-normal-c03\Assets\ArrowMagic\SOData\Levels\Campaign500PSGNormal\Chunks\prod200_c03_o011_s100_n050\campaign500_psg_prod200_c03_o011_s100_n050_188_sgp_pressure_hard_campaign500_layout_soft_l212_maze.asset","Campaign500PSGNormalUnified","D:\Unityproject\ArrowLevel-Hand-campaign500-psg-normal-c03","D:\Unityproject\ArrowLevel-Hand-campaign500-psg-normal-c03\Assets\ArrowMagic\SOData\Reports\Campaign500\PSGNormal\campaign500_psg_normal_prod200_c03_o011_s100_n050_report.csv","Assets/ArrowMagic/SOData/Levels/Campaign500PSGNormal/Chunks/prod200_c03_o011_s100_n050/campaign500_psg_prod200_c03_o011_s100_n050_188_sgp_pressure_hard_campaign500_layout_soft_l212_maze.asset","212","22","maze","1","Normal","layout_soft","0.987","97","5","Style=PressureCampaignMedium | Score=21438 | TargetInitial=7 | OpeningRatio=0.062 | EarlyChoices=24.4/45 | LocalRun=7 | Jump=8.1 | NearRate=0.68 | Direction=n/a | Peel style=PressureCampaignMedium seed=19814540 fill=681/690(0.987) chains=97 remaining=9 rejectedShort=0 failedPeels=1 | FlipGate=ops=2 initial=6->5 edgeHeads=11->9 earlyChoices=23.1/41 localRun=7 jump=8.1 near=0.71 targetInitial=4"
"1","campaign500_psg_prod200_c03_o011_s100_n050_197_sgp_pressure_hard_campaign500_layout_soft_l215_dense","D:\Unityproject\ArrowLevel-Hand-campaign500-psg-normal-c03\Assets\ArrowMagic\SOData\Levels\Campaign500PSGNormal\Chunks\prod200_c03_o011_s100_n050\campaign500_psg_prod200_c03_o011_s100_n050_197_sgp_pressure_hard_campaign500_layout_soft_l215_dense.asset","Campaign500PSGNormalUnified","D:\Unityproject\ArrowLevel-Hand-campaign500-psg-normal-c03","D:\Unityproject\ArrowLevel-Hand-campaign500-psg-normal-c03\Assets\ArrowMagic\SOData\Reports\Campaign500\PSGNormal\campaign500_psg_normal_prod200_c03_o011_s100_n050_report.csv","Assets/ArrowMagic/SOData/Levels/Campaign500PSGNormal/Chunks/prod200_c03_o011_s100_n050/campaign500_psg_prod200_c03_o011_s100_n050_197_sgp_pressure_hard_campaign500_layout_soft_l215_dense.asset","215","22","dense","1","Normal","layout_soft","0.980","108","5","Style=PressureCampaignShort | Score=9784 | TargetInitial=8 | OpeningRatio=0.056 | EarlyChoices=18.4/35 | LocalRun=7 | Jump=6.5 | NearRate=0.71 | Direction=n/a | Peel style=PressureCampaignShort seed=31313174 fill=625/638(0.980) chains=108 remaining=13 rejectedShort=0 failedPeels=1 | FlipGate=ops=6 initial=6->5 edgeHeads=14->10 earlyChoices=13.6/27 localRun=6 jump=6.5 near=0.68 targetInitial=4"
"1","campaign500_psg_prod200_c03_o011_s100_n050_209_sgp_pressure_hard_campaign500_layout_soft_l220_lock","D:\Unityproject\ArrowLevel-Hand-campaign500-psg-normal-c03\Assets\ArrowMagic\SOData\Levels\Campaign500PSGNormal\Chunks\prod200_c03_o011_s100_n050\campaign500_psg_prod200_c03_o011_s100_n050_209_sgp_pressure_hard_campaign500_layout_soft_l220_lock.asset","Campaign500PSGNormalUnified","D:\Unityproject\ArrowLevel-Hand-campaign500-psg-normal-c03","D:\Unityproject\ArrowLevel-Hand-campaign500-psg-normal-c03\Assets\ArrowMagic\SOData\Reports\Campaign500\PSGNormal\campaign500_psg_normal_prod200_c03_o011_s100_n050_report.csv","Assets/ArrowMagic/SOData/Levels/Campaign500PSGNormal/Chunks/prod200_c03_o011_s100_n050/campaign500_psg_prod200_c03_o011_s100_n050_209_sgp_pressure_hard_campaign500_layout_soft_l220_lock.asset","220","22","lock","1","Normal","layout_soft","0.980","89","4","Style=PressureCampaignMedium | Score=11527 | TargetInitial=6 | OpeningRatio=0.056 | EarlyChoices=23.4/41 | LocalRun=9 | Jump=6.3 | NearRate=0.77 | Direction=n/a | Peel style=PressureCampaignMedium seed=27548212 fill=625/638(0.980) chains=89 remaining=13 rejectedShort=0 failedPeels=1 | FlipGate=ops=1 initial=5->4 edgeHeads=9->8 earlyChoices=23.1/41 localRun=9 jump=6.0 near=0.81 targetInitial=4"
"1","campaign500_psg_prod200_c03_o011_s100_n050_192_sgp_pressure_hard_campaign500_layout_soft_l214_lock","D:\Unityproject\ArrowLevel-Hand-campaign500-psg-normal-c03\Assets\ArrowMagic\SOData\Levels\Campaign500PSGNormal\Chunks\prod200_c03_o011_s100_n050\campaign500_psg_prod200_c03_o011_s100_n050_192_sgp_pressure_hard_campaign500_layout_soft_l214_lock.asset","Campaign500PSGNormalUnified","D:\Unityproject\ArrowLevel-Hand-campaign500-psg-normal-c03","D:\Unityproject\ArrowLevel-Hand-campaign500-psg-normal-c03\Assets\ArrowMagic\SOData\Reports\Campaign500\PSGNormal\campaign500_psg_normal_prod200_c03_o011_s100_n050_report.csv","Assets/ArrowMagic/SOData/Levels/Campaign500PSGNormal/Chunks/prod200_c03_o011_s100_n050/campaign500_psg_prod200_c03_o011_s100_n050_192_sgp_pressure_hard_campaign500_layout_soft_l214_lock.asset","214","22","lock","3","Pressure","layout_soft","0.982","118","4","Style=PressureCampaignMedium | Score=28826 | TargetInitial=8 | OpeningRatio=0.034 | EarlyChoices=23.8/37 | LocalRun=11 | Jump=5.5 | NearRate=0.81 | Direction=n/a | Peel style=PressureCampaignMedium seed=24145255 fill=810/825(0.982) chains=118 remaining=15 rejectedShort=0 failedPeels=1"
"1","campaign500_psg_prod200_c03_o011_s100_n050_205_sgp_pressure_hard_campaign500_layout_soft_l219_section","D:\Unityproject\ArrowLevel-Hand-campaign500-psg-normal-c03\Assets\ArrowMagic\SOData\Levels\Campaign500PSGNormal\Chunks\prod200_c03_o011_s100_n050\campaign500_psg_prod200_c03_o011_s100_n050_205_sgp_pressure_hard_campaign500_layout_soft_l219_section.asset","Campaign500PSGNormalUnified","D:\Unityproject\ArrowLevel-Hand-campaign500-psg-normal-c03","D:\Unityproject\ArrowLevel-Hand-campaign500-psg-normal-c03\Assets\ArrowMagic\SOData\Reports\Campaign500\PSGNormal\campaign500_psg_normal_prod200_c03_o011_s100_n050_report.csv","Assets/ArrowMagic/SOData/Levels/Campaign500PSGNormal/Chunks/prod200_c03_o011_s100_n050/campaign500_psg_prod200_c03_o011_s100_n050_205_sgp_pressure_hard_campaign500_layout_soft_l219_section.asset","219","22","section","2","Normal","layout_soft","0.983","117","5","Style=PressureCampaignMedium | Score=29406 | TargetInitial=8 | OpeningRatio=0.043 | EarlyChoices=20.9/44 | LocalRun=7 | Jump=9.3 | NearRate=0.55 | Direction=n/a | Peel style=PressureCampaignMedium seed=33166813 fill=811/825(0.983) chains=117 remaining=14 rejectedShort=0 failedPeels=1"
"1","campaign500_psg_prod200_c03_o011_s100_n050_203_sgp_pressure_hard_campaign500_language_b_l219_section","D:\Unityproject\ArrowLevel-Hand-campaign500-psg-normal-c03\Assets\ArrowMagic\SOData\Levels\Campaign500PSGNormal\Chunks\prod200_c03_o011_s100_n050\campaign500_psg_prod200_c03_o011_s100_n050_203_sgp_pressure_hard_campaign500_language_b_l219_section.asset","Campaign500PSGNormalUnified","D:\Unityproject\ArrowLevel-Hand-campaign500-psg-normal-c03","D:\Unityproject\ArrowLevel-Hand-campaign500-psg-normal-c03\Assets\ArrowMagic\SOData\Reports\Campaign500\PSGNormal\campaign500_psg_normal_prod200_c03_o011_s100_n050_report.csv","Assets/ArrowMagic/SOData/Levels/Campaign500PSGNormal/Chunks/prod200_c03_o011_s100_n050/campaign500_psg_prod200_c03_o011_s100_n050_203_sgp_pressure_hard_campaign500_language_b_l219_section.asset","219","22","section","2","Normal","language_b","0.990","98","3","Style=PressureCampaignSectionLang | Score=33137 | TargetInitial=6 | OpeningRatio=0.031 | EarlyChoices=27.0/50 | LocalRun=5 | Jump=7.1 | NearRate=0.55 | Direction=n/a | Peel style=PressureCampaignSectionLang seed=7381851 fill=784/792(0.990) chains=98 remaining=8 rejectedShort=0 failedPeels=1"
"1","campaign500_psg_prod200_c03_o011_s100_n050_215_sgp_pressure_hard_campaign500_language_b_l222_lock","D:\Unityproject\ArrowLevel-Hand-campaign500-psg-normal-c03\Assets\ArrowMagic\SOData\Levels\Campaign500PSGNormal\Chunks\prod200_c03_o011_s100_n050\campaign500_psg_prod200_c03_o011_s100_n050_215_sgp_pressure_hard_campaign500_language_b_l222_lock.asset","Campaign500PSGNormalUnified","D:\Unityproject\ArrowLevel-Hand-campaign500-psg-normal-c03","D:\Unityproject\ArrowLevel-Hand-campaign500-psg-normal-c03\Assets\ArrowMagic\SOData\Reports\Campaign500\PSGNormal\campaign500_psg_normal_prod200_c03_o011_s100_n050_report.csv","Assets/ArrowMagic/SOData/Levels/Campaign500PSGNormal/Chunks/prod200_c03_o011_s100_n050/campaign500_psg_prod200_c03_o011_s100_n050_215_sgp_pressure_hard_campaign500_language_b_l222_lock.asset","222","23","lock","1","Normal","language_b","0.988","96","3","Style=PressureCampaignLockLang | Score=29476 | TargetInitial=5 | OpeningRatio=0.031 | EarlyChoices=24.1/52 | LocalRun=7 | Jump=10.4 | NearRate=0.61 | Direction=n/a | Peel style=PressureCampaignLockLang seed=20897316 fill=771/780(0.988) chains=96 remaining=9 rejectedShort=0 failedPeels=1"
"1","campaign500_psg_prod200_c04_o011_s150_n050_08_sgp_pressure_hard_campaign500_layout_soft_l226_section","D:\Unityproject\ArrowLevel-Hand-campaign500-psg-normal-c04\Assets\ArrowMagic\SOData\Levels\Campaign500PSGNormal\Chunks\prod200_c04_o011_s150_n050\campaign500_psg_prod200_c04_o011_s150_n050_08_sgp_pressure_hard_campaign500_layout_soft_l226_section.asset","Campaign500PSGNormalUnified","D:\Unityproject\ArrowLevel-Hand-campaign500-psg-normal-c04","D:\Unityproject\ArrowLevel-Hand-campaign500-psg-normal-c04\Assets\ArrowMagic\SOData\Reports\Campaign500\PSGNormal\campaign500_psg_normal_prod200_c04_o011_s150_n050_report.csv","Assets/ArrowMagic/SOData/Levels/Campaign500PSGNormal/Chunks/prod200_c04_o011_s150_n050/campaign500_psg_prod200_c04_o011_s150_n050_08_sgp_pressure_hard_campaign500_layout_soft_l226_section.asset","226","23","section","1","Normal","layout_soft","0.980","98","4","Style=PressureCampaignMedium | Score=18609 | TargetInitial=7 | OpeningRatio=0.051 | EarlyChoices=29.5/53 | LocalRun=9 | Jump=6.6 | NearRate=0.61 | Direction=n/a | Peel style=PressureCampaignMedium seed=12694161 fill=729/744(0.980) chains=98 remaining=15 rejectedShort=0 failedPeels=1 | FlipGate=ops=1 initial=5->4 edgeHeads=10->9 earlyChoices=28.0/53 localRun=9 jump=6.4 near=0.65 targetInitial=4"
"1","campaign500_psg_prod200_c04_o011_s150_n050_19_sgp_pressure_hard_campaign500_language_c_l230_sweep","D:\Unityproject\ArrowLevel-Hand-campaign500-psg-normal-c04\Assets\ArrowMagic\SOData\Levels\Campaign500PSGNormal\Chunks\prod200_c04_o011_s150_n050\campaign500_psg_prod200_c04_o011_s150_n050_19_sgp_pressure_hard_campaign500_language_c_l230_sweep.asset","Campaign500PSGNormalUnified","D:\Unityproject\ArrowLevel-Hand-campaign500-psg-normal-c04","D:\Unityproject\ArrowLevel-Hand-campaign500-psg-normal-c04\Assets\ArrowMagic\SOData\Reports\Campaign500\PSGNormal\campaign500_psg_normal_prod200_c04_o011_s150_n050_report.csv","Assets/ArrowMagic/SOData/Levels/Campaign500PSGNormal/Chunks/prod200_c04_o011_s150_n050/campaign500_psg_prod200_c04_o011_s150_n050_19_sgp_pressure_hard_campaign500_language_c_l230_sweep.asset","230","23","sweep","1","Recovery","language_c","0.996","76","2","Style=PressureCampaignSweepLang | Score=27053 | TargetInitial=5 | OpeningRatio=0.026 | EarlyChoices=23.2/51 | LocalRun=5 | Jump=9.5 | NearRate=0.58 | Direction=n/a | Peel style=PressureCampaignSweepLang seed=29759989 fill=767/770(0.996) chains=76 remaining=3 rejectedShort=0 failedPeels=1"
