"levelId","path","width","height","chains","solved","steps","outerSimpleChainCount","outerSimpleChainRate","outerSimpleCellRate","outerSimpleSideMax","outerLongStraightChainCount","outerLongStraightChainRate","outerLongStraightCellRate","outerLongStraightSideMax","straightLikeChainCount","straightLikeChainRate","straightLikeCellRate","longLowTurnChainCount","longLowTurnChainRate","longLowTurnCellRate","dominantHeadDirRate","stripeVisualRiskScore","outerExitHeadCount","outerExitHeadRate","outerExitHeadSideMax","counterfactualDecisionSteps","counterfactualForcedStepRate","counterfactualBranchDivergenceAvg","counterfactualBranchDivergenceMax","counterfactualBestFutureValueAvg","counterfactualGreedyFutureValueAvg","counterfactualGreedyRegretAvg","counterfactualMeaningfulOptionRate","counterfactualLocalOnlyStepRate","counterfactualFakeChoiceRate","branchChoiceProbeSteps","branchNextChoiceSampleCount","branchNextChoicesAvg","branchNextChoiceMinAvg","branchNextChoiceMaxAvg","branchNextChoiceSpreadAvg","branchNextChoiceStdAvg","branchNextChoiceChokeRate","branchNextChoiceComfortRate","branchNextChoiceExplosionRate","branchHasChokeStepRate","branchUsefulTensionStepRate","branchFlatConsequenceStepRate","frontierDrainSteps","frontierDrainNextChoicesAvg","frontierDrainNextChoicesMin","frontierDrainNextChoicesMax","frontierDrainDeltaAvg","frontierDrainCompressionRate","frontierDrainRebuildRate","frontierDrainChokeRate","frontierDrainForcedSingleRate","frontierDrainComfortRate","frontierDrainExplosionRate","frontierDrainRemoteChokeCount","frontierDrainRemoteChokeRate","frontierDrainRemoteChokeBestJump","frontierDrainRemoteChokeScoreV1","frontierDrainRemoteChokePattern","choiceRhythmScoreV1","choiceChokeMomentScoreV1","choiceChokeSwitchScoreV1","choiceChokeHardBreakScoreV1","choiceChokeCompositeBreakScoreV1","choiceChokeSweepContinuationRiskScore","choiceControlScoreV1","counterfactualScoreV1","antiFlowScoreV1","outerCleanScoreV1","difficultyScoreV1","openers","avgChoices","choiceP50","choiceP80","maxChoices","over8Rate","over10Rate","over12Rate","low1Rate","low2Rate","choiceChokeWindowCount","choiceChokeNonOpeningWindowCount","choiceChokeMidLateWindowCount","choiceChokeWindowStepCount","choiceChokeMidLateStepCount","choiceChokeWindowMaxLen","choiceForcedSingleRunMax","choiceChokeBestWindow","choiceChokeWindowPattern","choiceChokeSwitchStepCount","choiceChokeAfterLocalSwitchCount","choiceChokeSwitchFrontierBreakCount","choiceChokeAfterLocalFrontierBreakCount","choiceChokeSwitchNewRegionPickCount","choiceChokeAfterLocalNewRegionPickCount","choiceChokeSwitchDirectionalBreakCount","choiceChokeAfterLocalDirectionalBreakCount","choiceChokeSwitchWindowCount","choiceChokeAfterLocalSwitchWindowCount","choiceChokeCompositeBreakWindowCount","choiceChokeSwitchMidLateStepCount","choiceChokeSwitchForcedSingleCount","choiceChokeSwitchWindowMaxLen","choiceChokeSwitchLocalRunBeforeMax","choiceChokeLow2ContinuityRunMax","choiceChokeSwitchContinuityRunMax","choiceChokeSwitchLow2Rate","choiceChokeAfterLocalSwitchRate","choiceChokeSwitchAvgJump","choiceChokeSwitchRegionChangeRate","choiceChokeSwitchFrontierBreakRate","choiceChokeSwitchNewRegionPickRate","choiceChokeSwitchDirectionalBreakRate","choiceChokeSwitchBestWindow","choiceChokeSwitchWindowPattern","choiceChokeCompositeBreakBestWindow","choiceChokeCompositeBreakWindowPattern","choicePeakCount","choicePeakRate","choicePeakExcess","outerAvailableChoiceAvg","outerAvailableChoiceMax","outerAvailableChoiceRate","outerAvailableHeavyStepRate","outerExitAvailableChoiceAvg","outerExitAvailableChoiceMax","outerExitAvailableChoiceRate","outerExitAvailableHeavyStepRate","sameSideOuterAvailableChoiceMax","sameSideOuterExitAvailableChoiceMax","unlockBursts","keyLockSteps","maxUnlockBurst","meaningfulUnlocks","localConveyorEdges","meaningfulUnlockRate","localConveyorRunMax","localUnlockBurstCount","localUnlockBurstMax","nearOuterLocalUnlockBurstMax","avgSolveJumpDistance","nearSolveRunMax","sameRegionSolveRunMax","localPatchSolveCount","localPatchSolveRate","localPatchSolveRunMax","localPatchDependencyCount","localPatchDependencyRate","localPatchDependencyRunMax","nearOuterPatchSolveCount","nearOuterPatchSolveRate","nearOuterPatchSolveRunMax","sameSideNearOuterPatchSolveCount","sameSideNearOuterPatchSolveRate","sameSideNearOuterPatchSolveRunMax","localWindow5MicroMax","localWindow5NeighborMax","nearOuterWindow5NeighborMax","dependencyFollowCount","dependencyFollowRate","dependencyFollowRunMax","dependencyFollowMeaningfulRate","dependencyRegionTransitionRate","dependencyDirectionChangeRate","dependencyFarRate","dependencyDistanceAvg","dependencyDistanceMin","dependencyDistanceP20","dependencySameSideOuterRate","dependencySameSideSameDirOuterRate","sameSideSameDirOuterDependencyRunMax","dependencyRegionEntropy","dependencyRegionPairEntropy","dependencyLocalSameRegionRate","dependencySameAxisHeadRate","dependencySameDirHeadRate","traceRegionTransitionRate","traceDirectionChangeRate","traceOuterSameSideSameDirRunMax","solveVectorRunMax","solveVectorChangeRate","edgeInwardSweepRunMax","edgeInwardSweepSide","directionalSweepRiskScore","solveTraceQualityScore","solveTraceCollapseRiskScore","solveAxisDriftRate","solveAxisChangeCount","solveAxisTransitionCount","solveAxisEntropy","solveHeadDirEntropy","solveSameAxisRunMax","solveSameDirHeadRunMax","solveRegionEntropy","solveRegionVisitCount","solveRegionCollapseRunMax","solveRegionDominanceRate","solveFrontWidthAvg","solveFrontWidthMin","solveFrontWidthLowRate","solveFrontWidthNarrowRate","dependencyBraidBadLocalRate","dependencyBraidScore","hardStructureV3Score","hardStructureV3RawScore","hardStructureV3Class","causalEdgeCount","causalDistanceAvg","causalDistanceP20","causalCudAvg","causalCudP20","causalCudP50","causalUnlockLagAvg","causalUnlockLagP90","causalSolveDelayAvg","causalSolveDelayP90","causalCriticalLockCount","causalCrossRegionCriticalLockCount","causalFanoutMax","causalAntiLocalityScore","causalCrossRegionRate","causalDirectionChangeRate","supportClosureHubCount","supportClosureQualifiedHubCount","supportClosureQualifiedIndependentCount","supportClosureQualifiedMinOverlap","supportClosureQualifiedRoots","supportClosureAvgScore","supportClosureBestScore","supportClosureBestRawScore","supportClosureBestRoot","supportClosureBestDepth","supportClosureBestNodeCount","supportClosureBestEdgeCount","supportClosureBestValidRate","supportClosureBestConveyorRate","supportClosureBestRegionEntropy","supportClosureBestFrontierEntropy","supportClosureBestBranchMax","supportClosureBestLinearity","supportClosureBestCrossRegionRate","supportClosureBestDirectionChangeRate","supportClosureBestAvgDistance","supportClosureBestAvgDelay","supportClosureBestDelayVariance","strictDualGateCandidate","strictDualGateFailReasons","strictDualGateRawCandidate","strictDualGateRawFailReasons","strictDualGateCore","strictDualGateGateA","strictDualGateGateB","strictDualGateRayBlockers","strictDualGateGateAAncestors","strictDualGateGateBAncestors","strictDualGateGateARegion","strictDualGateGateBRegion","strictDualGateGateDistance","strictDualGateCoreFirstAvailableStep","strictDualGateGateAClearStep","strictDualGateGateBClearStep","strictDualGateAOnlyOpensCore","strictDualGateBOnlyOpensCore","strictDualGateAPlusBOpensCore","strictDualGateAInfluencesB","strictDualGateBInfluencesA","plannedTraceAnchorBridgeReplayScore","plannedTraceAnchorBridgeReplayDepth","plannedTraceAnchorBridgeReplayTarget","plannedTraceAnchorBridgeReplayHub","plannedTraceAnchorBridgeReplaySupport","plannedTraceAnchorBridgeReplayUpstream","plannedTraceAnchorBridgeReplayStaticTarget","plannedTraceAnchorBridgeReplayStaticSupport","plannedTraceAnchorBridgeReplayStaticUpstream","plannedTraceAnchorBridgeReplayOrderTarget","plannedTraceAnchorBridgeReplayOrderSupport","plannedTraceAnchorBridgeReplayOrderUpstream","plannedTraceAnchorBridgeReplayRegionEntropy","plannedTraceAnchorBridgeReplayAvgDelay","plannedTraceAnchorBridgeReplayFailureClass","plannedBridgePressureScore","plannedBridgeRequiredAvailableSteps","plannedBridgeRequiredClearSteps","plannedBridgeRequiredClearRate","plannedBridgeBypassAvailableSteps","plannedBridgeBypassAvailableRate","plannedBridgeBypassClearSteps","plannedBridgeBypassClearRate","plannedBridgeBypassClearRunMax","plannedBridgeBypassChoiceAvg","plannedBridgeBypassChoiceMax","directionalSolveRunMax","outerNearFollowCount","outerNearFollowRate","outerNearFollowRunMax","sameSideOuterFollowCount","sameSideOuterFollowRate","sameSideOuterFollowRunMax","outerNearDependencyCount","outerNearDependencyRate","outerNearDependencyRunMax","sameSideOuterDependencyCount","sameSideOuterDependencyRate","sameSideOuterDependencyRunMax","outerStraightSolveCount","outerStraightSolveRatio","outerStraightRunMax","sameSideOuterStraightRunMax","outerExitSolveCount","outerExitSolveRatio","outerExitSolveRunMax","sameSideOuterExitSolveRunMax","activeRegionAvg","stageGateRate","openedRegionCount","firstThirdRegionCount","lateRegionCount","regionActivationSpread","stageLockScore","choiceWindowMean","choiceWindowStd","choiceWindowMaxStd","choiceBandScore","collapsePressureIndex","choiceChangeRate","collapseEventRate","choiceRiseRate","choiceFlatRate","lowChoiceRunMax","unlockSpikeIndex","unlockEventDensity","unlockImpactPerStep","unlockPower","postSpikeConvergence","crossRegionUnlockRate","boringLinearScore","structuredHardnessV21","pseudoDepthTraceRisk","choiceWaveHead","sourceRhythmClass","sourceChoicePressure","sourcePseudoDepthRisk","processTier","processTierReason","tightProcessTier","tightProcessTierReason"
"campaign500_shape_psg_newbie4_01_L004_crystalball","F:\Unityproject\ArrowLevel-Hand\Exports\C5V5F100\U\Assets\ArrowMagic\SOData\Levels\Production\Campaign500ShapePsgNewbie4\campaign500_shape_psg_newbie4_01_L004_crystalball.asset","24","28","55","True","55","0","0","0","0","0","0","0","0","0","0","0","1","0.018","0.022","0.6","0.132","0","0","0","53","0.036","4.243","8.798","4.243","2.672","1.571","0.269","0.17","0.453","53","237","4.367","3.472","4.868","1.396","0.596","0.08","0.743","0.008","0.208","0.094","0.472","55","2.382","0","4","-1.964","0.273","0","0.455","0.273","0.545","0","0","0","0","0","","0.58","0.895","0.25","0.296","0.665","0.128","0.464","0.886","0.285","0.991","0.648","1","4.35","4","5","8","0","0","0","0.036","0.127","3","2","1","7","2","4","1","7-10:2 2 2 2","1-1:1;7-10:2 2 2 2;54-55:2 1","4","2","0","0","1","1","3","1","2","1","1","2","1","4","1","4","2","0.571","0.5","13.2","1","0","0.25","0.75","7-10:2 2 2 2|switch=7,9|afterLocal=7,9|frontierBreak=|newRegion=9|dirBreak=9","7-10:2 2 2 2|switch=7,9|afterLocal=7,9|frontierBreak=|newRegion=9|dirBreak=9;54-55:2 1|switch=54,55|afterLocal=|frontierBreak=|newRegion=|dirBreak=54,55","7-10:2 2 2 2|switch=7,9|afterLocal=7,9|frontierBreak=|newRegion=9|dirBreak=9","7-10:2 2 2 2|switch=7,9|afterLocal=7,9|frontierBreak=|newRegion=9|dirBreak=9","1","0.018","1","0.745","3","0.172","0.018","0","0","0","0","2","0","14","3","3","44","10","0.815","1","4","2","2","7.502","3","4","35","0.648","8","25","0.463","4","16","0.296","6","14","0.259","4","3","5","5","31","0.574","4","0.774","0.419","0.29","0.419","5.227","1.508","2.385","0.129","0.097","1","0.943","0.921","0.574","0.759","0.63","0.593","0.333","1","3","0.774","2","B","0.386","0.707","0.401","0.259","14","54","0.818","0.75","18","11","0.944","9","5","0.164","3.309","1","0.091","0.182","0.806","0.171","0.068","0.506","LocalEasy","54","5.443","2.909","8.906","5.1","8.364","1","1","3.407","8","14","9","3","0.185","0.426","0.37","14","0","0","1","","0.024","0.334","0.668","28","2","2","4","0.5","0.5","1","0.918","1","1","0.75","0.25","7.557","5.5","6.946","False","gateAncestryOverlap|gateSystemsInterdependent","False","gateAncestryOverlap|gateSystemsInterdependent","21","15","11","15;10;13;11;9","0;3;4;6;8;9;12;13;14;15","0;3;4;6;8;9;10;11","5","2","10.08","19","14","18","False","False","True","False","False","0","0","-1","-1","-1","-1","0","0","0","0","0","0","0","0","missingStaticTargetRay","0","0","0","0","0","0","0","0","0","0","0","11","2","0.037","2","2","0.037","2","1","0.019","1","1","0.019","1","0","0","0","0","0","0","0","0","3.309","0.182","9","5","4","0.636","0.694","4.518","0.728","1.414","0.552","1","0.574","0.315","0.259","0.426","4","1.214","0.255","1.709","0.477","0.333","0.643","0.375","0.57","DependencyFollowRun","1 3 3 4 4 3 2 2 2 2 3 3 4 5 6 5 5 5 4 4 5 5 4 4 4 4 4 5 5 5 6 6 5 4 4 5 6 6 5 5","","","","B","flow or late-campaign only","B","closest current-pool curve"
"campaign500_normal_full_v1_s01_s13_123_nutation_flow_rail_v1_rect_s11_o102_v02_flowrail_rail_chain","F:\Unityproject\ArrowLevel-Hand\Exports\C5V5F100\U\Assets\ArrowMagic\SOData\Levels\Campaign500NormalFullV1\s01_s13\campaign500_normal_full_v1_s01_s13_123_nutation_flow_rail_v1_rect_s11_o102_v02_flowrail_rail_chain.asset","18","24","38","True","38","4","0.105","0.109","2","2","0.053","0.049","1","2","0.053","0.049","6","0.158","0.174","0.447","0.212","9","0.237","6","37","0.026","5.942","10.4","6.026","2.691","3.335","0.469","0.054","0.676","37","181","5.022","3.919","5.595","1.676","0.709","0.066","0.541","0.044","0.162","0.081","0.27","38","3.789","0","7","-1","0.132","0","0.316","0.158","0.447","0","1","0.026","9.5","0.475","35:3->1|regions=2;3->5|jump=9.5|cleared=8","0.638","0.718","0.495","0.054","0.157","0.024","0.295","0.983","0.471","0.05","0.594","7","4.79","5","6","8","0","0","0","0.026","0.079","2","2","2","3","3","2","1","37-38:2 1","16-16:2;37-38:2 1","3","0","0","0","0","0","1","0","2","0","0","3","1","2","0","2","2","1","0","11.5","0.667","0","0","0.333","37-38:2 1|switch=37,38|afterLocal=|frontierBreak=|newRegion=|dirBreak=37","16-16:2|switch=16|afterLocal=|frontierBreak=|newRegion=|dirBreak=;37-38:2 1|switch=37,38|afterLocal=|frontierBreak=|newRegion=|dirBreak=37","","","2","0.053","2","3.553","7","0.742","0.605","0.974","7","0.203","0.211","5","5","10","1","3","28","3","0.903","1","1","2","2","11.722","1","2","16","0.432","6","11","0.297","4","13","0.351","3","5","0.135","1","2","5","4","14","0.378","4","0.929","0.714","0.643","0.714","7.001","1.462","2.833","0.214","0.071","1","0.978","0.97","0.419","0.419","0.387","0.838","0.595","3","2","0.889","2","L","0.176","0.878","0.163","0.541","20","37","0.968","0.846","7","6","0.977","9","3","0.158","3.895","1","0.053","0.132","0.857","0.398","0.079","0.587","LocalEasy","31","6.5","2.747","11.468","7.867","11.1","1","1","3.839","13","10","8","3","0.194","0.581","0.613","10","0","0","1","","0.036","0.359","0.718","8","2","3","3","1","0","1","1","2","0.5","1","0.333","9","0.667","0.471","False","aPlusBDoesNotOpenCore","False","aPlusBDoesNotOpenCore","11","10","9","10;1;3;6;9","2;5;7;10","6;9","1","0","10.17","18","17","9","False","False","False","False","False","0","0","-1","-1","-1","-1","0","0","0","0","0","0","0","0","missingStaticTargetRay","0","0","0","0","0","0","0","0","0","0","0","6","2","0.054","2","1","0.027","1","2","0.065","2","1","0.032","1","2","0.053","1","1","9","0.237","4","4","3.895","0.132","9","8","1","0.579","0.383","4.853","0.8","1.497","0.404","1","0.73","0.459","0.27","0.27","2","1.1","0.263","1.447","0.399","0","0.8","0.283","0.533","DependencyFollowRun","7 7 6 5 5 4 5 5 4 4 5 4 5 4 3 2 3 4 5 5 4 6 7 8 8 7 6 6 6 5 4 5 5 4 3 3 2 1","","","","B","flow or late-campaign only","Drop","openers > 4; avg > 4; p80 > 5; max > 7; local patch solve run; near-outer patch solve run; local window burst"
"campaign500_longchain_prod200_pool_v1_02_l003_long_normal_a_normal_s01_slot_seedweave_braid_carrier","F:\Unityproject\ArrowLevel-Hand\Exports\C5V5F100\U\Assets\ArrowMagic\SOData\Levels\Campaign500LongChainProd200PoolV1\campaign500_longchain_prod200_pool_v1_02_l003_long_normal_a_normal_s01_slot_seedweave_braid_carrier.asset","12","16","15","True","15","0","0","0","0","0","0","0","0","0","0","0","0","0","0","0.4","0.028","7","0.467","4","13","0.133","4.929","7.35","5.194","1.471","3.723","0.306","0.154","0.615","13","59","5.119","3.615","5.154","1.538","0.644","0.153","0.305","0.102","0.385","0.077","0.077","15","2.333","0","4","-1.733","0.067","0","0.533","0.2","0.467","0","1","0.067","7.824","0.578","10:2->2|regions=6;7->0;8|jump=7.824|cleared=4","0.672","0.614","0.547","0.258","0.512","0.319","0.428","0.896","0.695","0.1","0.627","7","4.07","4","7","8","0","0","0","0.133","0.4","1","1","1","6","6","6","2","10-15:2 1 2 2 2 1","10-15:2 1 2 2 2 1","6","2","1","0","2","0","5","1","1","1","1","6","2","6","2","4","4","1","0.333","8.129","1","0.167","0.333","0.833","10-15:2 1 2 2 2 1|switch=10,11,12,13,14,15|afterLocal=10,15|frontierBreak=12|newRegion=12,14|dirBreak=10,11,12,13,14","10-15:2 1 2 2 2 1|switch=10,11,12,13,14,15|afterLocal=10,15|frontierBreak=12|newRegion=12,14|dirBreak=10,11,12,13,14","10-15:2 1 2 2 2 1|switch=10,11,12,13,14,15|afterLocal=10,15|frontierBreak=12|newRegion=12,14|dirBreak=10,11,12,13,14","10-15:2 1 2 2 2 1|switch=10,11,12,13,14,15|afterLocal=10,15|frontierBreak=12|newRegion=12,14|dirBreak=10,11,12,13,14","1","0.067","1","3.2","7","0.787","0.533","2.067","6","0.508","0.6","4","3","2","0","2","7","1","0.875","1","0","1","1","7.943","1","1","7","0.5","3","3","0.214","1","7","0.5","3","3","0.214","1","2","3","3","4","0.286","1","0.75","0.75","0.5","0.5","5.372","2.536","2.536","0.5","0.25","1","0.98","0.98","0.125","0.5","0.375","0.929","0.714","3","2","0.923","2","R","0.03","0.924","0.123","0.429","6","14","0.837","0.916","6","4","0.974","8","2","0.2","3.2","1","0.133","0.4","0.75","0.325","0.115","0.468","LocalEasy","8","5.284","2.536","10.659","7.536","12.5","1","1","2","4","2","1","2","0.125","0.875","0.625","2","0","0","1","","0","0","0.138","5","0","0","2","0","1","0","0","0","0","1","0.5","4.254","6.5","2.5","False","gateBInfluencesATemporalWindow|gateAHasNoUpstreamControl","False","gateBInfluencesATemporalWindow|gateAHasNoUpstreamControl","14","7","13","7;5;13","7","5;13","4","7","7.31","11","1","10","False","False","True","False","True","0","0","-1","-1","-1","-1","0","0","0","0","0","0","0","0","missingStaticTargetRay","0","0","0","0","0","0","0","0","0","0","0","4","4","0.286","1","2","0.143","1","2","0.25","1","2","0.25","1","0","0","0","0","7","0.467","3","2","3.2","0.4","8","6","2","0.8","0.633","3.927","0.885","1.166","0.644","1","0.714","0.571","0.143","0.286","6","1","0.133","0.8","0.267","0","0.5","0.269","0.509","OuterExitHeadVisual","7 8 7 7 6 5 4 4 3 2 1 2 2 2 1","","","","A","usable process curve","Drop","openers > 4; avg > 4; p80 > 5; max > 7; near-outer patch solve run"
"tutorial_simple_01_hi","F:\Unityproject\ArrowLevel-Hand\Exports\C5V5F100\U\Assets\ArrowMagic\SOData\Levels\LevelImportV1\TutorialSimple\tutorial_simple_01_hi.asset","10","7","6","True","6","0","0","0","0","0","0","0","0","0","0","0","0","0","0","0.5","0.076","3","0.5","2","5","0.167","3.046","4.3","3.046","1.589","1.458","0.308","0.2","0.4","5","13","2.154","1.6","2.4","0.8","0.381","0.615","0.385","0","0.8","0.2","0.4","6","0.667","0","1","-1.667","0.167","0","1","1","0","0","0","0","0","0","","0.574","0","0.869","0.31","0.604","0.246","0.832","0.872","0.712","0.245","0.711","4","2.33","2","3","4","0","0","0","0.167","0.667","1","1","1","4","3","4","1","3-6:2 2 2 1","3-6:2 2 2 1","4","3","0","0","1","1","2","2","1","1","1","3","1","4","3","4","4","1","0.75","3.875","1","0","0.25","0.5","3-6:2 2 2 1|switch=3,4,5,6|afterLocal=4,5,6|frontierBreak=|newRegion=4|dirBreak=4,6","3-6:2 2 2 1|switch=3,4,5,6|afterLocal=4,5,6|frontierBreak=|newRegion=4|dirBreak=4,6","3-6:2 2 2 1|switch=3,4,5,6|afterLocal=4,5,6|frontierBreak=|newRegion=4|dirBreak=4,6","3-6:2 2 2 1|switch=3,4,5,6|afterLocal=4,5,6|frontierBreak=|newRegion=4|dirBreak=4,6","0","0","0","1.833","4","0.786","0.333","1.667","3","0.714","0.5","2","2","0","0","1","2","0","1","0","0","1","1","3.7","2","0","3","0.6","3","1","0.2","1","3","0.6","3","2","0.4","2","2","3","3","1","0.2","1","1","1","1","0","2","2","2","0","0","0","1","1","0","0","0","1","0.6","0","2","0.5","1","L","0.03","0.866","0.097","0.6","3","5","1","1","2","2","0.97","5","1","0.333","2.333","1","0.167","0.667","1","0.52","0.229","0.407","MediumStructure","2","3.25","2","8.75","7","7","1","1","0.5","1","0","0","1","0.5","1","1","0","0","0","1","","0","0","0","-1","0","0","0","0","0","0","0","0","0","0","0","0","0","0","False","gateBInfluencesATemporalWindow|gateDistanceTooSmall|gateAHasNoUpstreamControl","False","gateBInfluencesATemporalWindow|gateDistanceTooSmall|gateAHasNoUpstreamControl","2","1","4","1;4","1","3;4","4","5","3","4","1","3","False","False","True","False","True","0","0","-1","-1","-1","-1","0","0","0","0","0","0","0","0","missingStaticTargetRay","0","0","0","0","0","0","0","0","0","0","0","2","2","0.4","2","0","0","0","0","0","0","0","0","0","0","0","0","0","3","0.5","2","1","2.333","0.667","5","4","1","0.5","0.632","2.3","0.716","0.8","0.778","1","0.6","0.6","0","0.4","4","0","0","0.333","0.18","0","0","0.469","0.447","VisibleOuterExitPressure","4 3 2 2 2 1","","","","A","usable process curve","A","near tight curve"
"seed_Arrowz_level_035_holeblock_multiseed_final","F:\Unityproject\ArrowLevel-Hand\Exports\C5V5F100\U\Assets\ArrowMagic\SOData\Levels\Production\HoleMask\Early\hole_early_16x18_standard_r01_seed_Arrowz_level_035_20260611_143152.asset","16","18","22","True","22","2","0.091","0.131","1","2","0.091","0.131","1","6","0.273","0.346","4","0.182","0.323","0.318","0.332","5","0.227","3","21","0.045","3.606","9.328","3.606","2.406","1.2","0.278","0.19","0.381","21","81","3.605","2.857","4.095","1.238","0.551","0.198","0.741","0","0.381","0.19","0.524","22","1.5","0","4","-2.227","0.409","0","0.773","0.591","0.227","0","1","0.045","6.808","0.46","15:2->2|regions=0;8->1|jump=6.808|cleared=4","0.65","0.905","0.75","0.174","0.2","0","0.78","0.86","0.596","0.075","0.713","6","3.73","4","5","6","0","0","0","0.045","0.182","2","2","2","4","4","2","1","21-22:2 1","14-15:2 2;21-22:2 1","2","1","0","0","0","0","2","1","2","1","0","2","0","2","1","2","1","0.5","0.5","15.917","1","0","0","1","21-22:2 1|switch=21|afterLocal=21|frontierBreak=|newRegion=|dirBreak=21","14-15:2 2|switch=14|afterLocal=|frontierBreak=|newRegion=|dirBreak=14;21-22:2 1|switch=21|afterLocal=21|frontierBreak=|newRegion=|dirBreak=21","","","0","0","0","2.455","6","0.659","0.364","1.636","5","0.439","0.364","2","3","5","1","3","15","1","0.938","0","2","2","2","8.606","1","1","10","0.476","4","5","0.238","3","10","0.476","4","6","0.286","1","3","5","5","6","0.286","3","1","0.5","1","0.667","5.825","2","2.833","0","0","0","0.991","0.956","0.375","0.25","0.25","0.667","0.857","0","2","0.95","1","R","0.109","0.855","0.055","0.667","14","21","1","0.985","3","2","0.969","7","2","0.182","2.773","1","0.091","0.364","0.833","0.477","0.083","0.435","LocalEasy","16","5.462","2.833","10.15","5.833","11","1","1","1.562","3","5","2","3","0.125","0.625","0.75","5","0","0","1","","0","0","0.119","3","0","0","2","0","1","0","0","0","0","1","1","6","1.5","1.5","False","triConvergentBackboneDominates","True","","10","12","15","12;13;15;18","0;2;12","13;15;18","3","6","5","10","5","9","False","False","True","False","False","0","0","-1","-1","-1","-1","0","0","0","0","0","0","0","0","missingStaticTargetRay","0","0","0","0","0","0","0","0","0","0","0","2","2","0.095","1","2","0.095","1","0","0","0","0","0","0","2","0.091","1","1","5","0.227","3","1","2.773","0.364","7","6","1","0.682","0.504","3.767","0.859","1.166","0.758","1","0.762","0.524","0.238","0.238","2","1.2","0.227","1.364","0.389","1","0.4","0.243","0.725","OuterExitHeadVisual","6 5 4 4 5 6 5 4 3 3 5 4 3 2 2 3 4 4 4 3 2 1","","","","B","flow or late-campaign only","B","closest current-pool curve"
"nutation_longchain_candidate80_holefix_v1_03_nutation_longchain_patch_v1_rect_c80hf_01_d1_lock_patch","F:\Unityproject\ArrowLevel-Hand\Exports\C5V5F100\U\Assets\ArrowMagic\SOData\Levels\DirectProcedural\NutationLongChainCandidate80HolefixV1\nutation_longchain_candidate80_holefix_v1_03_nutation_longchain_patch_v1_rect_c80hf_01_d1_lock_patch.asset","22","30","64","True","64","2","0.031","0.038","1","2","0.031","0.038","1","2","0.031","0.038","2","0.031","0.038","0.375","0.068","5","0.078","3","60","0.062","4.571","9.65","4.768","2.46","2.309","0.397","0.1","0.617","60","292","5.024","3.917","5.417","1.5","0.616","0.055","0.521","0.048","0.167","0.083","0.417","64","3.484","0","8","-1.141","0.219","0.016","0.375","0.156","0.391","0.016","2","0.031","17.773","0.866","41:2->2|regions=0;2->6;8|jump=17.773|cleared=6;50:2->1|regions=0;7->6|jump=11.182|cleared=7","0.62","1","0.83","0.233","0.66","0","0.35","0.957","0.43","0.195","0.614","4","4.62","5","6","8","0","0","0","0.062","0.125","3","3","3","8","8","4","3","50-53:2 1 1 1","41-42:2 2;50-53:2 1 1 1;63-64:2 1","7","1","2","0","3","0","7","1","3","1","1","7","4","4","1","2","2","0.875","0.143","21.4","1","0.286","0.429","1","50-53:2 1 1 1|switch=51,52,53|afterLocal=51|frontierBreak=52,53|newRegion=52,53|dirBreak=51,52,53","41-42:2 2|switch=41,42|afterLocal=|frontierBreak=|newRegion=42|dirBreak=41,42;50-53:2 1 1 1|switch=51,52,53|afterLocal=51|frontierBreak=52,53|newRegion=52,53|dirBreak=51,52,53;63-64:2 1|switch=63,64|afterLocal=|frontierBreak=|newRegion=|dirBreak=63,64","50-53:2 1 1 1|switch=51,52,53|afterLocal=51|frontierBreak=52,53|newRegion=52,53|dirBreak=51,52,53","50-53:2 1 1 1|switch=51,52,53|afterLocal=51|frontierBreak=52,53|newRegion=52,53|dirBreak=51,52,53","2","0.031","2","2.578","5","0.557","0.641","0.391","3","0.084","0.125","2","2","19","5","4","50","10","0.833","1","2","2","2","12.162","2","3","32","0.508","5","22","0.349","3","21","0.333","5","13","0.206","2","2","5","5","26","0.413","3","0.885","0.462","0.462","0.462","6.866","2.024","3.696","0.385","0.231","1","0.988","0.929","0.583","0.55","0.467","0.667","0.635","1","2","0.839","2","B","0.187","0.833","0.184","0.587","37","63","0.997","0.914","6","6","0.989","9","4","0.141","3.484","1","0.062","0.172","0.923","0.152","0.071","0.529","LocalEasy","60","6.322","3.482","10.572","6.273","9.25","1","1","3.517","8","19","11","4","0.167","0.417","0.533","19","0","0","1","","0.019","0.367","0.735","13","2","3","7","0.429","0.571","0.918","1","2","0.5","1","0.571","7.573","3.286","2.914","False","triConvergentBackboneDominates","True","","55","41","38","41;26;38;53;31;18","1;2;11;13;29;32;41;46;53;63","18;26;31;38","7","6","7.1","54","53","15","False","False","True","False","False","0","0","-1","-1","-1","-1","0","0","0","0","0","0","0","0","missingStaticTargetRay","0","0","0","0","0","0","0","0","0","0","0","6","6","0.095","2","4","0.063","1","6","0.1","2","4","0.067","1","2","0.031","1","1","5","0.078","1","1","3.484","0.172","9","8","1","0.688","0.397","4.737","0.924","2.059","0.458","1","0.746","0.444","0.302","0.254","4","1.316","0.297","1.938","0.507","0.4","0.579","0.271","0.6","OuterExitHeadVisual","4 4 4 3 4 3 4 4 5 7 7 8 7 6 7 6 5 5 4 6 7 8 7 6 6 5 6 7 7 7 6 5 4 5 7 6 5 5 4 3","","","","B","flow or late-campaign only","B","closest current-pool curve"
"nutation_longchain_candidate80_holefix_v1_15_nutation_longchain_patch_v1_rect_c80hf_04_d1_core_patch","F:\Unityproject\ArrowLevel-Hand\Exports\C5V5F100\U\Assets\ArrowMagic\SOData\Levels\DirectProcedural\NutationLongChainCandidate80HolefixV1\nutation_longchain_candidate80_holefix_v1_15_nutation_longchain_patch_v1_rect_c80hf_04_d1_core_patch.asset","24","34","75","True","75","1","0.013","0.016","1","0","0","0","0","1","0.013","0.008","1","0.013","0.016","0.427","0.063","6","0.08","3","74","0.013","5.21","8.9","5.459","2.839","2.621","0.397","0.041","0.649","74","452","6.524","5.338","7.081","1.743","0.639","0.029","0.219","0.29","0.095","0.041","0.365","75","5.04","0","10","-1.133","0.04","0.013","0.133","0.08","0.427","0.12","2","0.027","19.144","0.853","71:3->1|regions=4;5->7|jump=19.144|cleared=9;72:3->1|regions=5;7->8|jump=10.667|cleared=16","0.299","0.566","1","0.24","0.28","0","0","0.978","0.526","0.135","0.546","5","6.17","7","8","10","0.107","0","0","0.013","0.053","2","2","2","4","4","2","1","74-75:2 1","16-17:2 2;74-75:2 1","3","2","0","0","0","0","3","2","2","2","0","3","1","2","2","2","2","0.75","0.667","17.311","0.667","0","0","1","74-75:2 1|switch=74,75|afterLocal=74|frontierBreak=|newRegion=|dirBreak=74,75","16-17:2 2|switch=16|afterLocal=16|frontierBreak=|newRegion=|dirBreak=16;74-75:2 1|switch=74,75|afterLocal=74|frontierBreak=|newRegion=|dirBreak=74,75","","","19","0.253","29","2.907","6","0.471","0.507","0.507","4","0.082","0.107","3","2","19","6","4","60","10","0.857","1","5","2","2","14.389","1","2","27","0.365","4","18","0.243","2","18","0.243","4","13","0.176","3","3","5","5","29","0.392","3","0.931","0.621","0.379","0.724","8.857","2.029","4.708","0.138","0.103","1","0.991","0.941","0.471","0.614","0.529","0.784","0.568","2","2","0.877","2","B","0.109","0.907","0.141","0.5","37","74","1","0.89","6","6","0.997","9","3","0.133","4.2","1","0.027","0.12","0.621","0.375","0.157","0.619","LocalEasy","70","8.087","4","12.544","7.619","11.026","1","1","5.086","12","19","13","4","0.314","0.529","0.471","19","1","1","1","42:d3:b3:n6:s0.915:nodes[24;48;51;56;57;60]","0.09","0.915","0.915","42","3","6","8","0.75","0.25","0.896","1","3","0.333","0.75","0.75","9.364","1.625","1.409","False","triConvergentBackboneDominates","True","","50","26","39","26;35;39","9;23;25;26","0;6;21;22;27;35;39","7","6","10.46","52","13","51","False","False","True","False","False","0","0","-1","-1","-1","-1","0","0","0","0","0","0","0","0","missingStaticTargetRay","0","0","0","0","0","0","0","0","0","0","0","6","5","0.068","1","4","0.054","1","3","0.043","1","2","0.029","1","0","0","0","0","6","0.08","2","1","4.2","0.107","9","9","0","0.253","0.129","6.296","0.809","1.96","0","1","0.662","0.405","0.257","0.338","2","1.368","0.253","1.84","0.504","0.667","0.684","0.269","0.548","OuterExitHeadVisual","5 6 8 7 6 7 6 5 5 4 4 3 3 3 3 2 2 5 6 6 8 10 10 9 8 7 7 7 7 7 8 7 6 7 6 5 6 7 7 9","","","","B","flow or late-campaign only","Drop","openers > 4; avg > 4; p80 > 5; max > 7; over8 too frequent; local patch solve run; near-outer patch solve run; local window burst"
"campaign500_shape_psg_direction3_01_L023_train","F:\Unityproject\ArrowLevel-Hand\Exports\C5V5F100\U\Assets\ArrowMagic\SOData\Levels\Production\Campaign500ShapePsgDirection3\campaign500_shape_psg_direction3_01_L023_train.asset","37","29","87","True","87","0","0","0","0","0","0","0","0","1","0.011","0.008","0","0","0","0.425","0.049","2","0.023","2","86","0.011","4.756","9.365","4.756","2.639","2.117","0.311","0.081","0.593","86","457","5.626","4.477","6.105","1.628","0.675","0.035","0.512","0.219","0.128","0.093","0.419","87","3.322","0","9","-2.103","0.264","0","0.345","0.161","0.552","0.046","0","0","0","0","","0.474","0.541","0.29","0.045","0.155","0.048","0.038","0.931","0.16","0.61","0.503","2","5.43","5","7","10","0.115","0","0","0.011","0.034","2","1","1","3","2","2","1","86-87:2 1","1-1:2;86-87:2 1","2","0","0","0","0","0","2","0","1","0","0","2","1","2","0","2","2","0.667","0","30.5","1","0","0","1","86-87:2 1|switch=86,87|afterLocal=|frontierBreak=|newRegion=|dirBreak=86,87","86-87:2 1|switch=86,87|afterLocal=|frontierBreak=|newRegion=|dirBreak=86,87","","","16","0.184","30","0.805","2","0.148","0","0.644","2","0.119","0.011","2","2","24","5","3","68","17","0.8","1","6","2","2","11.967","5","6","37","0.43","7","29","0.337","3","7","0.081","2","6","0.07","2","4","5","4","41","0.477","5","0.854","0.561","0.463","0.415","7.654","0.308","3.403","0.024","0","0","0.971","0.924","0.518","0.612","0.518","0.721","0.616","0","3","0.845","2","B","0.264","0.749","0.284","0.512","44","86","0.988","0.858","6","6","0.972","9","7","0.184","3.425","1","0.046","0.138","0.732","0.363","0.075","0.553","LocalEasy","85","6.714","3.072","10.832","6.424","10","1","1","3.894","12","24","13","3","0.235","0.482","0.482","24","0","0","1","","0.016","0.388","0.776","31","2","3","3","1","0","0.918","1","2","0.5","0.667","0.667","9.1","29.333","25.902","False","gateAncestryOverlap|gateSystemsInterdependent","False","gateAncestryOverlap|gateSystemsInterdependent","25","19","23","19;23;17","0;1;4;8;10;14;19","0;2;3;5;6;7;17;23","4","3","6.5","25","24","9","False","False","True","False","False","0","0","-1","-1","-1","-1","0","0","0","0","0","0","0","0","missingStaticTargetRay","0","0","0","0","0","0","0","0","0","0","0","6","0","0","0","0","0","0","0","0","0","0","0","0","0","0","0","0","2","0.023","1","1","3.425","0.138","9","5","3","0.667","0.678","5.573","0.777","1.6","0.192","1","0.628","0.349","0.279","0.372","2","1.208","0.276","1.759","0.478","0.2","0.542","0.421","0.474","DependencyFollowRun","2 3 3 4 4 4 4 5 5 5 4 3 4 4 3 4 5 5 4 3 3 4 5 4 4 6 8 7 6 7 6 5 5 4 5 6 6 8 8 9","","","","B","flow or late-campaign only","Drop","avg > 4; p80 > 5; max > 7; over8 too frequent; nearby solve run; local patch solve run; local window burst"
"nutation_longchain_candidate80_holefix_v1_16_nutation_longchain_spine_v1_rect_c80hf_04_d1_core_spine","F:\Unityproject\ArrowLevel-Hand\Exports\C5V5F100\U\Assets\ArrowMagic\SOData\Levels\DirectProcedural\NutationLongChainCandidate80HolefixV1\nutation_longchain_candidate80_holefix_v1_16_nutation_longchain_spine_v1_rect_c80hf_04_d1_core_spine.asset","24","34","60","True","60","6","0.1","0.135","2","2","0.033","0.03","1","2","0.033","0.03","6","0.1","0.135","0.433","0.16","6","0.1","2","59","0.017","4.492","10.15","4.558","3.141","1.417","0.465","0.102","0.373","59","363","5.86","5.153","6.475","1.322","0.53","0.014","0.317","0.061","0.034","0","0.661","60","3.167","0","6","-2.9","0.283","0","0.333","0.183","0.617","0","0","0","0","0","","0.369","0.585","0.43","0.04","0.04","0","0.225","0.961","0.451","0.05","0.549","6","6.07","6","7","8","0","0","0","0.017","0.033","1","1","1","2","2","2","1","59-60:2 1","59-60:2 1","1","0","0","0","0","0","1","0","1","0","0","1","0","2","0","2","1","0.5","0","43.333","1","0","0","1","59-60:2 1|switch=59|afterLocal=|frontierBreak=|newRegion=|dirBreak=59","59-60:2 1|switch=59|afterLocal=|frontierBreak=|newRegion=|dirBreak=59","","","6","0.1","6","3.2","6","0.527","0.8","0.933","4","0.154","0.3","3","2","12","3","3","52","2","0.963","1","3","2","2","13.547","1","3","27","0.458","4","18","0.305","4","14","0.237","3","11","0.186","3","3","5","5","28","0.475","7","0.964","0.679","0.536","0.75","9.364","2","5.667","0.214","0.107","1","0.975","0.947","0.426","0.537","0.481","0.746","0.593","1","3","0.845","1","B","0.079","0.848","0.261","0.441","26","59","0.993","0.857","8","8","0.989","9","4","0.15","5.033","1","0.033","0.05","0.643","0.402","0.135","0.62","LocalEasy","54","7.655","3.5","12.174","7.611","11.5","1","1","4.815","14","12","10","3","0.278","0.574","0.519","12","0","0","1","","0","0","0.063","45","0","0","2","0","1","0","0","0","0","0","1","4.64","0.5","0.5","False","triConvergentBackboneDominates","True","","21","19","16","19;16;10;18;9","1;8;10;18;19","9;16","3","0","9","22","21","2","False","False","True","False","False","0","0","-1","-1","-1","-1","0","0","0","0","0","0","0","0","missingStaticTargetRay","0","0","0","0","0","0","0","0","0","0","0","8","2","0.034","1","2","0.034","1","2","0.037","1","2","0.037","1","2","0.033","1","1","6","0.1","4","1","5.033","0.05","9","8","1","0.4","0.3","6.218","0.649","1.414","0","1","0.542","0.339","0.203","0.458","2","1.25","0.2","1.5","0.449","0","0.833","0.368","0.433","DependencyFollowRun","6 6 6 5 5 5 5 5 5 7 8 7 7 6 6 8 7 7 7 6 6 6 6 5 6 5 7 6 6 6 6 7 8 7 7 7 7 7 7 8","","","","A","usable process curve","Drop","openers > 4; avg > 4; p80 > 5; max > 7; local patch solve run; near-outer patch solve run; local window burst"
"campaign500_normal_full_v1_s01_s13_13_nutation_flow_rail_v1_rect_s02_o011_v00_flowrail_rail_chain","F:\Unityproject\ArrowLevel-Hand\Exports\C5V5F100\U\Assets\ArrowMagic\SOData\Levels\Campaign500NormalFullV1\s01_s13\campaign500_normal_full_v1_s01_s13_13_nutation_flow_rail_v1_rect_s02_o011_v00_flowrail_rail_chain.asset","18","24","40","True","40","5","0.125","0.194","2","2","0.05","0.054","1","2","0.05","0.054","5","0.125","0.194","0.425","0.191","6","0.15","3","39","0.025","5.825","14.979","5.825","2.826","2.999","0.365","0.179","0.487","39","200","5.45","4.179","5.974","1.795","0.769","0.08","0.39","0.14","0.231","0.077","0.487","40","4.125","0","10","-0.95","0.175","0.025","0.35","0.175","0.3","0.125","0","0","0","0","","0.504","0.946","0.83","0.174","0.28","0","0.15","0.928","0.491","0.11","0.555","5","5.08","5","7","9","0.05","0","0","0.025","0.15","3","3","3","6","5","3","1","8-10:2 2 2","8-10:2 2 2;12-12:2;39-40:2 1","4","1","0","0","0","0","4","1","3","1","0","3","1","3","3","3","2","0.667","0.25","15.844","1","0","0","1","39-40:2 1|switch=39,40|afterLocal=|frontierBreak=|newRegion=|dirBreak=39,40","8-10:2 2 2|switch=8|afterLocal=|frontierBreak=|newRegion=|dirBreak=8;12-12:2|switch=12|afterLocal=12|frontierBreak=|newRegion=|dirBreak=12;39-40:2 1|switch=39,40|afterLocal=|frontierBreak=|newRegion=|dirBreak=39,40","","","4","0.1","6","3.3","6","0.65","0.65","0.475","4","0.094","0.175","2","3","7","4","5","32","3","0.914","1","2","3","2","12.479","2","2","13","0.333","5","7","0.179","2","9","0.231","5","7","0.179","5","3","5","5","12","0.308","2","0.833","0.75","0.417","0.667","7.727","2.946","3.527","0.333","0.167","2","0.992","0.965","0.314","0.4","0.343","0.872","0.538","2","2","0.789","2","T","0.187","0.919","0.113","0.513","20","39","0.993","0.901","5","5","0.991","9","3","0.125","3.825","1","0.125","0.25","0.583","0.334","0.107","0.667","LocalEasy","35","6.929","3.54","12.529","8.955","13.278","1","1","4.114","12","7","6","5","0.286","0.686","0.657","7","1","1","1","11:d2:b4:n5:s0.429:nodes[16;17;21;24;25]","0.168","0.746","0.746","27","3","3","5","0.6","0.4","1","0.811","1","1","0.6","0.8","6.7","6.6","4.176","False","aPlusBDoesNotOpenCore","False","aPlusBDoesNotOpenCore","13","7","9","7;10;9;12;5","1;7","3;4;6;9","7","3","9.45","21","4","12","False","False","False","False","False","0","0","-1","-1","-1","-1","0","0","0","0","0","0","0","0","missingStaticTargetRay","0","0","0","0","0","0","0","0","0","0","0","5","2","0.051","2","2","0.051","2","1","0.029","1","1","0.029","1","2","0.05","1","1","6","0.15","2","2","3.825","0.25","9","6","3","0.525","0.688","5.272","0.946","1.939","0.308","1","0.667","0.487","0.179","0.333","3","2.143","0.175","2.275","0.627","0","0.857","0.217","0.558","OuterExitHeadVisual","5 5 4 3 4 4 3 2 2 2 3 2 6 6 7 6 5 4 7 7 6 9 9 8 7 6 8 7 7 7 6 6 5 5 5 5 4 3 2 1","","","","B","flow or late-campaign only","B","closest current-pool curve"
"campaign500_normal_full_v1_s39_s50_tail_06_nutation_peel_v2_rect_s41_o407_v02_peelhard_curve_chain","F:\Unityproject\ArrowLevel-Hand\Exports\C5V5F100\U\Assets\ArrowMagic\SOData\Levels\Campaign500NormalFullV1\s39_s50_tail\campaign500_normal_full_v1_s39_s50_tail_06_nutation_peel_v2_rect_s41_o407_v02_peelhard_curve_chain.asset","26","34","92","True","92","0","0","0","0","0","0","0","0","0","0","0","0","0","0","0.304","0","7","0.076","3","91","0.011","5.423","11.129","5.427","2.448","2.979","0.414","0.055","0.692","91","580","7.09","5.714","7.989","2.275","0.848","0.017","0.243","0.471","0.055","0.033","0.22","92","6","0","12","-0.652","0.196","0","0.25","0.098","0.141","0.391","0","0","0","0","","0.3","0.484","0.562","0.174","0.275","0.024","0","0.982","0.421","0.16","0.52","8","6.65","7","9","11","0.207","0.043","0","0.011","0.022","1","1","1","2","2","2","1","91-92:2 1","91-92:2 1","2","1","0","0","0","0","2","1","1","1","0","2","1","2","1","2","2","1","0.5","17.5","1","0","0","1","91-92:2 1|switch=91,92|afterLocal=91|frontierBreak=|newRegion=|dirBreak=91,92","91-92:2 1|switch=91,92|afterLocal=91|frontierBreak=|newRegion=|dirBreak=91,92","","","39","0.424","70","3.652","8","0.549","0.674","0.989","6","0.149","0.152","4","2","27","7","4","69","15","0.821","1","9","3","3","13.078","1","4","38","0.418","6","27","0.297","4","22","0.242","2","18","0.198","2","4","5","5","39","0.429","4","0.897","0.462","0.462","0.538","7.206","2","4.375","0.205","0.128","1","0.993","0.916","0.607","0.56","0.5","0.692","0.582","1","3","0.9","1","B","0.169","0.831","0.234","0.429","39","91","0.988","0.991","8","6","0.995","9","5","0.13","4.5","1","0.011","0.043","0.692","0.265","0.073","0.54","LocalEasy","84","6.081","3.286","10.105","6.727","9.276","1","1","5.667","18","27","13","4","0.238","0.393","0.5","27","0","0","1","","0.052","0.383","0.767","44","2","3","5","0.6","0.4","1","1","2","0.5","0.6","0.4","8.349","6.2","11.426","False","triConvergentBackboneDominates","True","","38","20","13","20;14;13;7","2;11;14;16;20;22;24;72","0;7;13","4","1","8.3","71","70","4","False","False","True","False","False","0","0","-1","-1","-1","-1","0","0","0","0","0","0","0","0","missingStaticTargetRay","0","0","0","0","0","0","0","0","0","0","0","6","5","0.055","1","5","0.055","1","5","0.06","1","5","0.06","1","0","0","0","0","7","0.076","2","2","4.5","0.043","9","8","1","0.478","0.326","6.727","0.867","1.96","0","1","0.769","0.473","0.297","0.231","2","1.333","0.293","1.935","0.507","0.286","0.481","0.313","0.482","DependencyFollowRun","8 8 8 9 8 7 7 6 8 7 8 10 9 8 7 8 8 9 9 8 8 7 6 7 6 9 8 7 6 5 8 9 9 11 11 11 10 9 8 9","","","","B","flow or late-campaign only","Drop","openers > 4; avg > 4; p80 > 5; max > 7; over8 too frequent; local patch solve run; local window burst"
"campaign500_shape_psg_next10_tail9_02_L083_ballmouse","F:\Unityproject\ArrowLevel-Hand\Exports\C5V5F100\U\Assets\ArrowMagic\SOData\Levels\Production\Campaign500ShapePsgNext10Tail9\campaign500_shape_psg_next10_tail9_02_L083_ballmouse.asset","40","34","91","True","91","0","0","0","0","0","0","0","0","1","0.011","0.011","1","0.011","0.011","0.462","0.071","0","0","0","83","0.088","3.458","9.65","3.608","1.962","1.646","0.324","0.133","0.482","83","334","4.272","3.205","4.566","1.361","0.571","0.114","0.701","0.018","0.301","0.12","0.41","91","2.978","0","7","-0.78","0.143","0.011","0.429","0.198","0.527","0","0","0","0","0","","0.651","1","0","0.508","0.685","0.45","0.616","0.914","0.097","1","0.658","2","3.76","4","5","8","0","0","0","0.088","0.253","7","6","5","23","20","8","4","65-72:2 2 1 1 1 2 1 2","1-1:2;9-10:2 2;36-42:2 1 2 2 1 1 2;65-72:2 2 1 1 1 2 1 2;81-81:2;83-84:2 2;90-91:2 1","15","9","2","1","5","4","15","9","5","4","3","13","6","8","6","5","3","0.652","0.6","16.249","0.933","0.133","0.333","1","65-72:2 2 1 1 1 2 1 2|switch=65,68,70,71,72|afterLocal=68,70,71,72|frontierBreak=68|newRegion=68,70,72|dirBreak=65,68,70,71,72","9-10:2 2|switch=9,10|afterLocal=9,10|frontierBreak=|newRegion=10|dirBreak=9,10;36-42:2 1 2 2 1 1 2|switch=36,37,39,40,41|afterLocal=36,39|frontierBreak=41|newRegion=41|dirBreak=36,37,39,40,41;65-72:2 2 1 1 1 2 1 2|switch=65,68,70,71,72|afterLocal=68,70,71,72|frontierBreak=68|newRegion=68,70,72|dirBreak=65,68,70,71,72;81-81:2|switch=81|afterLocal=|frontierBreak=|newRegion=|dirBreak=81;90-91:2 1|switch=90,91|afterLocal=90|frontierBreak=|newRegion=|dirBreak=90,91","65-72:2 2 1 1 1 2 1 2|switch=65,68,70,71,72|afterLocal=68,70,71,72|frontierBreak=68|newRegion=68,70,72|dirBreak=65,68,70,71,72","9-10:2 2|switch=9,10|afterLocal=9,10|frontierBreak=|newRegion=10|dirBreak=9,10;36-42:2 1 2 2 1 1 2|switch=36,37,39,40,41|afterLocal=36,39|frontierBreak=41|newRegion=41|dirBreak=36,37,39,40,41;65-72:2 2 1 1 1 2 1 2|switch=65,68,70,71,72|afterLocal=68,70,71,72|frontierBreak=68|newRegion=68,70,72|dirBreak=65,68,70,71,72","1","0.011","1","0.187","2","0.05","0","0","0","0","0","2","0","24","6","3","59","30","0.663","2","11","3","2","8.736","5","6","58","0.644","9","43","0.478","7","9","0.1","2","9","0.1","2","4","5","4","47","0.522","7","0.596","0.277","0.319","0.106","5.851","2.077","3.1","0.043","0.043","1","0.951","0.896","0.697","0.607","0.551","0.456","0.389","1","7","0.697","2","R","0.436","0.643","0.512","0.344","31","90","0.961","0.869","17","17","0.955","8","7","0.198","2.527","1","0.176","0.495","0.915","0.049","0.063","0.469","LocalEasy","89","5.631","3","8.912","5.167","7.5","1","1","2.809","10","24","10","3","0.112","0.303","0.449","24","0","0","1","","0","0","0.14","11","0","0","3","0","1","0","0","0","0","0","0","4.554","3","3.559","False","triConvergentBackboneDominates","True","","17","15","7","15;13;11;7","0;1;3;5;6;8;11;13;15","2;7","4","3","7.14","30","29","5","False","False","True","False","False","0","0","-1","-1","-1","-1","0","0","0","0","0","0","0","0","missingStaticTargetRay","0","0","0","0","0","0","0","0","0","0","0","17","1","0.011","1","1","0.011","1","1","0.011","1","1","0.011","1","0","0","0","0","0","0","0","0","2.527","0.462","8","5","2","0.758","0.675","3.825","0.753","1.6","0.747","1","0.611","0.344","0.267","0.389","8","1.25","0.264","1.769","0.486","0.167","0.417","0.427","0.547","DependencyFollowRun","2 3 3 3 3 4 3 3 2 2 3 5 5 4 5 5 4 4 4 4 4 5 5 5 5 7 8 7 6 5 5 5 4 4 3 2 1 2 2 1","","","","B","flow or late-campaign only","B","closest current-pool curve"
"nutation_hub_mixed_v1_strict30_transform_wide_08_s02_rot180","F:\Unityproject\ArrowLevel-Hand\Exports\C5V5F100\U\Assets\ArrowMagic\SOData\Levels\DirectProcedural\NutationHubMixedV1Strict30TransformWidePool\nutation_hub_mixed_v1_strict30_transform_wide_08_s02_rot180.asset","23","31","94","True","94","4","0.043","0.057","2","0","0","0","0","10","0.106","0.105","9","0.096","0.121","0.34","0.145","18","0.191","6","92","0.021","5.361","12.184","5.651","3.028","2.623","0.478","0.043","0.402","92","534","6.554","5.185","6.837","1.652","0.686","0.041","0.257","0.346","0.185","0.109","0.511","94","3.904","0","8","-2.085","0.128","0.053","0.202","0.096","0.606","0.011","2","0.021","18.25","0.839","88:3->1|regions=2;5->1|jump=18|cleared=6;89:3->2|regions=1;5->3;7|jump=18.25|cleared=6","0.388","0.869","0.6","0.195","0.449","0.458","0","0.986","0.341","0.11","0.499","5","5.99","6","8","10","0.17","0","0","0.021","0.096","3","3","3","9","9","5","1","50-54:2 2 2 2 1","45-46:2 2;50-54:2 2 2 2 1;93-94:2 1","8","2","0","0","2","0","7","2","3","1","1","8","1","5","2","5","5","0.889","0.25","12.465","0.875","0","0.25","0.875","50-54:2 2 2 2 1|switch=50,51,52,53,54|afterLocal=53,54|frontierBreak=|newRegion=52|dirBreak=50,51,52,53,54","45-46:2 2|switch=45,46|afterLocal=|frontierBreak=|newRegion=46|dirBreak=45,46;50-54:2 2 2 2 1|switch=50,51,52,53,54|afterLocal=53,54|frontierBreak=|newRegion=52|dirBreak=50,51,52,53,54;93-94:2 1|switch=93|afterLocal=|frontierBreak=|newRegion=|dirBreak=","50-54:2 2 2 2 1|switch=50,51,52,53,54|afterLocal=53,54|frontierBreak=|newRegion=52|dirBreak=50,51,52,53,54","50-54:2 2 2 2 1|switch=50,51,52,53,54|afterLocal=53,54|frontierBreak=|newRegion=52|dirBreak=50,51,52,53,54","27","0.287","54","3.596","9","0.6","0.606","2","6","0.334","0.553","5","4","18","7","4","85","4","0.955","1","7","3","3","9.901","2","4","48","0.516","6","36","0.387","5","30","0.323","5","24","0.258","4","3","5","5","46","0.495","5","0.957","0.478","0.565","0.543","6.458","2.1","4","0.304","0.087","1","0.989","0.924","0.562","0.551","0.393","0.624","0.559","1","4","0.804","2","B","0.259","0.82","0.277","0.43","40","93","0.995","0.984","8","7","0.994","9","5","0.128","4.479","1","0.053","0.138","0.783","0.246","0.074","0.551","LocalEasy","89","6.089","3.5","10.19","7.1","9.5","1","1","3.73","14","18","11","4","0.191","0.438","0.607","18","0","0","1","","0.037","0.355","0.711","62","2","3","3","1","0","0.918","1","2","0.5","0.667","1","14.533","0.667","0.943","False","triConvergentBackboneDominates","True","","89","56","45","56;45","1;7;25;36;37;40;50;56","3;4;8;10;11;12;13;15;21;24;27;28;33;44;45","5","2","6","57","56","50","False","False","True","False","False","0","0","-1","-1","-1","-1","0","0","0","0","0","0","0","0","missingStaticTargetRay","0","0","0","0","0","0","0","0","0","0","0","7","13","0.14","2","9","0.097","2","11","0.124","2","8","0.09","2","0","0","0","0","18","0.191","2","2","4.479","0.138","9","8","1","0.543","0.382","6.087","0.738","2.191","0.004","1","0.538","0.344","0.194","0.462","5","1.556","0.191","1.819","0.529","0.143","0.611","0.369","0.446","DependencyFollowRun","5 6 6 6 5 5 5 5 7 8 8 7 10 10 10 10 9 9 10 10 10 10 10 10 9 8 8 8 7 7 7 6 6 5 4 4 3 3 3 4","","","","B","flow or late-campaign only","Drop","openers > 4; avg > 4; p80 > 5; max > 7; over8 too frequent; local patch solve run; near-outer patch solve run; local window burst"
"campaign500_normal_early_plus_v1_topup_fastlane1_40_nutation_flow_rail_v1_rect_s32_o311_v00_flowrail_rail_chain","F:\Unityproject\ArrowLevel-Hand\Exports\C5V5F100\U\Assets\ArrowMagic\SOData\Levels\Campaign500NormalFullV1\fastlane1\campaign500_normal_early_plus_v1_topup_fastlane1_40_nutation_flow_rail_v1_rect_s32_o311_v00_flowrail_rail_chain.asset","20","27","47","True","47","5","0.106","0.143","2","4","0.085","0.104","2","6","0.128","0.138","8","0.17","0.206","0.574","0.335","14","0.298","5","46","0.021","5.755","16.434","5.755","2.818","2.938","0.265","0.217","0.565","46","277","6.347","5.239","7.174","1.935","0.762","0.032","0.285","0.285","0.087","0.043","0.261","47","4.213","0","9","-1.915","0.128","0","0.213","0.128","0.553","0.064","0","0","0","0","","0.383","0.494","0.43","0.04","0.04","0","0","0.876","0.518","0.05","0.51","4","6.13","6","8","10","0.149","0","0","0.021","0.043","1","1","1","2","2","2","1","46-47:2 1","46-47:2 1","1","0","0","0","0","0","1","0","1","0","0","1","0","2","0","2","1","0.5","0","16.5","1","0","0","1","46-47:2 1|switch=46|afterLocal=|frontierBreak=|newRegion=|dirBreak=46","46-47:2 1|switch=46|afterLocal=|frontierBreak=|newRegion=|dirBreak=46","","","15","0.319","25","4.638","9","0.757","0.787","2.83","7","0.462","0.745","5","4","14","3","6","39","4","0.907","1","6","2","2","12.368","2","2","21","0.457","5","10","0.217","1","11","0.239","3","8","0.174","2","3","5","4","15","0.326","2","0.867","0.8","0.533","0.733","10.097","1.7","3.233","0.267","0","0","0.981","0.932","0.349","0.465","0.372","0.783","0.5","1","2","0.867","2","B","0.127","0.865","0.188","0.348","16","46","0.925","0.814","7","7","0.985","9","3","0.149","4.319","1","0.043","0.106","0.733","0.473","0.081","0.601","LocalEasy","43","7.479","3.5","12.712","7.69","12.155","1","1","4.86","15","14","9","6","0.186","0.651","0.628","14","0","0","1","","0","0","0.129","3","0","0","2","0","1","0","0","0","0","0","1","3.25","13","12","False","aPlusBDoesNotOpenCore","False","aPlusBDoesNotOpenCore","21","6","20","6;20;13;17;9;10;2","1;6","2;11;13;20","1","3","6.98","31","1","30","False","False","False","False","False","0","0","-1","-1","-1","-1","0","0","0","0","0","0","0","0","missingStaticTargetRay","0","0","0","0","0","0","0","0","0","0","0","7","3","0.065","2","0","0","0","1","0.023","1","0","0","0","4","0.085","1","1","14","0.298","6","2","4.319","0.106","9","8","1","0.426","0.329","6.367","0.941","2.417","0","1","0.804","0.5","0.304","0.196","2","1.429","0.298","2.277","0.586","0.667","0.643","0.216","0.598","OuterExitHeadVisual","4 5 5 10 9 8 8 8 7 8 7 8 7 9 8 7 6 7 8 9 10 10 9 8 7 6 5 4 4 5 6 6 5 5 5 6 5 4 3 4","","","","B","flow or late-campaign only","Drop","avg > 4; p80 > 5; max > 7; over8 too frequent; local patch solve run; near-outer patch solve run; local window burst"
"campaign500_shape_psg_review_top3_rescue_01_L038_suspensionbridge_section","F:\Unityproject\ArrowLevel-Hand\Exports\C5V5F100\U\Assets\ArrowMagic\SOData\Levels\Production\Campaign500ShapePsgReviewTop3Rescue\campaign500_shape_psg_review_top3_rescue_01_L038_suspensionbridge_section.asset","40","32","88","True","88","1","0.011","0.018","1","0","0","0","0","0","0","0","2","0.023","0.029","0.398","0.043","0","0","0","84","0.045","4.254","11.373","4.254","2.417","1.837","0.213","0.262","0.369","84","465","5.723","4.667","6.214","1.548","0.632","0.049","0.372","0.174","0.167","0.083","0.5","88","2.352","0","6","-3.102","0.455","0","0.568","0.273","0.42","0","0","0","0","0","","0.421","0.963","0.25","0.209","0.266","0.072","0.038","0.839","0.12","0.975","0.5","2","5.45","5","7","10","0.091","0","0","0.045","0.114","5","4","4","10","8","3","2","39-41:2 1 1","1-2:2 2;39-41:2 1 1;44-44:2;47-48:2 1;87-88:2 1","6","2","0","0","0","0","5","1","4","2","0","6","3","3","1","3","2","0.6","0.333","15.811","0.833","0","0","0.833","39-41:2 1 1|switch=40|afterLocal=40|frontierBreak=|newRegion=|dirBreak=40","39-41:2 1 1|switch=40|afterLocal=40|frontierBreak=|newRegion=|dirBreak=40;44-44:2|switch=44|afterLocal=44|frontierBreak=|newRegion=|dirBreak=;47-48:2 1|switch=47,48|afterLocal=|frontierBreak=|newRegion=|dirBreak=47,48;87-88:2 1|switch=87,88|afterLocal=|frontierBreak=|newRegion=|dirBreak=87,88","","","15","0.17","26","0.682","2","0.125","0","0","0","0","0","1","0","23","10","4","70","16","0.814","2","13","3","2","10.187","5","6","45","0.517","8","34","0.391","4","12","0.138","4","7","0.08","3","4","5","5","45","0.517","5","0.756","0.422","0.556","0.333","7.285","1.412","3.333","0.022","0","0","0.959","0.895","0.605","0.581","0.407","0.563","0.598","0","3","0.814","2","T","0.373","0.721","0.314","0.529","46","87","0.982","0.935","6","6","0.957","8","7","0.193","2.932","1","0.136","0.341","0.756","0.296","0.072","0.531","LocalEasy","86","6.175","2.923","10.117","6","9.25","1","1","4.116","15","23","13","4","0.198","0.395","0.593","23","0","0","1","","0.065","0.853","0.853","36","3","5","11","0.455","0.545","0.961","0.946","2","0.75","0.545","0.727","7.913","6.364","7.036","False","gateAncestryOverlap|gateSystemsInterdependent","False","gateAncestryOverlap|gateSystemsInterdependent","13","9","8","9;8;3;4;0","0;1;3;4;9","0;1;3;5;6;8","3","0","5.67","15","14","6","False","False","True","False","False","0","0","-1","-1","-1","-1","0","0","0","0","0","0","0","0","missingStaticTargetRay","0","0","0","0","0","0","0","0","0","0","0","6","0","0","0","0","0","0","0","0","0","0","0","0","0","0","0","0","0","0","0","0","2.932","0.239","8","5","3","0.614","0.714","5.61","0.913","2.04","0.182","1","0.667","0.402","0.264","0.333","3","1.478","0.261","2.023","0.541","0.3","0.565","0.376","0.515","DependencyFollowRun","2 2 3 4 4 6 7 7 7 7 7 7 6 5 5 5 6 6 7 7 6 5 5 4 5 4 5 5 4 5 4 4 5 5 4 4 4 3 2 1","","","","B","flow or late-campaign only","Drop","avg > 4; p80 > 5; max > 7; over8 too frequent; nearby solve run; local patch solve run; near-outer patch solve run; local window burst"
"campaign500_normal_full_v1_s27_s38_129_nutation_peel_rail_v1_rect_s37_o369_v02_peelmid_rail_chain","F:\Unityproject\ArrowLevel-Hand\Exports\C5V5F100\U\Assets\ArrowMagic\SOData\Levels\Campaign500NormalFullV1\s27_s38\campaign500_normal_full_v1_s27_s38_129_nutation_peel_rail_v1_rect_s37_o369_v02_peelmid_rail_chain.asset","26","35","84","True","84","5","0.06","0.088","2","4","0.048","0.065","2","6","0.071","0.091","9","0.107","0.144","0.262","0.131","12","0.143","6","82","0.024","5.805","12.787","5.819","2.75","3.068","0.373","0.085","0.622","82","488","6.393","5.146","7.049","1.902","0.764","0.031","0.273","0.303","0.122","0.061","0.402","84","4.286","0","11","-1.714","0.214","0.012","0.31","0.107","0.321","0.083","0","0","0","0","","0.368","0.899","0.495","0.054","0.157","0.024","0","0.955","0.418","0.05","0.501","6","6","6","8","10","0.131","0","0","0.024","0.083","3","3","3","7","7","3","2","82-84:2 1 1","37-38:2 2;52-53:2 2;82-84:2 1 1","4","0","0","0","0","0","3","0","3","0","0","4","1","3","0","3","2","0.571","0","19.75","1","0","0","0.75","82-84:2 1 1|switch=82,83|afterLocal=|frontierBreak=|newRegion=|dirBreak=82","37-38:2 2|switch=37|afterLocal=|frontierBreak=|newRegion=|dirBreak=37;52-53:2 2|switch=52|afterLocal=|frontierBreak=|newRegion=|dirBreak=52;82-84:2 1 1|switch=82,83|afterLocal=|frontierBreak=|newRegion=|dirBreak=82","","","25","0.298","39","2.214","7","0.369","0.381","0.524","4","0.087","0.167","4","3","22","11","5","71","7","0.91","1","9","2","2","14.52","2","3","32","0.386","6","24","0.289","6","19","0.229","3","14","0.169","2","3","5","4","29","0.349","6","0.931","0.586","0.586","0.759","8.344","0.029","5","0.241","0.138","1","0.993","0.933","0.526","0.487","0.423","0.735","0.687","2","3","0.802","2","T","0.176","0.891","0.127","0.494","41","83","1","1","5","5","0.993","9","4","0.143","4.095","1","0.024","0.107","0.862","0.33","0.075","0.559","LocalEasy","78","7.14","3.278","12.152","7.2","12.312","1","1","4.962","12","22","11","5","0.141","0.474","0.577","22","0","0","1","","0","0","0.358","41","1","1","4","0.25","0.75","0","1","1","1","0.25","0.5","6.012","3.75","3.897","False","triConvergentBackboneDominates","True","","38","34","10","34;10","2;12;18;20;28;31;34;80","7;10","3","0","5","58","57","20","False","False","True","False","False","0","0","-1","-1","-1","-1","0","0","0","0","0","0","0","0","missingStaticTargetRay","0","0","0","0","0","0","0","0","0","0","0","5","0","0","0","0","0","0","0","0","0","0","0","0","4","0.048","1","1","12","0.143","3","2","4.095","0.107","9","8","1","0.631","0.374","6.138","1.054","2.939","0","1","0.759","0.494","0.265","0.241","3","1.636","0.262","2.214","0.579","0.091","0.5","0.232","0.478","DependencyFollowRun","6 5 4 4 5 7 6 5 4 6 7 6 7 6 9 8 8 7 6 5 5 7 9 10 9 8 7 7 6 5 4 3 4 5 4 3 2 2 6 8","","","","B","flow or late-campaign only","Drop","openers > 4; avg > 4; p80 > 5; max > 7; over8 too frequent; local patch solve run; near-outer patch solve run; local window burst"
"campaign500_shape_psg_next10b_07_L153_pumpkin","F:\Unityproject\ArrowLevel-Hand\Exports\C5V5F100\U\Assets\ArrowMagic\SOData\Levels\Production\Campaign500ShapePsgNext10B\campaign500_shape_psg_next10b_07_L153_pumpkin.asset","43","38","131","True","131","0","0","0","0","0","0","0","0","0","0","0","1","0.008","0.014","0.397","0.031","0","0","0","130","0.008","4.149","8.923","4.174","2.098","2.076","0.36","0.115","0.569","130","785","6.195","5.185","6.754","1.569","0.621","0.011","0.338","0.219","0.046","0.023","0.462","131","4.214","0","8","-1.87","0.053","0","0.092","0.046","0.763","0.046","0","0","0","0","","0.333","0.404","0","0","0.147","0.12","0","0.944","0.18","1","0.522","2","6.08","6","8","10","0.061","0","0","0.008","0.023","2","1","1","3","2","2","1","130-131:2 1","1-1:2;130-131:2 1","2","0","0","0","0","0","2","0","1","0","0","2","1","2","0","2","2","0.667","0","26.5","1","0","0","1","130-131:2 1|switch=130,131|afterLocal=|frontierBreak=|newRegion=|dirBreak=130,131","130-131:2 1|switch=130,131|afterLocal=|frontierBreak=|newRegion=|dirBreak=130,131","","","31","0.237","42","0.031","1","0.005","0","0","0","0","0","1","0","33","7","4","83","46","0.643","2","14","3","2","9.225","9","4","81","0.623","13","57","0.438","5","9","0.069","3","9","0.069","3","5","5","5","69","0.531","5","0.71","0.536","0.232","0.116","6.154","1.8","3","0","0","0","0.958","0.915","0.55","0.814","0.69","0.638","0.338","0","5","0.845","1","T","0.418","0.701","0.381","0.215","28","130","0.749","0.854","29","24","0.962","9","5","0.168","4.389","1","0.008","0.053","0.826","0.22","0.069","0.514","LocalEasy","129","5.605","2.857","9.062","5.299","8.583","1","1","5.093","18","33","20","4","0.171","0.45","0.31","33","0","0","1","","0.01","0.338","0.676","81","2","2","5","0.4","0.6","1","0.918","1","1","0.4","0.8","9.652","10.8","20.114","False","gateAncestryOverlap|gateSystemsInterdependent","False","gateAncestryOverlap|gateSystemsInterdependent","35","12","34","12;11;19;34;2","0;1;2;4;11;12","0;1;2;4;5;7;16;19;29;34","4","7","8.6","18","6","17","False","False","True","False","False","0","0","-1","-1","-1","-1","0","0","0","0","0","0","0","0","missingStaticTargetRay","0","0","0","0","0","0","0","0","0","0","0","24","0","0","0","0","0","0","0","0","0","0","0","0","0","0","0","0","0","0","0","0","4.389","0.053","9","7","2","0.595","0.492","6.2","0.68","1.47","0","1","0.577","0.323","0.254","0.423","2","1.242","0.252","1.748","0.488","0.143","0.606","0.446","0.407","DependencyFollowRun","2 3 4 3 3 4 4 4 6 6 5 5 4 5 4 5 5 5 6 6 6 5 5 6 6 6 6 6 5 6 5 5 4 4 5 4 5 5 5 5","","","","B","flow or late-campaign only","Drop","avg > 4; p80 > 5; max > 7; over8 too frequent; weak meaningful unlock; nearby solve run; local patch solve run; near-outer patch solve run; local window burst"
"nutation_longchain_candidate80_v1_72_nutation_longchain_spine_v1_rect_c80_18_d4_weave_spine","F:\Unityproject\ArrowLevel-Hand\Exports\C5V5F100\U\Assets\ArrowMagic\SOData\Levels\DirectProcedural\NutationLongChainCandidate80V1\nutation_longchain_candidate80_v1_72_nutation_longchain_spine_v1_rect_c80_18_d4_weave_spine.asset","36","40","92","True","92","12","0.13","0.155","5","6","0.065","0.074","3","8","0.087","0.089","18","0.196","0.223","0.489","0.286","8","0.087","4","86","0.065","5.156","11.314","5.41","2.678","2.733","0.434","0.058","0.453","86","335","4.128","2.965","4.628","1.663","0.737","0.152","0.642","0.018","0.384","0.186","0.488","92","3.054","0","6","-0.652","0.109","0.076","0.37","0.185","0.554","0","2","0.022","21.038","0.838","75:2->1|regions=3->6|jump=13.423|cleared=12;80:2->1|regions=3;4->6|jump=21.038|cleared=19","0.696","1","0.3","0.413","0.532","0.479","0.628","0.977","0.309","0.102","0.651","4","3.71","4","5","8","0","0","0","0.065","0.228","6","6","6","21","21","6","2","80-85:2 1 1 2 2 2","33-36:2 1 1 2;42-47:2 2 2 2 2 1;67-67:2;75-76:2 2;80-85:2 1 1 2 2 2;91-92:2 1","18","8","2","0","7","4","17","7","6","3","3","18","6","6","7","6","4","0.857","0.444","18.721","1","0.111","0.389","0.944","42-47:2 2 2 2 2 1|switch=42,44,45,46,47|afterLocal=42,44,45,46,47|frontierBreak=|newRegion=44,45,46|dirBreak=42,45,46,47","33-36:2 1 1 2|switch=33,34,35,36|afterLocal=33,36|frontierBreak=35|newRegion=35,36|dirBreak=33,34,35,36;42-47:2 2 2 2 2 1|switch=42,44,45,46,47|afterLocal=42,44,45,46,47|frontierBreak=|newRegion=44,45,46|dirBreak=42,45,46,47;67-67:2|switch=67|afterLocal=|frontierBreak=|newRegion=|dirBreak=67;75-76:2 2|switch=75,76|afterLocal=|frontierBreak=|newRegion=76|dirBreak=75,76;80-85:2 1 1 2 2 2|switch=80,81,82,84|afterLocal=84|frontierBreak=82|newRegion=82|dirBreak=80,81,82,84;91-92:2 1|switch=91,92|afterLocal=|frontierBreak=|newRegion=|dirBreak=91,92","42-47:2 2 2 2 2 1|switch=42,44,45,46,47|afterLocal=42,44,45,46,47|frontierBreak=|newRegion=44,45,46|dirBreak=42,45,46,47","33-36:2 1 1 2|switch=33,34,35,36|afterLocal=33,36|frontierBreak=35|newRegion=35,36|dirBreak=33,34,35,36;42-47:2 2 2 2 2 1|switch=42,44,45,46,47|afterLocal=42,44,45,46,47|frontierBreak=|newRegion=44,45,46|dirBreak=42,45,46,47;80-85:2 1 1 2 2 2|switch=80,81,82,84|afterLocal=84|frontierBreak=82|newRegion=82|dirBreak=80,81,82,84","1","0.011","1","0.793","5","0.214","0.076","0.38","5","0.103","0.109","3","2","19","6","4","76","12","0.864","1","8","2","2","15.237","3","4","48","0.527","7","37","0.407","4","18","0.198","4","13","0.143","3","3","5","5","44","0.484","5","0.932","0.5","0.5","0.455","8.574","0.143","5.476","0.068","0.023","1","0.994","0.94","0.534","0.648","0.58","0.681","0.549","1","2","0.841","2","B","0.278","0.825","0.245","0.462","42","91","0.972","0.886","6","6","0.996","9","5","0.12","2.804","1","0.076","0.37","0.841","0.267","0.074","0.547","LocalEasy","88","8.679","5.335","12.406","7.643","12.07","1","1","2.557","7","19","15","4","0.17","0.466","0.42","19","0","0","1","","0.02","0.374","0.747","41","2","3","6","0.5","0.5","1","1","2","0.5","0.833","0.5","10.271","1.667","2.494","False","triConvergentBackboneDominates","True","","70","61","47","61;47;1","1;9;12;32;39;61","3;5;7;13;16;26;28;33;41;47","0","3","6.52","69","13","68","False","False","True","False","False","0","0","-1","-1","-1","-1","0","0","0","0","0","0","0","0","missingStaticTargetRay","0","0","0","0","0","0","0","0","0","0","0","6","2","0.022","1","1","0.011","1","2","0.023","1","1","0.011","1","6","0.065","1","1","8","0.087","4","2","2.804","0.348","9","8","1","0.609","0.458","3.732","0.702","1.356","0.764","1","0.527","0.319","0.209","0.473","6","1.368","0.207","1.696","0.495","0","0.789","0.385","0.576","DependencyFollowRun","4 5 4 4 6 6 5 5 5 5 4 4 4 4 4 4 5 7 6 7 7 7 8 7 6 5 5 5 5 4 3 3 2 1 1 2 4 4 4 3","","","","B","flow or late-campaign only","B","closest current-pool curve"
"nutation_longchain_candidate80_holefix_s2_v1_47_nutation_longchain_patch_v1_rect_c80hf2_12_d3_maze_patch","F:\Unityproject\ArrowLevel-Hand\Exports\C5V5F100\U\Assets\ArrowMagic\SOData\Levels\DirectProcedural\NutationLongChainCandidate80HolefixS2V1\nutation_longchain_candidate80_holefix_s2_v1_47_nutation_longchain_patch_v1_rect_c80hf2_12_d3_maze_patch.asset","31","39","121","True","121","0","0","0","0","0","0","0","0","0","0","0","0","0","0","0.43","0.043","5","0.041","3","117","0.033","4.434","11.112","4.843","2.505","2.338","0.587","0.009","0.573","117","786","7.276","6.06","7.923","1.863","0.688","0.011","0.112","0.476","0.043","0.009","0.205","121","6.14","0","12","-0.628","0.008","0","0.083","0.033","0.322","0.256","2","0.017","19.8","0.825","114:2->2|regions=2;3->5|jump=19.8|cleared=6;117:2->1|regions=5;8->4|jump=18.083|cleared=10","0.197","0.618","0.112","0.086","0.44","0.266","0","0.994","0.245","0.22","0.488","4","6.77","7","8","11","0.165","0.008","0","0.033","0.066","1","1","1","8","8","8","4","114-121:2 2 1 2 1 1 2 1","114-121:2 2 1 2 1 1 2 1","7","1","3","0","4","0","6","0","1","1","1","7","3","8","3","3","3","0.875","0.143","21.148","1","0.429","0.571","0.857","114-121:2 2 1 2 1 1 2 1|switch=114,115,116,117,118,119,120|afterLocal=114|frontierBreak=117,119,120|newRegion=115,117,119,120|dirBreak=115,116,117,118,119,120","114-121:2 2 1 2 1 1 2 1|switch=114,115,116,117,118,119,120|afterLocal=114|frontierBreak=117,119,120|newRegion=115,117,119,120|dirBreak=115,116,117,118,119,120","114-121:2 2 1 2 1 1 2 1|switch=114,115,116,117,118,119,120|afterLocal=114|frontierBreak=117,119,120|newRegion=115,117,119,120|dirBreak=115,116,117,118,119,120","114-121:2 2 1 2 1 1 2 1|switch=114,115,116,117,118,119,120|afterLocal=114|frontierBreak=117,119,120|newRegion=115,117,119,120|dirBreak=115,116,117,118,119,120","52","0.43","81","2.273","5","0.336","0.43","0.132","3","0.02","0.041","3","2","30","7","4","93","24","0.795","2","16","2","2","12.249","3","4","53","0.442","6","44","0.367","5","26","0.217","4","22","0.183","3","3","5","5","63","0.525","6","0.778","0.444","0.444","0.429","7.975","2.583","3.931","0.206","0.127","2","0.998","0.928","0.547","0.547","0.513","0.633","0.533","2","3","0.815","2","R","0.229","0.859","0.183","0.467","56","120","0.996","0.793","6","5","0.999","9","5","0.124","3.76","1","0.041","0.14","0.714","0.167","0.075","0.553","LocalEasy","117","7.243","3.5","11.209","6.462","9.5","1","1","5.863","16","30","17","4","0.214","0.453","0.487","30","2","2","0","120:d3:b2:n5:s0.809:nodes[110;113;114;115;116]|28:d2:b3:n5:s0.434:nodes[38;48;78;106;109]","0.054","0.809","0.809","120","3","5","5","1","0","0.961","0.946","2","0.333","1","1","18.662","0.4","0.49","False","triConvergentBackboneDominates","True","","80","70","73","70;73;2","0;6;9;12;28;38;48;57;66;70","2;73","5","2","5.81","64","63","19","False","False","True","False","False","0","0","-1","-1","-1","-1","0","0","0","0","0","0","0","0","missingStaticTargetRay","0","0","0","0","0","0","0","0","0","0","0","5","10","0.083","2","9","0.075","2","9","0.077","1","8","0.068","1","0","0","0","0","5","0.041","1","1","3.76","0.091","9","6","3","0.521","0.631","6.908","0.752","1.897","0","1","0.6","0.35","0.25","0.4","8","1.3","0.248","1.793","0.499","0","0.567","0.36","0.405","DependencyFollowRun","4 3 5 6 7 8 8 7 7 8 8 7 6 7 7 7 8 7 6 5 4 5 6 8 7 8 8 8 8 8 7 7 6 6 6 5 5 8 7 10","","","","B","flow or late-campaign only","Drop","avg > 4; p80 > 5; max > 7; over8 too frequent; local patch solve run; near-outer patch solve run; local window burst"
"c5nep_w10smp_35_nutation_strict_mixed_peak_v1_rect_s22_o216_v02_strictmixedpeak_mixed_chain","F:\Unityproject\ArrowLevel-Hand\Exports\C5V5F100\U\Assets\ArrowMagic\SOData\Levels\Campaign500NormalFullV1\w10smp\c5nep_w10smp_35_nutation_strict_mixed_peak_v1_rect_s22_o216_v02_strictmixedpeak_mixed_chain.asset","24","32","83","True","83","0","0","0","0","0","0","0","0","1","0.012","0.014","1","0.012","0.014","0.47","0.077","6","0.072","2","81","0.024","5.309","10.142","5.601","2.79","2.811","0.491","0.025","0.568","81","392","5.513","4.086","5.827","1.741","0.713","0.066","0.477","0.242","0.222","0.111","0.346","83","3.711","0","8","-1.157","0.084","0.012","0.193","0.096","0.627","0.072","2","0.024","14","0.81","48:4->2|regions=6;8->3;7|jump=13.5|cleared=8;81:2->1|regions=0->3|jump=14|cleared=6","0.545","0.929","0.8","0.195","0.46","0.434","0.112","0.991","0.451","0.24","0.568","3","4.87","5","7","9","0.12","0","0","0.024","0.145","5","5","3","12","10","5","1","79-83:2 2 2 2 1","7-7:2;12-12:2;19-20:2 2;29-31:2 1 2;79-83:2 2 2 2 1","12","4","0","0","2","0","12","4","5","4","2","10","2","5","3","5","5","1","0.333","11.945","0.833","0","0.167","1","79-83:2 2 2 2 1|switch=79,80,81,82,83|afterLocal=83|frontierBreak=|newRegion=|dirBreak=79,80,81,82,83","7-7:2|switch=7|afterLocal=7|frontierBreak=|newRegion=|dirBreak=7;12-12:2|switch=12|afterLocal=|frontierBreak=|newRegion=|dirBreak=12;19-20:2 2|switch=19,20|afterLocal=19|frontierBreak=|newRegion=20|dirBreak=19,20;29-31:2 1 2|switch=29,30,31|afterLocal=29|frontierBreak=|newRegion=31|dirBreak=29,30,31;79-83:2 2 2 2 1|switch=79,80,81,82,83|afterLocal=83|frontierBreak=|newRegion=|dirBreak=79,80,81,82,83","29-31:2 1 2|switch=29,30,31|afterLocal=29|frontierBreak=|newRegion=31|dirBreak=29,30,31","19-20:2 2|switch=19,20|afterLocal=19|frontierBreak=|newRegion=20|dirBreak=19,20;29-31:2 1 2|switch=29,30,31|afterLocal=29|frontierBreak=|newRegion=31|dirBreak=29,30,31","14","0.169","24","1.952","6","0.401","0.301","0.434","2","0.089","0.036","3","2","20","6","4","65","15","0.812","1","3","2","2","10.708","1","3","34","0.415","5","22","0.268","3","18","0.22","5","13","0.159","3","3","5","5","36","0.439","4","0.806","0.528","0.444","0.694","8.261","2.235","4.19","0.139","0.056","1","0.993","0.935","0.512","0.562","0.5","0.598","0.537","1","3","0.877","2","T","0.187","0.85","0.247","0.463","38","82","0.997","0.85","7","7","0.993","9","4","0.145","3.072","1","0.133","0.289","0.639","0.327","0.089","0.554","LocalEasy","80","6.93","3.833","11.143","6.5","11","1","1","3.975","12","20","14","4","0.288","0.488","0.5","20","2","2","0","54:d3:b2:n6:s0.868:nodes[57;63;64;65;70;71]|31:d3:b3:n7:s0.97:nodes[34;43;52;55;59;60;75]","0.129","0.97","0.97","31","3","7","13","0.538","0.462","0.963","1","3","0.5","0.692","0.615","9.169","5.692","6.293","False","aPlusBDoesNotOpenCore","False","aPlusBDoesNotOpenCore","10","3","6","0;3;6;7;4","1;3","0;2;6","7","6","8.19","12","3","7","False","False","False","False","False","0","0","-1","-1","-1","-1","0","0","0","0","0","0","0","0","missingStaticTargetRay","0","0","0","0","0","0","0","0","0","0","0","7","2","0.024","1","2","0.024","1","2","0.025","1","2","0.025","1","0","0","0","0","6","0.072","2","2","3.072","0.289","9","7","2","0.602","0.574","4.997","0.814","2.098","0.378","1","0.61","0.366","0.244","0.39","5","1.4","0.241","1.88","0.521","0.167","0.7","0.309","0.532","DependencyFollowRun","3 3 3 3 3 3 2 3 5 4 3 2 4 5 6 5 4 3 2 2 4 5 5 4 4 4 3 3 2 1 2 3 6 5 6 5 5 6 6 6","","","","B","flow or late-campaign only","B","closest current-pool curve"
