"order","section10","mainMissionId","levelName","roleInSection","originalDifficultyNameZh","productionLane","productionChainLanguage","productionDifficultyBand","sourceKind","replacementLevelId","replacementAssetPath","sourceCoverage","maxChoices","localPatchSolveRunMax","nearOuterPatchSolveRunMax","solveTraceQualityScore","solveTraceCollapseRiskScore","solveSameAxisRunMax","solveSameDirHeadRunMax"
"3","1","103","Main/Level_Main_3","NormalA_FlowOrNeutral","普通/恢复","FlowCurve","curve_chain","NormalFlow","strict152","campaign500_normal_full_v1_s01_s13_13_nutation_flow_rail_v1_rect_s02_o011_v00_flowrail_rail_chain","Assets/ArrowMagic/SOData/Levels/Campaign500NormalFullV1/s01_s13/campaign500_normal_full_v1_s01_s13_13_nutation_flow_rail_v1_rect_s02_o011_v00_flowrail_rail_chain.asset","0.988","9","5","5","0.919","0.113","5","5"
"5","1","105","Main/Level_Main_5","NormalB_NeutralOrPeelLight","普通/恢复","NeutralMixed","mixed_chain","NormalNeutral","strict152","campaign500_normal_full_v1_s01_s13_06_nutation_mixed_neutral_v1_rect_s01_o005_v02_neutralmixed_mixed_chain","Assets/ArrowMagic/SOData/Levels/Campaign500NormalFullV1/s01_s13/campaign500_normal_full_v1_s01_s13_06_nutation_mixed_neutral_v1_rect_s01_o005_v02_neutralmixed_mixed_chain.asset","0.981","10","6","2","0.889","0.137","6","6"
"8","1","108","Main/Level_Main_8","Hard","普通/恢复","PeelMid","curve_chain","Hard","strict152","c5nep_w4pl_04_nutation_peel_rect_s01_o008_v03_peellight_curve_chain","Assets/ArrowMagic/SOData/Levels/Campaign500NormalFullV1/w4pl/c5nep_w4pl_04_nutation_peel_rect_s01_o008_v03_peellight_curve_chain.asset","0.986","10","5","5","0.912","0.095","7","4"
"10","1","110","Main/Level_Main_10","Peak","困难","PeelHard","rail_chain","Peak","strict152","c5nep_w11a_01_nutation_strict_mixed_hard_v1_rect_s01_o010_v00_strictmixedhard_mixed_chain","Assets/ArrowMagic/SOData/Levels/Campaign500NormalFullV1/w11a/c5nep_w11a_01_nutation_strict_mixed_hard_v1_rect_s01_o010_v00_strictmixedhard_mixed_chain.asset","0.986","10","4","4","0.835","0.224","8","5"
"16","2","116","Main/Level_Main_16","Hard","普通/恢复","PeelMid","rail_chain","Hard","strict152","c5nep_w4pl_06_nutation_peel_rect_s02_o016_v01_peellight_curve_chain","Assets/ArrowMagic/SOData/Levels/Campaign500NormalFullV1/w4pl/c5nep_w4pl_06_nutation_peel_rect_s02_o016_v01_peellight_curve_chain.asset","0.974","8","6","5","0.848","0.085","4","4"
"19","2","119","Main/Level_Main_19","Peak","特别困难","PeelHard","rail_chain","Peak","strict152","c5nep_w11b_04_nutation_strict_mixed_hard_v1_rect_s02_o019_v03_strictmixedhard_mixed_chain","Assets/ArrowMagic/SOData/Levels/Campaign500NormalFullV1/w11b/c5nep_w11b_04_nutation_strict_mixed_hard_v1_rect_s02_o019_v03_strictmixedhard_mixed_chain.asset","0.979","9","5","5","0.894","0.129","5","5"
"20","2","120","Main/Level_Main_20","NormalB_NeutralOrPeelLight","普通/恢复","NeutralMixed","mixed_chain","NormalNeutral","strict152","campaign500_normal_full_v1_s01_s13_17_nutation_mixed_neutral_v1_rect_s02_o020_v01_neutralmixed_mixed_chain","Assets/ArrowMagic/SOData/Levels/Campaign500NormalFullV1/s01_s13/campaign500_normal_full_v1_s01_s13_17_nutation_mixed_neutral_v1_rect_s02_o020_v01_neutralmixed_mixed_chain.asset","0.976","8","5","5","0.851","0.14","5","5"
"21","3","121","Main/Level_Main_21","NormalB_NeutralOrPeelLight","普通/恢复","NeutralMixed","mixed_chain","NormalNeutral","strict152","campaign500_normal_full_v1_s01_s13_28_nutation_mixed_neutral_v1_rect_s03_o021_v00_neutralmixed_mixed_chain","Assets/ArrowMagic/SOData/Levels/Campaign500NormalFullV1/s01_s13/campaign500_normal_full_v1_s01_s13_28_nutation_mixed_neutral_v1_rect_s03_o021_v00_neutralmixed_mixed_chain.asset","0.993","8","6","3","0.857","0.209","8","6"
"22","3","122","Main/Level_Main_22","NormalA_FlowOrNeutral","普通/恢复","FlowPatch","patch_chain","NormalFlow","strict152","campaign500_normal_full_v1_s01_s13_78_nutation_mixed_neutral_v1_rect_s07_o062_v02_neutralmixed_mixed_chain","Assets/ArrowMagic/SOData/Levels/Campaign500NormalFullV1/s01_s13/campaign500_normal_full_v1_s01_s13_78_nutation_mixed_neutral_v1_rect_s07_o062_v02_neutralmixed_mixed_chain.asset","0.994","8","4","4","0.828","0.16","5","5"
"25","3","125","Main/Level_Main_25","Hard","困难","","","","lowchoice","c5hole_lowchoice_v1_h01r_08_nutation_strict_mixed_hard_v1_rect_s03_o025_v01_strictmixedhard_strict_hard_chain_hf1","Assets/ArrowMagic/SOData/Levels/Campaign500NormalFullV1/h01r/c5hole_lowchoice_v1_h01r_08_nutation_strict_mixed_hard_v1_rect_s03_o025_v01_strictmixedhard_strict_hard_chain_hf1.asset","0.982","10","5","5","0.931","0.117","6","5"
"29","3","129","Main/Level_Main_29","Peak","极难","PeelHard","rail_chain","Peak","strict152","c5nep_w9smp_02_nutation_strict_mixed_peak_v1_rect_s03_o029_v01_strictmixedpeak_mixed_chain","Assets/ArrowMagic/SOData/Levels/Campaign500NormalFullV1/w9smp/c5nep_w9smp_02_nutation_strict_mixed_peak_v1_rect_s03_o029_v01_strictmixedpeak_mixed_chain.asset","0.989","10","3","3","0.886","0.188","7","7"
"31","4","131","Main/Level_Main_31","NormalA_FlowOrNeutral","普通/恢复","FlowCurve","curve_chain","NormalFlow","strict152","campaign500_normal_full_v1_s01_s13_77_nutation_mixed_neutral_v1_rect_s07_o062_v01_neutralmixed_mixed_chain","Assets/ArrowMagic/SOData/Levels/Campaign500NormalFullV1/s01_s13/campaign500_normal_full_v1_s01_s13_77_nutation_mixed_neutral_v1_rect_s07_o062_v01_neutralmixed_mixed_chain.asset","0.981","6","4","4","0.864","0.147","6","4"
"35","4","135","Main/Level_Main_35","NormalB_NeutralOrPeelLight","普通/恢复","NeutralMixed","mixed_chain","NormalNeutral","strict152","campaign500_normal_full_v1_s01_s13_41_nutation_mixed_neutral_v1_rect_s04_o035_v01_neutralmixed_mixed_chain","Assets/ArrowMagic/SOData/Levels/Campaign500NormalFullV1/s01_s13/campaign500_normal_full_v1_s01_s13_41_nutation_mixed_neutral_v1_rect_s04_o035_v01_neutralmixed_mixed_chain.asset","0.974","8","6","5","0.895","0.123","8","3"
"39","4","139","Main/Level_Main_39","Peak","特别困难","","","","lowchoice","c5hole_lowchoice_v1_h01r_19_nutation_strict_mixed_peak_v1_rect_s04_o039_v00_strictmixedpeak_strict_peak_chain_hf1","Assets/ArrowMagic/SOData/Levels/Campaign500NormalFullV1/h01r/c5hole_lowchoice_v1_h01r_19_nutation_strict_mixed_peak_v1_rect_s04_o039_v00_strictmixedpeak_strict_peak_chain_hf1.asset","0.98","10","7","3","0.868","0.214","9","7"
"41","5","141","Main/Level_Main_41","NormalA_FlowOrNeutral","普通/恢复","FlowRail","rail_chain","NormalFlow","strict152","campaign500_normal_full_v1_s01_s13_123_nutation_flow_rail_v1_rect_s11_o102_v02_flowrail_rail_chain","Assets/ArrowMagic/SOData/Levels/Campaign500NormalFullV1/s01_s13/campaign500_normal_full_v1_s01_s13_123_nutation_flow_rail_v1_rect_s11_o102_v02_flowrail_rail_chain.asset","0.995","8","6","3","0.878","0.163","7","6"
"44","5","144","Main/Level_Main_44","Hard","困难","PeelMid","curve_chain","Hard","strict152","c5nep_w9smh_06_nutation_strict_mixed_hard_v1_rect_s05_o044_v01_strictmixedhard_mixed_chain","Assets/ArrowMagic/SOData/Levels/Campaign500NormalFullV1/w9smh/c5nep_w9smh_06_nutation_strict_mixed_hard_v1_rect_s05_o044_v01_strictmixedhard_mixed_chain.asset","0.98","10","4","3","0.862","0.177","6","6"
"47","5","147","Main/Level_Main_47","Peak","极难","","","","lowchoice","c5hole_lowchoice_v1_h01r_36_nutation_strict_mixed_peak_v1_rect_s05_o047_v05_strictmixedpeak_strict_peak_chain_hf1","Assets/ArrowMagic/SOData/Levels/Campaign500NormalFullV1/h01r/c5hole_lowchoice_v1_h01r_36_nutation_strict_mixed_peak_v1_rect_s05_o047_v05_strictmixedpeak_strict_peak_chain_hf1.asset","0.983","11","6","3","0.846","0.222","8","8"
"50","5","150","Main/Level_Main_50","NormalB_NeutralOrPeelLight","普通/恢复","NeutralMixed","mixed_chain","NormalNeutral","strict152","campaign500_normal_full_v1_s01_s13_90_nutation_mixed_neutral_v1_rect_s08_o079_v02_neutralmixed_mixed_chain","Assets/ArrowMagic/SOData/Levels/Campaign500NormalFullV1/s01_s13/campaign500_normal_full_v1_s01_s13_90_nutation_mixed_neutral_v1_rect_s08_o079_v02_neutralmixed_mixed_chain.asset","0.989","10","7","5","0.872","0.178","6","6"
"52","6","152","Main/Level_Main_52","Hard","困难","PeelMid","rail_chain","Hard","strict152","campaign500_normal_full_v1_s01_s13_67_nutation_peel_rail_v1_rect_s06_o052_v00_peelmid_rail_chain","Assets/ArrowMagic/SOData/Levels/Campaign500NormalFullV1/s01_s13/campaign500_normal_full_v1_s01_s13_67_nutation_peel_rail_v1_rect_s06_o052_v00_peelmid_rail_chain.asset","0.991","10","5","3","0.851","0.139","6","5"
"56","6","156","Main/Level_Main_56","Peak","特别困难","","","","lowchoice","c5hole_lowchoice_v1_h01r_37_nutation_strict_mixed_choiceclamp_v1_rect_s06_o056_v00_strictmixedchoiceclamp_choice_clamp_chain_hf1","Assets/ArrowMagic/SOData/Levels/Campaign500NormalFullV1/h01r/c5hole_lowchoice_v1_h01r_37_nutation_strict_mixed_choiceclamp_v1_rect_s06_o056_v00_strictmixedchoiceclamp_choice_clamp_chain_hf1.asset","0.989","7","6","4","0.893","0.159","6","5"
"57","6","157","Main/Level_Main_57","NormalB_NeutralOrPeelLight","普通/恢复","NeutralMixed","mixed_chain","NormalNeutral","strict152","campaign500_normal_full_v1_s01_s13_66_nutation_mixed_neutral_v1_rect_s06_o057_v02_neutralmixed_mixed_chain","Assets/ArrowMagic/SOData/Levels/Campaign500NormalFullV1/s01_s13/campaign500_normal_full_v1_s01_s13_66_nutation_mixed_neutral_v1_rect_s06_o057_v02_neutralmixed_mixed_chain.asset","0.988","8","4","3","0.82","0.258","8","6"
"60","6","160","Main/Level_Main_60","NormalA_FlowOrNeutral","普通/恢复","FlowPatch","patch_chain","NormalFlow","strict152","campaign500_normal_early_plus_v1_topup_fastlane1_03_nutation_flow_rail_v1_rect_s06_o060_v02_flowrail_patch_chain","Assets/ArrowMagic/SOData/Levels/Campaign500NormalFullV1/fastlane1/campaign500_normal_early_plus_v1_topup_fastlane1_03_nutation_flow_rail_v1_rect_s06_o060_v02_flowrail_patch_chain.asset","0.995","7","4","4","0.866","0.115","8","4"
"65","7","165","Main/Level_Main_65","Peak","极难","PeelHard","rail_chain","Peak","strict152","c5nep_w9smp_06_nutation_strict_mixed_peak_v1_rect_s07_o065_v01_strictmixedpeak_mixed_chain","Assets/ArrowMagic/SOData/Levels/Campaign500NormalFullV1/w9smp/c5nep_w9smp_06_nutation_strict_mixed_peak_v1_rect_s07_o065_v01_strictmixedpeak_mixed_chain.asset","0.982","9","4","4","0.82","0.221","7","7"
"68","7","168","Main/Level_Main_68","NormalA_FlowOrNeutral","普通/恢复","FlowCurve","curve_chain","NormalFlow","strict152","campaign500_normal_early_plus_v1_topup_fastlane1_04_nutation_flow_rail_v1_rect_s07_o068_v00_flowrail_mixed_chain","Assets/ArrowMagic/SOData/Levels/Campaign500NormalFullV1/fastlane1/campaign500_normal_early_plus_v1_topup_fastlane1_04_nutation_flow_rail_v1_rect_s07_o068_v00_flowrail_mixed_chain.asset","0.986","9","3","3","0.89","0.1","5","5"
"70","7","170","Main/Level_Main_70","Hard","困难","","","","lowchoice","c5hole_lowchoice_v1_h02r_10_nutation_strict_mixed_hard_v1_rect_s07_o070_v03_strictmixedhard_strict_hard_chain_hf1","Assets/ArrowMagic/SOData/Levels/Campaign500NormalFullV1/h02r/c5hole_lowchoice_v1_h02r_10_nutation_strict_mixed_hard_v1_rect_s07_o070_v03_strictmixedhard_strict_hard_chain_hf1.asset","0.98","7","5","5","0.885","0.205","7","7"
"75","8","175","Main/Level_Main_75","Hard","普通/恢复","PeelMid","curve_chain","Hard","strict152","campaign500_normal_full_v1_s01_s13_91_nutation_peel_v2_rect_s08_o075_v00_peelmid_curve_chain","Assets/ArrowMagic/SOData/Levels/Campaign500NormalFullV1/s01_s13/campaign500_normal_full_v1_s01_s13_91_nutation_peel_v2_rect_s08_o075_v00_peelmid_curve_chain.asset","0.987","9","5","3","0.854","0.225","7","7"
"77","8","177","Main/Level_Main_77","NormalA_FlowOrNeutral","普通/恢复","FlowRail","rail_chain","NormalFlow","strict152","campaign500_normal_full_v1_s01_s13_86_nutation_flow_rail_v1_rect_s08_o077_v01_flowrail_rail_chain","Assets/ArrowMagic/SOData/Levels/Campaign500NormalFullV1/s01_s13/campaign500_normal_full_v1_s01_s13_86_nutation_flow_rail_v1_rect_s08_o077_v01_flowrail_rail_chain.asset","0.984","9","5","5","0.893","0.138","7","5"
"79","8","179","Main/Level_Main_79","NormalB_NeutralOrPeelLight","普通/恢复","NeutralMixed","mixed_chain","NormalNeutral","strict152","campaign500_normal_full_v1_s01_s13_88_nutation_mixed_neutral_v1_rect_s08_o079_v00_neutralmixed_mixed_chain","Assets/ArrowMagic/SOData/Levels/Campaign500NormalFullV1/s01_s13/campaign500_normal_full_v1_s01_s13_88_nutation_mixed_neutral_v1_rect_s08_o079_v00_neutralmixed_mixed_chain.asset","0.98","6","4","2","0.833","0.194","6","5"
"81","9","181","Main/Level_Main_81","NormalA_FlowOrNeutral","普通/恢复","FlowPatch","patch_chain","NormalFlow","strict152","campaign500_normal_early_plus_v1_topup_fastlane1_07_nutation_flow_rail_v1_rect_s09_o081_v00_flowrail_patch_chain","Assets/ArrowMagic/SOData/Levels/Campaign500NormalFullV1/fastlane1/campaign500_normal_early_plus_v1_topup_fastlane1_07_nutation_flow_rail_v1_rect_s09_o081_v00_flowrail_patch_chain.asset","0.993","8","4","3","0.905","0.181","7","6"
"86","9","186","Main/Level_Main_86","NormalB_NeutralOrPeelLight","普通/恢复","NeutralMixed","mixed_chain","NormalNeutral","strict152","campaign500_normal_full_v1_s01_s13_101_nutation_mixed_neutral_v1_rect_s09_o086_v01_neutralmixed_mixed_chain","Assets/ArrowMagic/SOData/Levels/Campaign500NormalFullV1/s01_s13/campaign500_normal_full_v1_s01_s13_101_nutation_mixed_neutral_v1_rect_s09_o086_v01_neutralmixed_mixed_chain.asset","0.98","8","5","4","0.83","0.241","7","7"
"89","9","189","Main/Level_Main_89","Peak","极难","","","","lowchoice","c5hole_lowchoice_v1_h02r_34_nutation_strict_mixed_peak_v1_rect_s09_o089_v03_strictmixedpeak_strict_peak_chain_hf1","Assets/ArrowMagic/SOData/Levels/Campaign500NormalFullV1/h02r/c5hole_lowchoice_v1_h02r_34_nutation_strict_mixed_peak_v1_rect_s09_o089_v03_strictmixedpeak_strict_peak_chain_hf1.asset","0.989","9","6","3","0.926","0.076","6","4"
"92","10","192","Main/Level_Main_92","NormalA_FlowOrNeutral","普通/恢复","FlowCurve","curve_chain","NormalFlow","strict152","campaign500_normal_early_plus_v1_topup_fastlane1_12_nutation_flow_rail_v1_rect_s10_o092_v02_flowrail_rail_chain","Assets/ArrowMagic/SOData/Levels/Campaign500NormalFullV1/fastlane1/campaign500_normal_early_plus_v1_topup_fastlane1_12_nutation_flow_rail_v1_rect_s10_o092_v02_flowrail_rail_chain.asset","0.984","7","6","4","0.907","0.042","4","4"
"96","10","196","Main/Level_Main_96","Peak","极难","","","Peak","raw_rescue","campaign500_normal_full_v1_s01_s13_118_nutation_peel_v2_rect_s10_o096_v00_peelhard_curve_chain","Assets/ArrowMagic/SOData/Levels/Campaign500NormalFullV1/s01_s13/campaign500_normal_full_v1_s01_s13_118_nutation_peel_v2_rect_s10_o096_v00_peelhard_curve_chain.asset","0.968","10","4","3","0.858","0.214","8","6"
"100","10","200","Main/Level_Main_100","NormalB_NeutralOrPeelLight","普通/恢复","NeutralMixed","mixed_chain","NormalNeutral","strict152","campaign500_normal_full_v1_s01_s13_114_nutation_mixed_neutral_v1_rect_s10_o100_v02_neutralmixed_mixed_chain","Assets/ArrowMagic/SOData/Levels/Campaign500NormalFullV1/s01_s13/campaign500_normal_full_v1_s01_s13_114_nutation_mixed_neutral_v1_rect_s10_o100_v02_neutralmixed_mixed_chain.asset","0.993","9","5","3","0.91","0.067","4","4"
"102","11","202","Main/Level_Main_102","NormalA_FlowOrNeutral","普通/恢复","FlowRail","rail_chain","NormalFlow","strict152","campaign500_normal_full_v1_s01_s13_122_nutation_flow_rail_v1_rect_s11_o102_v01_flowrail_rail_chain","Assets/ArrowMagic/SOData/Levels/Campaign500NormalFullV1/s01_s13/campaign500_normal_full_v1_s01_s13_122_nutation_flow_rail_v1_rect_s11_o102_v01_flowrail_rail_chain.asset","0.991","9","4","4","0.911","0.106","5","5"
"105","11","205","Main/Level_Main_105","Hard","困难","","","","lowchoice","c5hole_lowchoice_v1_h02r_38_nutation_strict_mixed_axisbreak_v1_rect_s11_o105_v01_strictmixedaxisbreak_axis_break_chain_hf1","Assets/ArrowMagic/SOData/Levels/Campaign500NormalFullV1/h02r/c5hole_lowchoice_v1_h02r_38_nutation_strict_mixed_axisbreak_v1_rect_s11_o105_v01_strictmixedaxisbreak_axis_break_chain_hf1.asset","0.983","10","6","4","0.87","0.214","8","6"
"106","11","206","Main/Level_Main_106","NormalB_NeutralOrPeelLight","普通/恢复","NeutralMixed","mixed_chain","NormalNeutral","strict152","campaign500_normal_full_v1_s01_s13_124_nutation_mixed_neutral_v1_rect_s11_o106_v00_neutralmixed_mixed_chain","Assets/ArrowMagic/SOData/Levels/Campaign500NormalFullV1/s01_s13/campaign500_normal_full_v1_s01_s13_124_nutation_mixed_neutral_v1_rect_s11_o106_v00_neutralmixed_mixed_chain.asset","0.991","9","4","3","0.939","0.082","6","4"
"109","11","209","Main/Level_Main_109","Peak","特别困难","PeelHard","curve_chain","Peak","strict152","c5nep_w11c_01_nutation_strict_mixed_hard_v1_rect_s11_o109_v00_strictmixedhard_mixed_chain","Assets/ArrowMagic/SOData/Levels/Campaign500NormalFullV1/w11c/c5nep_w11c_01_nutation_strict_mixed_hard_v1_rect_s11_o109_v00_strictmixedhard_mixed_chain.asset","0.989","10","7","2","0.9","0.214","7","7"
"111","12","211","Main/Level_Main_111","NormalB_NeutralOrPeelLight","普通/恢复","NeutralMixed","mixed_chain","NormalNeutral","strict152","campaign500_normal_full_v1_s14_s26_42_nutation_mixed_neutral_v1_rect_s17_o165_v02_neutralmixed_mixed_chain","Assets/ArrowMagic/SOData/Levels/Campaign500NormalFullV1/s14_s26/campaign500_normal_full_v1_s14_s26_42_nutation_mixed_neutral_v1_rect_s17_o165_v02_neutralmixed_mixed_chain.asset","0.986","9","6","3","0.859","0.225","7","7"
"112","12","212","Main/Level_Main_112","Peak","特别困难","","","","lowchoice","c5hole_lowchoice_v1_h03r_11_nutation_strict_mixed_peak_v1_rect_s12_o112_v04_strictmixedpeak_strict_peak_chain_hf1","Assets/ArrowMagic/SOData/Levels/Campaign500NormalFullV1/h03r/c5hole_lowchoice_v1_h03r_11_nutation_strict_mixed_peak_v1_rect_s12_o112_v04_strictmixedpeak_strict_peak_chain_hf1.asset","0.982","8","5","4","0.919","0.117","5","5"
"115","12","215","Main/Level_Main_115","NormalA_FlowOrNeutral","普通/恢复","FlowPatch","patch_chain","NormalFlow","strict152","c5nep_w2fr_03_nutation_flow_rail_v1_rect_s12_o115_v02_flowrail_patch_chain","Assets/ArrowMagic/SOData/Levels/Campaign500NormalFullV1/w2fr/c5nep_w2fr_03_nutation_flow_rail_v1_rect_s12_o115_v02_flowrail_patch_chain.asset","0.991","9","6","6","0.908","0.057","5","4"
"116","12","216","Main/Level_Main_116","Hard","困难","PeelMid","rail_chain","Hard","strict152","c5nep_w9smh_10_nutation_strict_mixed_hard_v1_rect_s12_o116_v01_strictmixedhard_mixed_chain","Assets/ArrowMagic/SOData/Levels/Campaign500NormalFullV1/w9smh/c5nep_w9smh_10_nutation_strict_mixed_hard_v1_rect_s12_o116_v01_strictmixedhard_mixed_chain.asset","0.986","9","4","3","0.875","0.14","4","4"
"121","13","221","Main/Level_Main_121","NormalA_FlowOrNeutral","普通/恢复","FlowCurve","curve_chain","NormalFlow","strict152","campaign500_normal_full_v1_s01_s13_146_nutation_flow_curve_v1_rect_s13_o121_v01_flowcurve_curve_chain","Assets/ArrowMagic/SOData/Levels/Campaign500NormalFullV1/s01_s13/campaign500_normal_full_v1_s01_s13_146_nutation_flow_curve_v1_rect_s13_o121_v01_flowcurve_curve_chain.asset","0.988","10","5","5","0.895","0.133","5","5"
"125","13","225","Main/Level_Main_125","Hard","特别困难","PeelMid","rail_chain","Hard","strict152","c5nep_w10smh_03_nutation_strict_mixed_hard_v1_rect_s13_o125_v02_strictmixedhard_mixed_chain","Assets/ArrowMagic/SOData/Levels/Campaign500NormalFullV1/w10smh/c5nep_w10smh_03_nutation_strict_mixed_hard_v1_rect_s13_o125_v02_strictmixedhard_mixed_chain.asset","0.986","8","6","5","0.865","0.176","6","6"
"128","13","228","Main/Level_Main_128","NormalB_NeutralOrPeelLight","普通/恢复","NeutralMixed","mixed_chain","NormalNeutral","strict152","campaign500_normal_full_v1_s01_s13_150_nutation_mixed_neutral_v1_rect_s13_o128_v02_neutralmixed_mixed_chain","Assets/ArrowMagic/SOData/Levels/Campaign500NormalFullV1/s01_s13/campaign500_normal_full_v1_s01_s13_150_nutation_mixed_neutral_v1_rect_s13_o128_v02_neutralmixed_mixed_chain.asset","0.992","9","6","3","0.9","0.149","5","5"
"129","13","229","Main/Level_Main_129","Peak","特别困难","","","","lowchoice","c5hole_lowchoice_v1_h03r_13_nutation_strict_mixed_axisbreak_v1_rect_s13_o129_v00_strictmixedaxisbreak_axis_break_chain_hf1","Assets/ArrowMagic/SOData/Levels/Campaign500NormalFullV1/h03r/c5hole_lowchoice_v1_h03r_13_nutation_strict_mixed_axisbreak_v1_rect_s13_o129_v00_strictmixedaxisbreak_axis_break_chain_hf1.asset","0.986","10","6","3","0.866","0.176","6","6"
"134","14","234","Main/Level_Main_134","NormalA_FlowOrNeutral","普通/恢复","FlowRail","rail_chain","NormalFlow","strict152","campaign500_normal_full_v1_s14_s26_02_nutation_flow_rail_v1_rect_s14_o134_v01_flowrail_rail_chain","Assets/ArrowMagic/SOData/Levels/Campaign500NormalFullV1/s14_s26/campaign500_normal_full_v1_s14_s26_02_nutation_flow_rail_v1_rect_s14_o134_v01_flowrail_rail_chain.asset","0.988","9","3","3","0.915","0.144","6","6"
"136","14","236","Main/Level_Main_136","Peak","极难","","","","lowchoice","c5hole_lowchoice_v1_h03r_31_nutation_strict_mixed_peak_v1_rect_s14_o136_v00_strictmixedpeak_strict_peak_chain_hf1","Assets/ArrowMagic/SOData/Levels/Campaign500NormalFullV1/h03r/c5hole_lowchoice_v1_h03r_31_nutation_strict_mixed_peak_v1_rect_s14_o136_v00_strictmixedpeak_strict_peak_chain_hf1.asset","0.984","8","4","4","0.905","0.153","7","5"
"137","14","237","Main/Level_Main_137","NormalB_NeutralOrPeelLight","普通/恢复","NeutralMixed","mixed_chain","NormalNeutral","strict152","campaign500_normal_full_v1_s14_s26_04_nutation_mixed_neutral_v1_rect_s14_o137_v00_neutralmixed_mixed_chain","Assets/ArrowMagic/SOData/Levels/Campaign500NormalFullV1/s14_s26/campaign500_normal_full_v1_s14_s26_04_nutation_mixed_neutral_v1_rect_s14_o137_v00_neutralmixed_mixed_chain.asset","0.985","10","4","4","0.923","0.125","6","5"
"140","14","240","Main/Level_Main_140","Hard","困难","PeelMid","curve_chain","Hard","strict152","c5nep_w10smh_07_nutation_strict_mixed_hard_v1_rect_s14_o140_v02_strictmixedhard_mixed_chain","Assets/ArrowMagic/SOData/Levels/Campaign500NormalFullV1/w10smh/c5nep_w10smh_07_nutation_strict_mixed_hard_v1_rect_s14_o140_v02_strictmixedhard_mixed_chain.asset","0.985","10","6","3","0.87","0.189","6","6"
"145","15","245","Main/Level_Main_145","NormalA_FlowOrNeutral","普通/恢复","FlowPatch","patch_chain","NormalFlow","strict152","campaign500_normal_early_plus_v1_topup_fastlane1_16_nutation_flow_rail_v1_rect_s15_o145_v00_flowrail_patch_chain","Assets/ArrowMagic/SOData/Levels/Campaign500NormalFullV1/fastlane1/campaign500_normal_early_plus_v1_topup_fastlane1_16_nutation_flow_rail_v1_rect_s15_o145_v00_flowrail_patch_chain.asset","0.991","7","3","2","0.94","0.064","7","3"
"146","15","246","Main/Level_Main_146","NormalB_NeutralOrPeelLight","普通/恢复","NeutralMixed","mixed_chain","NormalNeutral","strict152","campaign500_normal_full_v1_s14_s26_17_nutation_mixed_neutral_v1_rect_s15_o146_v01_neutralmixed_mixed_chain","Assets/ArrowMagic/SOData/Levels/Campaign500NormalFullV1/s14_s26/campaign500_normal_full_v1_s14_s26_17_nutation_mixed_neutral_v1_rect_s15_o146_v01_neutralmixed_mixed_chain.asset","0.992","10","3","3","0.922","0.166","6","6"
"148","15","248","Main/Level_Main_148","Hard","困难","","","","lowchoice","c5hole_lowchoice_v1_h03r_38_nutation_strict_mixed_choiceclamp_v1_rect_s15_o148_v01_strictmixedchoiceclamp_choice_clamp_chain_hf1","Assets/ArrowMagic/SOData/Levels/Campaign500NormalFullV1/h03r/c5hole_lowchoice_v1_h03r_38_nutation_strict_mixed_choiceclamp_v1_rect_s15_o148_v01_strictmixedchoiceclamp_choice_clamp_chain_hf1.asset","0.99","9","5","4","0.888","0.144","6","5"
"149","15","249","Main/Level_Main_149","Peak","极难","PeelHard","rail_chain","Peak","strict152","c5nep_w13a_01_nutation_strict_mixed_axisbreak_v1_rect_s15_o149_v00_strictmixedaxisbreak_axis_break_chain","Assets/ArrowMagic/SOData/Levels/Campaign500NormalFullV1/w13a/c5nep_w13a_01_nutation_strict_mixed_axisbreak_v1_rect_s15_o149_v00_strictmixedaxisbreak_axis_break_chain.asset","0.986","9","6","4","0.868","0.232","7","7"
"152","16","252","Main/Level_Main_152","Hard","困难","","","","lowchoice","c5hole_lowchoice_v1_h04r_09_nutation_strict_mixed_hard_v1_rect_s16_o152_v02_strictmixedhard_strict_hard_chain_hf1","Assets/ArrowMagic/SOData/Levels/Campaign500NormalFullV1/h04r/c5hole_lowchoice_v1_h04r_09_nutation_strict_mixed_hard_v1_rect_s16_o152_v02_strictmixedhard_strict_hard_chain_hf1.asset","0.98","8","3","3","0.907","0.118","6","5"
"155","16","255","Main/Level_Main_155","NormalB_NeutralOrPeelLight","普通/恢复","NeutralMixed","mixed_chain","NormalNeutral","strict152","campaign500_normal_full_v1_s14_s26_28_nutation_mixed_neutral_v1_rect_s16_o155_v00_neutralmixed_mixed_chain","Assets/ArrowMagic/SOData/Levels/Campaign500NormalFullV1/s14_s26/campaign500_normal_full_v1_s14_s26_28_nutation_mixed_neutral_v1_rect_s16_o155_v00_neutralmixed_mixed_chain.asset","0.985","8","5","4","0.916","0.145","6","6"
"160","16","260","Main/Level_Main_160","NormalA_FlowOrNeutral","普通/恢复","FlowCurve","curve_chain","NormalFlow","strict152","c5nep_w11a_06_nutation_strict_mixed_hard_v1_rect_s16_o160_v00_strictmixedhard_mixed_chain","Assets/ArrowMagic/SOData/Levels/Campaign500NormalFullV1/w11a/c5nep_w11a_06_nutation_strict_mixed_hard_v1_rect_s16_o160_v00_strictmixedhard_mixed_chain.asset","0.983","8","6","4","0.864","0.206","7","7"
"161","17","261","Main/Level_Main_161","NormalA_FlowOrNeutral","普通/恢复","FlowRail","rail_chain","NormalFlow","strict152","campaign500_normal_full_v1_s14_s26_38_nutation_flow_rail_v1_rect_s17_o161_v01_flowrail_rail_chain","Assets/ArrowMagic/SOData/Levels/Campaign500NormalFullV1/s14_s26/campaign500_normal_full_v1_s14_s26_38_nutation_flow_rail_v1_rect_s17_o161_v01_flowrail_rail_chain.asset","0.991","9","2","2","0.908","0.089","6","4"
"165","17","265","Main/Level_Main_165","NormalB_NeutralOrPeelLight","普通/恢复","NeutralMixed","mixed_chain","NormalNeutral","strict152","campaign500_normal_full_v1_s14_s26_41_nutation_mixed_neutral_v1_rect_s17_o165_v01_neutralmixed_mixed_chain","Assets/ArrowMagic/SOData/Levels/Campaign500NormalFullV1/s14_s26/campaign500_normal_full_v1_s14_s26_41_nutation_mixed_neutral_v1_rect_s17_o165_v01_neutralmixed_mixed_chain.asset","0.991","10","7","5","0.827","0.255","8","6"
"166","17","266","Main/Level_Main_166","Hard","困难","","","","lowchoice","c5hole_lowchoice_v1_h04r_18_nutation_strict_mixed_choiceclamp_v1_rect_s17_o166_v05_strictmixedchoiceclamp_choice_clamp_chain_hf1","Assets/ArrowMagic/SOData/Levels/Campaign500NormalFullV1/h04r/c5hole_lowchoice_v1_h04r_18_nutation_strict_mixed_choiceclamp_v1_rect_s17_o166_v05_strictmixedchoiceclamp_choice_clamp_chain_hf1.asset","0.983","10","6","4","0.916","0.093","5","5"
"169","17","269","Main/Level_Main_169","Peak","特别困难","PeelHard","rail_chain","Peak","strict152","c5nep_w11b_09_nutation_strict_mixed_hard_v1_rect_s17_o169_v03_strictmixedhard_mixed_chain","Assets/ArrowMagic/SOData/Levels/Campaign500NormalFullV1/w11b/c5nep_w11b_09_nutation_strict_mixed_hard_v1_rect_s17_o169_v03_strictmixedhard_mixed_chain.asset","0.982","10","4","3","0.937","0.086","5","5"
"172","18","272","Main/Level_Main_172","Hard","困难","","","","lowchoice","c5hole_lowchoice_v1_h04r_25_nutation_strict_mixed_choiceclamp_v1_rect_s18_o172_v00_strictmixedchoiceclamp_choice_clamp_chain_hf1","Assets/ArrowMagic/SOData/Levels/Campaign500NormalFullV1/h04r/c5hole_lowchoice_v1_h04r_25_nutation_strict_mixed_choiceclamp_v1_rect_s18_o172_v00_strictmixedchoiceclamp_choice_clamp_chain_hf1.asset","0.982","7","6","6","0.845","0.254","7","7"
"174","18","274","Main/Level_Main_174","NormalB_NeutralOrPeelLight","普通/恢复","NeutralMixed","mixed_chain","NormalNeutral","strict152","campaign500_normal_full_v1_s14_s26_53_nutation_mixed_neutral_v1_rect_s18_o174_v01_neutralmixed_mixed_chain","Assets/ArrowMagic/SOData/Levels/Campaign500NormalFullV1/s14_s26/campaign500_normal_full_v1_s14_s26_53_nutation_mixed_neutral_v1_rect_s18_o174_v01_neutralmixed_mixed_chain.asset","0.973","9","5","5","0.926","0.092","7","4"
"175","18","275","Main/Level_Main_175","NormalA_FlowOrNeutral","普通/恢复","FlowPatch","patch_chain","NormalFlow","strict152","c5nep_w2fr_08_nutation_flow_rail_v1_rect_s18_o175_v01_flowrail_patch_chain","Assets/ArrowMagic/SOData/Levels/Campaign500NormalFullV1/w2fr/c5nep_w2fr_08_nutation_flow_rail_v1_rect_s18_o175_v01_flowrail_patch_chain.asset","0.991","9","6","4","0.898","0.091","5","4"
"179","18","279","Main/Level_Main_179","Peak","特别困难","PeelHard","rail_chain","Peak","strict152","c5nep_w10smp_24_nutation_strict_mixed_peak_v1_rect_s18_o179_v03_strictmixedpeak_mixed_chain","Assets/ArrowMagic/SOData/Levels/Campaign500NormalFullV1/w10smp/c5nep_w10smp_24_nutation_strict_mixed_peak_v1_rect_s18_o179_v03_strictmixedpeak_mixed_chain.asset","0.982","9","7","4","0.879","0.209","7","6"
"182","19","282","Main/Level_Main_182","NormalA_FlowOrNeutral","普通/恢复","","","","lowchoice","c5hole_lowchoice_v1_h04r_43_nutation_strict_mixed_localbreak_v1_rect_s19_o182_v00_strictmixedlocalbreak_local_break_chain_hf1","Assets/ArrowMagic/SOData/Levels/Campaign500NormalFullV1/h04r/c5hole_lowchoice_v1_h04r_43_nutation_strict_mixed_localbreak_v1_rect_s19_o182_v00_strictmixedlocalbreak_local_break_chain_hf1.asset","0.98","8","3","2","0.92","0.15","6","6"
"186","19","286","Main/Level_Main_186","NormalB_NeutralOrPeelLight","普通/恢复","NeutralMixed","mixed_chain","NormalNeutral","strict152","campaign500_normal_full_v1_s14_s26_64_nutation_mixed_neutral_v1_rect_s19_o186_v00_neutralmixed_mixed_chain","Assets/ArrowMagic/SOData/Levels/Campaign500NormalFullV1/s14_s26/campaign500_normal_full_v1_s14_s26_64_nutation_mixed_neutral_v1_rect_s19_o186_v00_neutralmixed_mixed_chain.asset","0.986","9","5","5","0.824","0.2","6","6"
"194","20","294","Main/Level_Main_194","NormalB_NeutralOrPeelLight","普通/恢复","NeutralMixed","mixed_chain","NormalNeutral","strict152","campaign500_normal_full_v1_s14_s26_78_nutation_mixed_neutral_v1_rect_s20_o194_v02_neutralmixed_mixed_chain","Assets/ArrowMagic/SOData/Levels/Campaign500NormalFullV1/s14_s26/campaign500_normal_full_v1_s14_s26_78_nutation_mixed_neutral_v1_rect_s20_o194_v02_neutralmixed_mixed_chain.asset","0.982","9","7","5","0.86","0.21","7","6"
"196","20","296","Main/Level_Main_196","Peak","极难","","","","lowchoice","c5hole_lowchoice_v1_h05r_05_nutation_strict_mixed_choiceclamp_v1_rect_s20_o196_v04_strictmixedchoiceclamp_choice_clamp_chain_hf1","Assets/ArrowMagic/SOData/Levels/Campaign500NormalFullV1/h05r/c5hole_lowchoice_v1_h05r_05_nutation_strict_mixed_choiceclamp_v1_rect_s20_o196_v04_strictmixedchoiceclamp_choice_clamp_chain_hf1.asset","0.982","11","7","3","0.842","0.22","7","7"
"197","20","297","Main/Level_Main_197","NormalA_FlowOrNeutral","普通/恢复","FlowRail","rail_chain","NormalFlow","strict152","campaign500_normal_full_v1_s14_s26_74_nutation_flow_rail_v1_rect_s20_o197_v01_flowrail_rail_chain","Assets/ArrowMagic/SOData/Levels/Campaign500NormalFullV1/s14_s26/campaign500_normal_full_v1_s14_s26_74_nutation_flow_rail_v1_rect_s20_o197_v01_flowrail_rail_chain.asset","0.987","10","6","3","0.913","0.111","6","5"
"199","20","299","Main/Level_Main_199","Hard","普通/恢复","PeelMid","curve_chain","Hard","strict152","c5nep_w10smh_12_nutation_strict_mixed_hard_v1_rect_s20_o199_v03_strictmixedhard_mixed_chain","Assets/ArrowMagic/SOData/Levels/Campaign500NormalFullV1/w10smh/c5nep_w10smh_12_nutation_strict_mixed_hard_v1_rect_s20_o199_v03_strictmixedhard_mixed_chain.asset","0.989","10","5","3","0.88","0.191","6","6"
"209","21","309","Main/Level_Main_209","Peak","极难","PressurePeak","mixed_chain","Peak","strict152","c5nep_w13a_16_nutation_strict_mixed_axisbreak_v1_rect_s21_o209_v03_strictmixedaxisbreak_axis_break_chain","Assets/ArrowMagic/SOData/Levels/Campaign500NormalFullV1/w13a/c5nep_w13a_16_nutation_strict_mixed_axisbreak_v1_rect_s21_o209_v03_strictmixedaxisbreak_axis_break_chain.asset","0.988","10","6","6","0.833","0.244","7","7"
"212","22","312","Main/Level_Main_212","NormalB_NeutralOrPeelLight","普通/恢复","NeutralMixed","mixed_chain","NormalNeutral","strict152","campaign500_normal_full_v1_s14_s26_101_nutation_mixed_neutral_v1_rect_s22_o212_v01_neutralmixed_mixed_chain","Assets/ArrowMagic/SOData/Levels/Campaign500NormalFullV1/s14_s26/campaign500_normal_full_v1_s14_s26_101_nutation_mixed_neutral_v1_rect_s22_o212_v01_neutralmixed_mixed_chain.asset","0.986","9","4","4","0.847","0.236","6","6"
"216","22","316","Main/Level_Main_216","Peak","极难","PressurePeak","mixed_chain","Peak","strict152","c5nep_w10smp_35_nutation_strict_mixed_peak_v1_rect_s22_o216_v02_strictmixedpeak_mixed_chain","Assets/ArrowMagic/SOData/Levels/Campaign500NormalFullV1/w10smp/c5nep_w10smp_35_nutation_strict_mixed_peak_v1_rect_s22_o216_v02_strictmixedpeak_mixed_chain.asset","0.993","9","5","5","0.85","0.247","7","7"
"220","22","320","Main/Level_Main_220","NormalA_FlowOrNeutral","普通/恢复","FlowCurve","curve_chain","NormalFlow","strict152","campaign500_normal_early_plus_v1_topup_fastlane1_30_nutation_flow_rail_v1_rect_s22_o220_v02_flowrail_rail_chain","Assets/ArrowMagic/SOData/Levels/Campaign500NormalFullV1/fastlane1/campaign500_normal_early_plus_v1_topup_fastlane1_30_nutation_flow_rail_v1_rect_s22_o220_v02_flowrail_rail_chain.asset","0.985","10","4","1","0.898","0.183","7","7"
"222","23","322","Main/Level_Main_222","NormalB_NeutralOrPeelLight","普通/恢复","NeutralMixed","mixed_chain","NormalNeutral","strict152","campaign500_normal_full_v1_s14_s26_112_nutation_mixed_neutral_v1_rect_s23_o222_v00_neutralmixed_mixed_chain","Assets/ArrowMagic/SOData/Levels/Campaign500NormalFullV1/s14_s26/campaign500_normal_full_v1_s14_s26_112_nutation_mixed_neutral_v1_rect_s23_o222_v00_neutralmixed_mixed_chain.asset","0.988","9","5","4","0.85","0.269","7","7"
"227","23","327","Main/Level_Main_227","Peak","极难","PressurePeak","mixed_chain","Peak","strict152","c5nep_w10smp_40_nutation_strict_mixed_peak_v1_rect_s23_o227_v03_strictmixedpeak_mixed_chain","Assets/ArrowMagic/SOData/Levels/Campaign500NormalFullV1/w10smp/c5nep_w10smp_40_nutation_strict_mixed_peak_v1_rect_s23_o227_v03_strictmixedpeak_mixed_chain.asset","0.982","10","4","3","0.884","0.139","8","4"
"230","23","330","Main/Level_Main_230","NormalA_FlowOrNeutral","普通/恢复","FlowRail","rail_chain","NormalFlow","strict152","campaign500_normal_early_plus_v1_topup_fastlane1_33_nutation_flow_rail_v1_rect_s23_o230_v02_flowrail_rail_chain","Assets/ArrowMagic/SOData/Levels/Campaign500NormalFullV1/fastlane1/campaign500_normal_early_plus_v1_topup_fastlane1_33_nutation_flow_rail_v1_rect_s23_o230_v02_flowrail_rail_chain.asset","0.996","10","4","2","0.915","0.141","6","6"
"234","24","334","Main/Level_Main_234","NormalA_FlowOrNeutral","普通/恢复","FlowPatch","patch_chain","NormalFlow","strict152","campaign500_normal_early_plus_v1_topup_fastlane1_36_nutation_flow_rail_v1_rect_s24_o234_v02_flowrail_patch_chain","Assets/ArrowMagic/SOData/Levels/Campaign500NormalFullV1/fastlane1/campaign500_normal_early_plus_v1_topup_fastlane1_36_nutation_flow_rail_v1_rect_s24_o234_v02_flowrail_patch_chain.asset","0.995","10","4","2","0.89","0.187","7","7"
"236","24","336","Main/Level_Main_236","Hard","困难","PeelMid","rail_chain","Hard","strict152","c5nep_w10smh_17_nutation_strict_mixed_hard_v1_rect_s24_o236_v00_strictmixedhard_mixed_chain","Assets/ArrowMagic/SOData/Levels/Campaign500NormalFullV1/w10smh/c5nep_w10smh_17_nutation_strict_mixed_hard_v1_rect_s24_o236_v00_strictmixedhard_mixed_chain.asset","0.989","10","6","3","0.846","0.211","8","6"
"245","25","345","Main/Level_Main_245","Peak","特别困难","PressurePeak","mixed_chain","Peak","strict152","c5nep_w11c_13_nutation_strict_mixed_hard_v1_rect_s25_o245_v02_strictmixedhard_mixed_chain","Assets/ArrowMagic/SOData/Levels/Campaign500NormalFullV1/w11c/c5nep_w11c_13_nutation_strict_mixed_hard_v1_rect_s25_o245_v02_strictmixedhard_mixed_chain.asset","0.992","9","6","6","0.853","0.177","5","5"
"249","25","349","Main/Level_Main_249","Hard","特别困难","PeelMid","rail_chain","Hard","strict152","c5nep_w11d_14_nutation_strict_mixed_hard_v1_rect_s25_o249_v03_strictmixedhard_mixed_chain","Assets/ArrowMagic/SOData/Levels/Campaign500NormalFullV1/w11d/c5nep_w11d_14_nutation_strict_mixed_hard_v1_rect_s25_o249_v03_strictmixedhard_mixed_chain.asset","0.99","10","6","6","0.843","0.223","6","6"
"250","25","350","Main/Level_Main_250","NormalB_NeutralOrPeelLight","普通/恢复","NeutralMixed","mixed_chain","NormalNeutral","strict152","campaign500_normal_full_v1_s14_s26_137_nutation_mixed_neutral_v1_rect_s25_o250_v01_neutralmixed_mixed_chain","Assets/ArrowMagic/SOData/Levels/Campaign500NormalFullV1/s14_s26/campaign500_normal_full_v1_s14_s26_137_nutation_mixed_neutral_v1_rect_s25_o250_v01_neutralmixed_mixed_chain.asset","0.986","8","5","3","0.85","0.214","8","5"
"256","26","356","Main/Level_Main_256","Peak","极难","PressurePeak","mixed_chain","Peak","strict152","c5nep_w12a_14_nutation_strict_mixed_hard_v1_rect_s26_o256_v05_strictmixedhard_mixed_chain","Assets/ArrowMagic/SOData/Levels/Campaign500NormalFullV1/w12a/c5nep_w12a_14_nutation_strict_mixed_hard_v1_rect_s26_o256_v05_strictmixedhard_mixed_chain.asset","0.978","8","4","3","0.859","0.198","6","5"
"260","26","360","Main/Level_Main_260","NormalB_NeutralOrPeelLight","普通/恢复","NeutralMixed","mixed_chain","NormalNeutral","strict152","campaign500_normal_full_v1_s14_s26_150_nutation_mixed_neutral_v1_rect_s26_o260_v02_neutralmixed_mixed_chain","Assets/ArrowMagic/SOData/Levels/Campaign500NormalFullV1/s14_s26/campaign500_normal_full_v1_s14_s26_150_nutation_mixed_neutral_v1_rect_s26_o260_v02_neutralmixed_mixed_chain.asset","0.977","8","6","5","0.83","0.236","7","7"
"262","27","362","Main/Level_Main_262","NormalB_NeutralOrPeelLight","普通/恢复","","","NormalNeutral","raw_rescue","campaign500_normal_full_v1_s27_s38_06_nutation_mixed_neutral_v1_rect_s27_o262_v02_neutralmixed_mixed_chain","Assets/ArrowMagic/SOData/Levels/Campaign500NormalFullV1/s27_s38/campaign500_normal_full_v1_s27_s38_06_nutation_mixed_neutral_v1_rect_s27_o262_v02_neutralmixed_mixed_chain.asset","0.985","10","7","6","0.862","0.225","7","7"
"266","27","366","Main/Level_Main_266","NormalA_FlowOrNeutral","普通/恢复","FlowPatch","patch_chain","NormalFlow","strict152","campaign500_normal_full_v1_s27_s38_99_nutation_flow_rail_v1_rect_s35_o346_v02_flowrail_rail_chain","Assets/ArrowMagic/SOData/Levels/Campaign500NormalFullV1/s27_s38/campaign500_normal_full_v1_s27_s38_99_nutation_flow_rail_v1_rect_s35_o346_v02_flowrail_rail_chain.asset","0.992","10","4","4","0.926","0.056","5","4"
"269","27","369","Main/Level_Main_269","Peak","极难","PressurePeak","mixed_chain","Peak","strict152","c5nep_w11b_16_nutation_strict_mixed_hard_v1_rect_s27_o269_v00_strictmixedhard_mixed_chain","Assets/ArrowMagic/SOData/Levels/Campaign500NormalFullV1/w11b/c5nep_w11b_16_nutation_strict_mixed_hard_v1_rect_s27_o269_v00_strictmixedhard_mixed_chain.asset","0.986","10","5","3","0.852","0.21","8","6"
"275","28","375","Main/Level_Main_275","NormalA_FlowOrNeutral","普通/恢复","FlowCurve","curve_chain","NormalFlow","strict152","campaign500_normal_full_v1_s27_s38_114_nutation_mixed_neutral_v1_rect_s36_o355_v02_neutralmixed_mixed_chain","Assets/ArrowMagic/SOData/Levels/Campaign500NormalFullV1/s27_s38/campaign500_normal_full_v1_s27_s38_114_nutation_mixed_neutral_v1_rect_s36_o355_v02_neutralmixed_mixed_chain.asset","0.989","9","5","5","0.884","0.148","6","5"
"276","28","376","Main/Level_Main_276","Peak","极难","PressurePeak","mixed_chain","Peak","strict152","c5nep_w12b_16_nutation_strict_mixed_hard_v1_rect_s28_o276_v07_strictmixedhard_mixed_chain","Assets/ArrowMagic/SOData/Levels/Campaign500NormalFullV1/w12b/c5nep_w12b_16_nutation_strict_mixed_hard_v1_rect_s28_o276_v07_strictmixedhard_mixed_chain.asset","0.988","10","3","3","0.885","0.212","8","7"
"279","28","379","Main/Level_Main_279","NormalB_NeutralOrPeelLight","普通/恢复","NeutralMixed","mixed_chain","NormalNeutral","strict152","c5nep_w6nm_01_nutation_mixed_neutral_v1_rect_s28_o279_v00_neutralmixed_rail_chain","Assets/ArrowMagic/SOData/Levels/Campaign500NormalFullV1/w6nm/c5nep_w6nm_01_nutation_mixed_neutral_v1_rect_s28_o279_v00_neutralmixed_rail_chain.asset","0.977","9","4","4","0.879","0.197","8","6"
"281","29","381","Main/Level_Main_281","NormalA_FlowOrNeutral","普通/恢复","FlowRail","rail_chain","NormalFlow","strict152","campaign500_normal_full_v1_s27_s38_27_nutation_flow_rail_v1_rect_s29_o281_v02_flowrail_rail_chain","Assets/ArrowMagic/SOData/Levels/Campaign500NormalFullV1/s27_s38/campaign500_normal_full_v1_s27_s38_27_nutation_flow_rail_v1_rect_s29_o281_v02_flowrail_rail_chain.asset","0.985","10","3","3","0.906","0.147","6","6"
"282","29","382","Main/Level_Main_282","NormalB_NeutralOrPeelLight","普通/恢复","NeutralMixed","mixed_chain","NormalNeutral","strict152","campaign500_normal_full_v1_s27_s38_28_nutation_mixed_neutral_v1_rect_s29_o282_v00_neutralmixed_mixed_chain","Assets/ArrowMagic/SOData/Levels/Campaign500NormalFullV1/s27_s38/campaign500_normal_full_v1_s27_s38_28_nutation_mixed_neutral_v1_rect_s29_o282_v00_neutralmixed_mixed_chain.asset","0.985","8","6","5","0.829","0.208","5","5"
"287","29","387","Main/Level_Main_287","Peak","极难","PressurePeak","mixed_chain","Peak","strict152","c5nep_w12c_11_nutation_strict_mixed_hard_v1_rect_s29_o287_v02_strictmixedhard_mixed_chain","Assets/ArrowMagic/SOData/Levels/Campaign500NormalFullV1/w12c/c5nep_w12c_11_nutation_strict_mixed_hard_v1_rect_s29_o287_v02_strictmixedhard_mixed_chain.asset","0.988","9","7","4","0.848","0.208","6","6"
"289","29","389","Main/Level_Main_289","Hard","困难","","","Hard","raw_rescue","campaign500_normal_full_v1_s27_s38_33_nutation_peel_v2_rect_s29_o289_v02_peelmid_curve_chain","Assets/ArrowMagic/SOData/Levels/Campaign500NormalFullV1/s27_s38/campaign500_normal_full_v1_s27_s38_33_nutation_peel_v2_rect_s29_o289_v02_peelmid_curve_chain.asset","0.966","11","3","3","0.875","0.182","7","6"
"291","30","391","Main/Level_Main_291","NormalB_NeutralOrPeelLight","普通/恢复","NeutralMixed","mixed_chain","NormalNeutral","strict152","campaign500_normal_full_v1_s27_s38_42_nutation_mixed_neutral_v1_rect_s30_o291_v02_neutralmixed_mixed_chain","Assets/ArrowMagic/SOData/Levels/Campaign500NormalFullV1/s27_s38/campaign500_normal_full_v1_s27_s38_42_nutation_mixed_neutral_v1_rect_s30_o291_v02_neutralmixed_mixed_chain.asset","0.973","9","6","5","0.889","0.187","6","6"
"295","30","395","Main/Level_Main_295","NormalA_FlowOrNeutral","普通/恢复","FlowPatch","patch_chain","NormalFlow","strict152","campaign500_normal_full_v1_s27_s38_135_nutation_mixed_neutral_v1_rect_s38_o371_v02_neutralmixed_mixed_chain","Assets/ArrowMagic/SOData/Levels/Campaign500NormalFullV1/s27_s38/campaign500_normal_full_v1_s27_s38_135_nutation_mixed_neutral_v1_rect_s38_o371_v02_neutralmixed_mixed_chain.asset","0.98","8","6","5","0.883","0.174","7","5"
"296","30","396","Main/Level_Main_296","Hard","特别困难","PeelMid","rail_chain","Hard","strict152","c5nep_w12d_12_nutation_strict_mixed_hard_v1_rect_s30_o296_v03_strictmixedhard_mixed_chain","Assets/ArrowMagic/SOData/Levels/Campaign500NormalFullV1/w12d/c5nep_w12d_12_nutation_strict_mixed_hard_v1_rect_s30_o296_v03_strictmixedhard_mixed_chain.asset","0.981","10","5","4","0.868","0.169","5","5"
"305","31","405","Main/Level_Main_305","Hard","特别困难","PeelMid","rail_chain","Hard","strict152","c5nep_w10smh_34_nutation_strict_mixed_hard_v1_rect_s31_o305_v01_strictmixedhard_mixed_chain","Assets/ArrowMagic/SOData/Levels/Campaign500NormalFullV1/w10smh/c5nep_w10smh_34_nutation_strict_mixed_hard_v1_rect_s31_o305_v01_strictmixedhard_mixed_chain.asset","0.992","10","5","5","0.877","0.174","6","6"
"308","31","408","Main/Level_Main_308","NormalB_NeutralOrPeelLight","普通/恢复","NeutralMixed","mixed_chain","NormalNeutral","strict152","campaign500_normal_full_v1_s27_s38_53_nutation_mixed_neutral_v1_rect_s31_o308_v01_neutralmixed_mixed_chain","Assets/ArrowMagic/SOData/Levels/Campaign500NormalFullV1/s27_s38/campaign500_normal_full_v1_s27_s38_53_nutation_mixed_neutral_v1_rect_s31_o308_v01_neutralmixed_mixed_chain.asset","0.983","9","5","4","0.891","0.16","6","5"
"309","31","409","Main/Level_Main_309","Peak","极难","PressurePeak","mixed_chain","Peak","strict152","c5nep_w12a_22_nutation_strict_mixed_hard_v1_rect_s31_o309_v05_strictmixedhard_mixed_chain","Assets/ArrowMagic/SOData/Levels/Campaign500NormalFullV1/w12a/c5nep_w12a_22_nutation_strict_mixed_hard_v1_rect_s31_o309_v05_strictmixedhard_mixed_chain.asset","0.985","10","5","3","0.907","0.113","5","5"
"311","32","411","Main/Level_Main_311","NormalA_FlowOrNeutral","普通/恢复","FlowRail","rail_chain","NormalFlow","strict152","campaign500_normal_early_plus_v1_topup_fastlane1_40_nutation_flow_rail_v1_rect_s32_o311_v00_flowrail_rail_chain","Assets/ArrowMagic/SOData/Levels/Campaign500NormalFullV1/fastlane1/campaign500_normal_early_plus_v1_topup_fastlane1_40_nutation_flow_rail_v1_rect_s32_o311_v00_flowrail_rail_chain.asset","0.996","10","5","3","0.865","0.188","7","7"
"314","32","414","Main/Level_Main_314","NormalB_NeutralOrPeelLight","普通/恢复","NeutralMixed","mixed_chain","NormalNeutral","strict152","campaign500_normal_full_v1_s27_s38_66_nutation_mixed_neutral_v1_rect_s32_o314_v02_neutralmixed_mixed_chain","Assets/ArrowMagic/SOData/Levels/Campaign500NormalFullV1/s27_s38/campaign500_normal_full_v1_s27_s38_66_nutation_mixed_neutral_v1_rect_s32_o314_v02_neutralmixed_mixed_chain.asset","0.985","9","5","5","0.895","0.188","7","6"
"316","32","416","Main/Level_Main_316","Peak","极难","PressurePeak","mixed_chain","Peak","strict152","c5nep_w11c_23_nutation_strict_mixed_hard_v1_rect_s32_o316_v02_strictmixedhard_mixed_chain","Assets/ArrowMagic/SOData/Levels/Campaign500NormalFullV1/w11c/c5nep_w11c_23_nutation_strict_mixed_hard_v1_rect_s32_o316_v02_strictmixedhard_mixed_chain.asset","0.99","10","4","4","0.854","0.138","6","4"
"322","33","422","Main/Level_Main_322","NormalA_FlowOrNeutral","普通/恢复","FlowPatch","patch_chain","NormalFlow","strict152","campaign500_normal_early_plus_v1_topup_fastlane1_45_nutation_flow_rail_v1_rect_s33_o322_v02_flowrail_patch_chain","Assets/ArrowMagic/SOData/Levels/Campaign500NormalFullV1/fastlane1/campaign500_normal_early_plus_v1_topup_fastlane1_45_nutation_flow_rail_v1_rect_s33_o322_v02_flowrail_patch_chain.asset","0.991","9","3","3","0.932","0.028","5","3"
"329","33","429","Main/Level_Main_329","Peak","极难","PressurePeak","mixed_chain","Peak","strict152","c5nep_w13d_13_nutation_strict_mixed_axisbreak_v1_rect_s33_o329_v00_strictmixedaxisbreak_axis_break_chain_b","Assets/ArrowMagic/SOData/Levels/Campaign500NormalFullV1/w13d/c5nep_w13d_13_nutation_strict_mixed_axisbreak_v1_rect_s33_o329_v00_strictmixedaxisbreak_axis_break_chain_b.asset","0.983","9","5","3","0.936","0.104","7","4"
"336","34","436","Main/Level_Main_336","Peak","极难","PressurePeak","mixed_chain","Peak","strict152","campaign500_normal_full_v1_s27_s38_94_nutation_pressure_peak_v1_rect_s34_o336_v00_pressurepeak_mixed_chain","Assets/ArrowMagic/SOData/Levels/Campaign500NormalFullV1/s27_s38/campaign500_normal_full_v1_s27_s38_94_nutation_pressure_peak_v1_rect_s34_o336_v00_pressurepeak_mixed_chain.asset","0.981","9","4","3","0.858","0.24","7","7"
"337","34","437","Main/Level_Main_337","NormalA_FlowOrNeutral","普通/恢复","FlowCurve","curve_chain","NormalFlow","strict152","campaign500_normal_early_plus_v1_topup_fastlane1_48_nutation_flow_rail_v1_rect_s34_o337_v02_flowrail_rail_chain","Assets/ArrowMagic/SOData/Levels/Campaign500NormalFullV1/fastlane1/campaign500_normal_early_plus_v1_topup_fastlane1_48_nutation_flow_rail_v1_rect_s34_o337_v02_flowrail_rail_chain.asset","0.996","10","5","3","0.903","0.133","6","6"
"339","34","439","Main/Level_Main_339","NormalB_NeutralOrPeelLight","普通/恢复","NeutralMixed","mixed_chain","NormalNeutral","strict152","c5nep_w11b_26_nutation_strict_mixed_hard_v1_rect_s34_o339_v00_strictmixedhard_mixed_chain","Assets/ArrowMagic/SOData/Levels/Campaign500NormalFullV1/w11b/c5nep_w11b_26_nutation_strict_mixed_hard_v1_rect_s34_o339_v00_strictmixedhard_mixed_chain.asset","0.986","8","6","4","0.933","0.094","7","4"
"345","35","445","Main/Level_Main_345","NormalB_NeutralOrPeelLight","普通/恢复","NeutralMixed","mixed_chain","NormalNeutral","strict152","c5nep_w11c_26_nutation_strict_mixed_hard_v1_rect_s35_o345_v00_strictmixedhard_mixed_chain","Assets/ArrowMagic/SOData/Levels/Campaign500NormalFullV1/w11c/c5nep_w11c_26_nutation_strict_mixed_hard_v1_rect_s35_o345_v00_strictmixedhard_mixed_chain.asset","0.991","10","4","4","0.886","0.217","7","7"
"346","35","446","Main/Level_Main_346","NormalA_FlowOrNeutral","普通/恢复","FlowRail","rail_chain","NormalFlow","strict152","campaign500_normal_full_v1_s27_s38_97_nutation_flow_rail_v1_rect_s35_o346_v00_flowrail_rail_chain","Assets/ArrowMagic/SOData/Levels/Campaign500NormalFullV1/s27_s38/campaign500_normal_full_v1_s27_s38_97_nutation_flow_rail_v1_rect_s35_o346_v00_flowrail_rail_chain.asset","0.994","10","4","2","0.926","0.127","7","5"
"355","36","455","Main/Level_Main_355","NormalB_NeutralOrPeelLight","普通/恢复","NeutralMixed","mixed_chain","NormalNeutral","strict152","campaign500_normal_full_v1_s27_s38_113_nutation_mixed_neutral_v1_rect_s36_o355_v01_neutralmixed_mixed_chain","Assets/ArrowMagic/SOData/Levels/Campaign500NormalFullV1/s27_s38/campaign500_normal_full_v1_s27_s38_113_nutation_mixed_neutral_v1_rect_s36_o355_v01_neutralmixed_mixed_chain.asset","0.983","9","5","4","0.898","0.13","6","6"
"357","36","457","Main/Level_Main_357","NormalA_FlowOrNeutral","普通/恢复","FlowPatch","patch_chain","NormalFlow","strict152","campaign500_normal_full_v1_s39_s50_tail_32_nutation_mixed_neutral_v1_rect_s44_o431_v01_neutralmixed_mixed_chain","Assets/ArrowMagic/SOData/Levels/Campaign500NormalFullV1/s39_s50_tail/campaign500_normal_full_v1_s39_s50_tail_32_nutation_mixed_neutral_v1_rect_s44_o431_v01_neutralmixed_mixed_chain.asset","0.989","8","5","5","0.911","0.19","7","6"
"362","37","462","Main/Level_Main_362","NormalA_FlowOrNeutral","普通/恢复","","","NormalNeutral","raw_rescue","campaign500_normal_full_v1_s27_s38_121_nutation_mixed_neutral_v1_rect_s37_o362_v00_neutralmixed_mixed_chain","Assets/ArrowMagic/SOData/Levels/Campaign500NormalFullV1/s27_s38/campaign500_normal_full_v1_s27_s38_121_nutation_mixed_neutral_v1_rect_s37_o362_v00_neutralmixed_mixed_chain.asset","0.991","8","3","2","0.835","0.264","8","8"
"365","37","465","Main/Level_Main_365","Peak","特别困难","PressurePeak","mixed_chain","Peak","strict152","c5nep_w11a_33_nutation_strict_mixed_hard_v1_rect_s37_o365_v02_strictmixedhard_mixed_chain","Assets/ArrowMagic/SOData/Levels/Campaign500NormalFullV1/w11a/c5nep_w11a_33_nutation_strict_mixed_hard_v1_rect_s37_o365_v02_strictmixedhard_mixed_chain.asset","0.982","8","5","5","0.831","0.264","8","7"
"366","37","466","Main/Level_Main_366","NormalB_NeutralOrPeelLight","普通/恢复","NeutralMixed","mixed_chain","NormalNeutral","strict152","campaign500_normal_full_v1_s27_s38_126_nutation_mixed_neutral_v1_rect_s37_o366_v02_neutralmixed_mixed_chain","Assets/ArrowMagic/SOData/Levels/Campaign500NormalFullV1/s27_s38/campaign500_normal_full_v1_s27_s38_126_nutation_mixed_neutral_v1_rect_s37_o366_v02_neutralmixed_mixed_chain.asset","0.993","9","5","3","0.836","0.221","8","5"
"369","37","469","Main/Level_Main_369","Hard","特别困难","PeelMid","rail_chain","Hard","strict152","campaign500_normal_full_v1_s27_s38_129_nutation_peel_rail_v1_rect_s37_o369_v02_peelmid_rail_chain","Assets/ArrowMagic/SOData/Levels/Campaign500NormalFullV1/s27_s38/campaign500_normal_full_v1_s27_s38_129_nutation_peel_rail_v1_rect_s37_o369_v02_peelmid_rail_chain.asset","0.991","10","6","3","0.891","0.127","5","5"
"371","38","471","Main/Level_Main_371","NormalA_FlowOrNeutral","普通/恢复","NeutralMixed","mixed_chain","NormalNeutral","strict152","campaign500_normal_full_v1_s27_s38_133_nutation_mixed_neutral_v1_rect_s38_o371_v00_neutralmixed_mixed_chain","Assets/ArrowMagic/SOData/Levels/Campaign500NormalFullV1/s27_s38/campaign500_normal_full_v1_s27_s38_133_nutation_mixed_neutral_v1_rect_s38_o371_v00_neutralmixed_mixed_chain.asset","0.994","9","7","5","0.86","0.217","7","7"
"374","38","474","Main/Level_Main_374","NormalB_NeutralOrPeelLight","普通/恢复","NeutralMixed","mixed_chain","NormalNeutral","strict152","c5nep_w6nm_13_nutation_mixed_neutral_v1_rect_s38_o374_v00_neutralmixed_mixed_chain","Assets/ArrowMagic/SOData/Levels/Campaign500NormalFullV1/w6nm/c5nep_w6nm_13_nutation_mixed_neutral_v1_rect_s38_o374_v00_neutralmixed_mixed_chain.asset","0.986","6","5","5","0.866","0.208","6","6"
"376","38","476","Main/Level_Main_376","Peak","极难","PressurePeak","mixed_chain","Peak","strict152","campaign500_normal_full_v1_s27_s38_142_nutation_pressure_peak_v1_rect_s38_o376_v00_pressurepeak_mixed_chain","Assets/ArrowMagic/SOData/Levels/Campaign500NormalFullV1/s27_s38/campaign500_normal_full_v1_s27_s38_142_nutation_pressure_peak_v1_rect_s38_o376_v00_pressurepeak_mixed_chain.asset","0.985","9","4","4","0.884","0.169","6","6"
"384","39","484","Main/Level_Main_384","Hard","特别困难","PeelMid","rail_chain","Hard","strict152","c5nep_w11b_34_nutation_strict_mixed_hard_v1_rect_s39_o384_v03_strictmixedhard_mixed_chain","Assets/ArrowMagic/SOData/Levels/Campaign500NormalFullV1/w11b/c5nep_w11b_34_nutation_strict_mixed_hard_v1_rect_s39_o384_v03_strictmixedhard_mixed_chain.asset","0.987","8","3","3","0.918","0.142","6","6"
"386","39","486","Main/Level_Main_386","NormalA_FlowOrNeutral","普通/恢复","FlowCurve","curve_chain","NormalFlow","strict152","c5nep_w11c_35_nutation_strict_mixed_hard_v1_rect_s39_o386_v04_strictmixedhard_mixed_chain","Assets/ArrowMagic/SOData/Levels/Campaign500NormalFullV1/w11c/c5nep_w11c_35_nutation_strict_mixed_hard_v1_rect_s39_o386_v04_strictmixedhard_mixed_chain.asset","0.975","8","5","4","0.833","0.274","7","7"
"394","40","494","Main/Level_Main_394","Hard","特别困难","PeelMid","rail_chain","Hard","strict152","c5nep_w12d_23_nutation_strict_mixed_hard_v1_rect_s40_o394_v06_strictmixedhard_mixed_chain","Assets/ArrowMagic/SOData/Levels/Campaign500NormalFullV1/w12d/c5nep_w12d_23_nutation_strict_mixed_hard_v1_rect_s40_o394_v06_strictmixedhard_mixed_chain.asset","0.981","8","5","3","0.872","0.177","6","6"
"395","40","495","Main/Level_Main_395","NormalB_NeutralOrPeelLight","普通/恢复","NeutralMixed","mixed_chain","NormalNeutral","strict152","campaign500_normal_full_v1_s39_s50_18_nutation_mixed_neutral_v1_rect_s40_o395_v02_neutralmixed_mixed_chain","Assets/ArrowMagic/SOData/Levels/Campaign500NormalFullV1/s39_s50/campaign500_normal_full_v1_s39_s50_18_nutation_mixed_neutral_v1_rect_s40_o395_v02_neutralmixed_mixed_chain.asset","0.984","9","5","3","0.87","0.217","7","7"
"402","41","502","Main/Level_Main_402","NormalB_NeutralOrPeelLight","普通/恢复","PeelLight","curve_chain","NormalPeelLight","strict152","c5nep_w4pl_09_nutation_peel_rect_s41_o402_v00_peellight_rail_chain","Assets/ArrowMagic/SOData/Levels/Campaign500NormalFullV1/w4pl/c5nep_w4pl_09_nutation_peel_rect_s41_o402_v00_peellight_rail_chain.asset","0.965","10","5","4","0.866","0.109","6","4"
"405","41","505","Main/Level_Main_405","Hard","困难","PeelMid","curve_chain","Hard","strict152","c5nep_w11c_37_nutation_strict_mixed_hard_v1_rect_s41_o405_v01_strictmixedhard_mixed_chain","Assets/ArrowMagic/SOData/Levels/Campaign500NormalFullV1/w11c/c5nep_w11c_37_nutation_strict_mixed_hard_v1_rect_s41_o405_v01_strictmixedhard_mixed_chain.asset","0.988","9","5","2","0.862","0.161","6","5"
"406","41","506","Main/Level_Main_406","NormalA_FlowOrNeutral","普通/恢复","NeutralMixed","mixed_chain","NormalNeutral","strict152","campaign500_normal_full_v1_s39_s50_25_nutation_mixed_neutral_v1_rect_s41_o406_v00_neutralmixed_mixed_chain","Assets/ArrowMagic/SOData/Levels/Campaign500NormalFullV1/s39_s50/campaign500_normal_full_v1_s39_s50_25_nutation_mixed_neutral_v1_rect_s41_o406_v00_neutralmixed_mixed_chain.asset","0.985","10","6","4","0.86","0.134","5","5"
"407","41","507","Main/Level_Main_407","Peak","极难","","","PeakReview","raw_rescue","campaign500_normal_full_v1_s39_s50_tail_06_nutation_peel_v2_rect_s41_o407_v02_peelhard_curve_chain","Assets/ArrowMagic/SOData/Levels/Campaign500NormalFullV1/s39_s50_tail/campaign500_normal_full_v1_s39_s50_tail_06_nutation_peel_v2_rect_s41_o407_v02_peelhard_curve_chain.asset","0.975","11","6","2","0.831","0.234","8","6"
"411","42","511","Main/Level_Main_411","NormalB_NeutralOrPeelLight","普通/恢复","PeelLight","rail_chain","NormalPeelLight","strict152","campaign500_normal_full_v1_s39_s50_tail_07_nutation_peel_rect_s42_o411_v00_peellight_rail_chain","Assets/ArrowMagic/SOData/Levels/Campaign500NormalFullV1/s39_s50_tail/campaign500_normal_full_v1_s39_s50_tail_07_nutation_peel_rect_s42_o411_v00_peellight_rail_chain.asset","0.979","10","5","5","0.832","0.245","7","7"
"414","42","514","Main/Level_Main_414","NormalA_FlowOrNeutral","普通/恢复","FlowRail","rail_chain","NormalFlow","strict152","campaign500_normal_full_v1_s46_s50_tail_39_nutation_mixed_neutral_v1_rect_s49_o481_v02_neutralmixed_mixed_chain","Assets/ArrowMagic/SOData/Levels/Campaign500NormalFullV1/s46_s50_tail/campaign500_normal_full_v1_s46_s50_tail_39_nutation_mixed_neutral_v1_rect_s49_o481_v02_neutralmixed_mixed_chain.asset","0.986","10","5","3","0.913","0.161","6","6"
"422","43","522","Main/Level_Main_422","NormalA_FlowOrNeutral","普通/恢复","NeutralMixed","mixed_chain","NormalNeutral","strict152","campaign500_normal_full_v1_s39_s50_tail_21_nutation_mixed_neutral_v1_rect_s43_o422_v02_neutralmixed_mixed_chain","Assets/ArrowMagic/SOData/Levels/Campaign500NormalFullV1/s39_s50_tail/campaign500_normal_full_v1_s39_s50_tail_21_nutation_mixed_neutral_v1_rect_s43_o422_v02_neutralmixed_mixed_chain.asset","0.991","10","5","2","0.914","0.14","8","5"
"424","43","524","Main/Level_Main_424","NormalB_NeutralOrPeelLight","普通/恢复","PeelLight","curve_chain","NormalPeelLight","strict152","c5nep_w11a_43_nutation_strict_mixed_hard_v1_rect_s43_o424_v02_strictmixedhard_mixed_chain","Assets/ArrowMagic/SOData/Levels/Campaign500NormalFullV1/w11a/c5nep_w11a_43_nutation_strict_mixed_hard_v1_rect_s43_o424_v02_strictmixedhard_mixed_chain.asset","0.985","8","6","5","0.869","0.192","6","6"
"439","44","539","Main/Level_Main_439","NormalB_NeutralOrPeelLight","普通/恢复","PeelLight","rail_chain","NormalPeelLight","strict152","c5nep_w13b_21_nutation_strict_mixed_localbreak_v1_rect_s44_o439_v08_strictmixedlocalbreak_local_break_chain","Assets/ArrowMagic/SOData/Levels/Campaign500NormalFullV1/w13b/c5nep_w13b_21_nutation_strict_mixed_localbreak_v1_rect_s44_o439_v08_strictmixedlocalbreak_local_break_chain.asset","0.988","9","6","5","0.836","0.236","7","7"
"445","45","545","Main/Level_Main_445","Hard","困难","PeelMid","rail_chain","Hard","strict152","c5nep_w13a_25_nutation_strict_mixed_axisbreak_v1_rect_s45_o445_v00_strictmixedaxisbreak_axis_break_chain","Assets/ArrowMagic/SOData/Levels/Campaign500NormalFullV1/w13a/c5nep_w13a_25_nutation_strict_mixed_axisbreak_v1_rect_s45_o445_v00_strictmixedaxisbreak_axis_break_chain.asset","0.981","9","7","3","0.844","0.213","8","5"
"455","46","555","Main/Level_Main_455","NormalB_NeutralOrPeelLight","普通/恢复","PeelLight","rail_chain","NormalPeelLight","strict152","c5nep_w12d_27_nutation_strict_mixed_hard_v1_rect_s46_o455_v02_strictmixedhard_mixed_chain","Assets/ArrowMagic/SOData/Levels/Campaign500NormalFullV1/w12d/c5nep_w12d_27_nutation_strict_mixed_hard_v1_rect_s46_o455_v02_strictmixedhard_mixed_chain.asset","0.986","10","4","4","0.84","0.249","7","6"
"457","46","557","Main/Level_Main_457","NormalA_FlowOrNeutral","普通/恢复","NeutralMixed","mixed_chain","NormalNeutral","strict152","campaign500_normal_full_v1_s46_s50_tail_07_nutation_mixed_neutral_v1_rect_s46_o457_v00_neutralmixed_mixed_chain","Assets/ArrowMagic/SOData/Levels/Campaign500NormalFullV1/s46_s50_tail/campaign500_normal_full_v1_s46_s50_tail_07_nutation_mixed_neutral_v1_rect_s46_o457_v00_neutralmixed_mixed_chain.asset","0.982","9","7","5","0.824","0.238","8","7"
"459","46","559","Main/Level_Main_459","Hard","困难","PeelMid","curve_chain","Hard","strict152","c5nep_w13b_37_nutation_strict_mixed_localbreak_v1_rect_s46_o459_v00_strictmixedlocalbreak_local_break_chain","Assets/ArrowMagic/SOData/Levels/Campaign500NormalFullV1/w13b/c5nep_w13b_37_nutation_strict_mixed_localbreak_v1_rect_s46_o459_v00_strictmixedlocalbreak_local_break_chain.asset","0.987","9","6","5","0.823","0.225","6","6"
"464","47","564","Main/Level_Main_464","NormalA_FlowOrNeutral","普通/恢复","NeutralMixed","mixed_chain","NormalNeutral","strict152","campaign500_normal_full_v1_s46_s50_tail_18_nutation_mixed_neutral_v1_rect_s47_o464_v02_neutralmixed_mixed_chain","Assets/ArrowMagic/SOData/Levels/Campaign500NormalFullV1/s46_s50_tail/campaign500_normal_full_v1_s46_s50_tail_18_nutation_mixed_neutral_v1_rect_s47_o464_v02_neutralmixed_mixed_chain.asset","0.982","9","7","2","0.869","0.246","7","7"
"471","48","571","Main/Level_Main_471","NormalA_FlowOrNeutral","普通/恢复","FlowCurve","curve_chain","NormalFlow","strict152","campaign500_normal_early_plus_v1_topup_fastlane1_52_nutation_flow_rail_v1_rect_s48_o471_v00_flowrail_curve_chain","Assets/ArrowMagic/SOData/Levels/Campaign500NormalFullV1/fastlane1/campaign500_normal_early_plus_v1_topup_fastlane1_52_nutation_flow_rail_v1_rect_s48_o471_v00_flowrail_curve_chain.asset","0.993","9","3","3","0.919","0.047","4","4"
"476","48","576","Main/Level_Main_476","NormalB_NeutralOrPeelLight","普通/恢复","PeelLight","rail_chain","NormalPeelLight","strict152","c5nep_w11b_51_nutation_strict_mixed_hard_v1_rect_s48_o476_v00_strictmixedhard_mixed_chain","Assets/ArrowMagic/SOData/Levels/Campaign500NormalFullV1/w11b/c5nep_w11b_51_nutation_strict_mixed_hard_v1_rect_s48_o476_v00_strictmixedhard_mixed_chain.asset","0.985","10","5","2","0.903","0.152","7","6"
"481","49","581","Main/Level_Main_481","NormalA_FlowOrNeutral","普通/恢复","NeutralMixed","mixed_chain","NormalNeutral","strict152","campaign500_normal_full_v1_s46_s50_tail_37_nutation_mixed_neutral_v1_rect_s49_o481_v00_neutralmixed_mixed_chain","Assets/ArrowMagic/SOData/Levels/Campaign500NormalFullV1/s46_s50_tail/campaign500_normal_full_v1_s46_s50_tail_37_nutation_mixed_neutral_v1_rect_s49_o481_v00_neutralmixed_mixed_chain.asset","0.994","10","7","5","0.863","0.226","7","6"
"482","49","582","Main/Level_Main_482","NormalB_NeutralOrPeelLight","普通/恢复","PeelLight","curve_chain","NormalPeelLight","strict152","c5nep_w11c_55_nutation_strict_mixed_hard_v1_rect_s49_o482_v04_strictmixedhard_mixed_chain","Assets/ArrowMagic/SOData/Levels/Campaign500NormalFullV1/w11c/c5nep_w11c_55_nutation_strict_mixed_hard_v1_rect_s49_o482_v04_strictmixedhard_mixed_chain.asset","0.988","10","6","4","0.852","0.218","7","7"
"491","50","591","Main/Level_Main_491","Hard","普通/恢复","PeelMid","curve_chain","Hard","strict152","c5nep_w11a_57_nutation_strict_mixed_hard_v1_rect_s50_o491_v01_strictmixedhard_mixed_chain","Assets/ArrowMagic/SOData/Levels/Campaign500NormalFullV1/w11a/c5nep_w11a_57_nutation_strict_mixed_hard_v1_rect_s50_o491_v01_strictmixedhard_mixed_chain.asset","0.976","10","4","3","0.924","0.113","6","5"
"495","50","595","Main/Level_Main_495","NormalA_FlowOrNeutral","普通/恢复","NeutralMixed","mixed_chain","NormalNeutral","strict152","c5nep_w6nm_22_nutation_mixed_neutral_v1_rect_s50_o495_v01_neutralmixed_mixed_chain","Assets/ArrowMagic/SOData/Levels/Campaign500NormalFullV1/w6nm/c5nep_w6nm_22_nutation_mixed_neutral_v1_rect_s50_o495_v01_neutralmixed_mixed_chain.asset","0.989","10","5","3","0.868","0.141","5","4"
"496","50","596","Main/Level_Main_496","NormalB_NeutralOrPeelLight","普通/恢复","PeelLight","rail_chain","NormalPeelLight","strict152","c5nep_w11b_56_nutation_strict_mixed_hard_v1_rect_s50_o496_v00_strictmixedhard_mixed_chain","Assets/ArrowMagic/SOData/Levels/Campaign500NormalFullV1/w11b/c5nep_w11b_56_nutation_strict_mixed_hard_v1_rect_s50_o496_v00_strictmixedhard_mixed_chain.asset","0.983","10","3","2","0.897","0.187","7","7"
