"targetOrder","section10","templateDifficultyCode","difficultyLabel","difficultyTag","bucket","oldChain","initialChain","targetChain","newChain","chainLift","selectionMode","donorOrder","donorSection","donorBucket","donorCurrentChain","donorInitialChain","donorSafety","patchKind","candidateArea","candidateArrows","candidateSourcePool","candidateProductionLane","candidateChainLanguage","targetOldAssetPath","candidateAssetPath","donorRevertAssetPath","finalizationVersion","difficultyCodePolicy","note"
"3","1","1","??1","Normal1","Ordinary","36","19","15","15","-21","V11S1LowChain","290","29","Ordinary","15","114","99","ReviewOnlyV12FinalNoResourceReplacement","192","181","SeedV5LongChain30Front300","slot_seedweave_braid_carrier","family_profile_chain","Assets/ArrowMagic/SOData/Levels/Campaign500NormalFullV1/s01_s13/campaign500_normal_full_v1_s01_s13_15_nutation_flow_rail_v1_rect_s02_o011_v02_flowrail_rail_chain.asset","Assets/ArrowMagic/SOData/Levels/Campaign500LongChainProd200PoolV1/campaign500_longchain_prod200_pool_v1_02_l003_long_normal_a_normal_s01_slot_seedweave_braid_carrier.asset","Assets/ArrowMagic/SOData/Levels/DirectProcedural/NormalCandidates/direct_normal_82_direct_normal_rect_section_unlock_g2_v09.asset","RhythmV5Front100_v12_final_review_only","inherited_from_original_template","s1 ordinary 36->15"
"5","1","1","??1","Normal1","Ordinary","36","26","21","21","-15","V11S1Low20s","272","28","Ordinary","21","115","94","ReviewOnlyV12FinalNoResourceReplacement","378","360","SeedV5LongChain30Front300","slot_seedweave_braid_carrier","family_profile_chain","Assets/ArrowMagic/SOData/Levels/Campaign500NormalFullV1/fastlane1/campaign500_normal_early_plus_v1_topup_fastlane1_07_nutation_flow_rail_v1_rect_s09_o081_v00_flowrail_patch_chain.asset","Assets/ArrowMagic/SOData/Levels/Campaign500LongChainProd200PoolV1/campaign500_longchain_prod200_pool_v1_17_l022_long_normal_b_section_s03_slot_seedweave_braid_carrier.asset","Assets/ArrowMagic/SOData/Levels/DirectProcedural/NormalCandidates/direct_normal_33_direct_normal_rect_lock_buckle_g3_v04.asset","RhythmV5Front100_v12_final_review_only","inherited_from_original_template","s1 ordinary 36->21"
"7","1","1","??1","Normal1","Ordinary","50","39","24","24","-26","V11S1Low20s","286","29","Ordinary","24","107","83","ReviewOnlyV12FinalNoResourceReplacement","374","349","SeedV5LongChain30Front300","slot_seedmaze_chamber_corridor","family_profile_chain","Assets/ArrowMagic/SOData/Levels/Campaign500NormalFullV1/s01_s13/campaign500_normal_full_v1_s01_s13_17_nutation_mixed_neutral_v1_rect_s02_o020_v01_neutralmixed_mixed_chain.asset","Assets/ArrowMagic/SOData/Levels/Campaign500LongChainProd200PoolV1/campaign500_longchain_prod200_pool_v1_05_l005_long_normal_b_normal_s01_slot_seedmaze_chamber_corridor.asset","Assets/ArrowMagic/SOData/Levels/DirectProcedural/NormalTopupCandidates/direct_normal_topup_39_direct_normal_topup_rect_quasi_symmetry_g10_v05.asset","RhythmV5Front100_v12_final_review_only","inherited_from_original_template","s1 ordinary 50->24"
"8","1","1","??1","Normal1","Hard","46","46","35","35","-11","V11S1Hard35","204","21","Hard","35","107","72","ReviewOnlyV12FinalNoResourceReplacement","450","426","SeedV5LongChain30Front300","slot_seedmaze_chamber_corridor","family_profile_chain","Assets/ArrowMagic/SOData/Levels/Campaign500NormalFullV1/fastlane1/campaign500_normal_early_plus_v1_topup_fastlane1_16_nutation_flow_rail_v1_rect_s15_o145_v00_flowrail_patch_chain.asset","Assets/ArrowMagic/SOData/Levels/Campaign500LongChainProd200PoolV1/campaign500_longchain_prod200_pool_v1_175_l234_long_normal_b_sweep_s24_slot_seedmaze_chamber_corridor.asset","Assets/ArrowMagic/SOData/Levels/DirectProcedural/NormalCandidates/direct_normal_67_direct_normal_rect_dual_zone_g0_v07.asset","RhythmV5Front100_v12_final_review_only","inherited_from_original_template","s1 hard 46->35"
"10","1","2","??2","Hard2","Peak","52","60","38","38","-14","V11S1NoPeakLow","295","30","Ordinary","38","105","67","ReviewOnlyV12FinalNoResourceReplacement","432","430","Campaign500_HardGateUntil0910","FlowRail","rail_chain","Assets/ArrowMagic/SOData/Levels/Campaign500NormalFullV1/s01_s13/campaign500_normal_full_v1_s01_s13_88_nutation_mixed_neutral_v1_rect_s08_o079_v00_neutralmixed_mixed_chain.asset","Assets/ArrowMagic/SOData/Levels/Campaign500NormalFullV1/s01_s13/campaign500_normal_full_v1_s01_s13_123_nutation_flow_rail_v1_rect_s11_o102_v02_flowrail_rail_chain.asset","Assets/ArrowMagic/SOData/Levels/DirectProcedural/NormalTopupCandidates/direct_normal_topup_53_direct_normal_topup_rect_dual_zone_g6_v07.asset","RhythmV5Front100_v12_final_review_only","inherited_from_original_template","s1 no real peak pressure 52->38"
"11","2","1","??1","Normal1","Ordinary","34","31","29","29","-5","V11S2Ordinary30s","284","29","Hard","29","172","143","ReviewOnlyV12FinalNoResourceReplacement","391","373","SeedV5LongChain30Front300","slot_headmix_outerclean","family_profile_chain","Assets/ArrowMagic/SOData/Levels/Campaign500NormalFullV1/fastlane1/campaign500_normal_early_plus_v1_topup_fastlane1_12_nutation_flow_rail_v1_rect_s10_o092_v02_flowrail_rail_chain.asset","Assets/ArrowMagic/SOData/Levels/Campaign500LongChainProd200PoolV1/campaign500_longchain_prod200_pool_v1_72_l092_long_normal_a_lock_s10_slot_headmix_outerclean.asset","Assets/ArrowMagic/SOData/Levels/DirectProcedural/PureTopupCandidates/Slice07/direct_pure_topup_07_22_direct_polish_hard_pure_rect_lock_buckle_g11_v03.asset","RhythmV5Front100_v12_final_review_only","inherited_from_original_template","s2 ordinary 34->29"
"12","2","1","??1","Normal1","Ordinary","48","50","34","34","-14","V11S2Ordinary30s","148","15","Hard","34","111","77","ReviewOnlyV12FinalNoResourceReplacement","567","539","SeedV5LongChain30Front300","slot_headmix_outerclean","family_profile_chain","Assets/ArrowMagic/SOData/Levels/Campaign500NormalFullV1/fastlane1/campaign500_normal_early_plus_v1_topup_fastlane1_45_nutation_flow_rail_v1_rect_s33_o322_v02_flowrail_patch_chain.asset","Assets/ArrowMagic/SOData/Levels/Campaign500LongChainProd200PoolV1/campaign500_longchain_prod200_pool_v1_50_l064_long_normal_b_maze_s07_slot_headmix_outerclean.asset","Assets/ArrowMagic/SOData/Levels/Campaign500Optimization/ShapeRefreshV4/shape_refresh_v4_L148_sgp_merged_final_outer_repair_quality_filtered26_harde_02_sgp_linework.asset","RhythmV5Front100_v12_final_review_only","inherited_from_original_template","s2 ordinary 48->34"
"14","2","1","??1","Normal1","Ordinary","54","42","36","36","-18","V11S2Ordinary30s","104","11","Hard","36","102","66","ReviewOnlyV12FinalNoResourceReplacement","513","486","SeedV5LongChain30Front300","slot_seedmaze_section_weave","family_profile_chain","Assets/ArrowMagic/SOData/Levels/Campaign500NormalFullV1/s01_s13/campaign500_normal_full_v1_s01_s13_101_nutation_mixed_neutral_v1_rect_s09_o086_v01_neutralmixed_mixed_chain.asset","Assets/ArrowMagic/SOData/Levels/Campaign500LongChainProd200PoolV1/campaign500_longchain_prod200_pool_v1_129_l161_long_normal_a_sweep_s17_slot_seedmaze_section_weave.asset","Assets/ArrowMagic/SOData/Levels/DirectProcedural/NormalTopupCandidates/direct_normal_topup_20_direct_normal_topup_rect_core_burst_g8_v03.asset","RhythmV5Front100_v12_final_review_only","inherited_from_original_template","s2 ordinary 54->36"
"15","2","1","??1","Normal1","Ordinary","55","53","38","38","-17","V11S2Ordinary30s","297","30","Ordinary","38","114","76","ReviewOnlyV12FinalNoResourceReplacement","432","430","Campaign500_HardGateUntil0910","FlowPatch","patch_chain","Assets/ArrowMagic/SOData/Levels/Campaign500NormalFullV1/s01_s13/campaign500_normal_full_v1_s01_s13_77_nutation_mixed_neutral_v1_rect_s07_o062_v01_neutralmixed_mixed_chain.asset","Assets/ArrowMagic/SOData/Levels/Campaign500NormalFullV1/fastlane1/campaign500_normal_early_plus_v1_topup_fastlane1_03_nutation_flow_rail_v1_rect_s06_o060_v02_flowrail_patch_chain.asset","Assets/ArrowMagic/SOData/Levels/DirectProcedural/NormalCandidates/direct_normal_128_direct_normal_rect_stair_push_g0_v13.asset","RhythmV5Front100_v12_final_review_only","inherited_from_original_template","s2 ordinary 55->38"
"16","2","1","??1","Normal1","Hard","56","54","50","50","-6","V11S2Hard50","134","14","Ordinary","50","56","6","ReviewOnlyV12FinalNoResourceReplacement","540","535","Campaign500NormalFullV1UnusedStrict","FlowRail","rail_chain","Assets/ArrowMagic/SOData/Levels/Campaign500NormalFullV1/s01_s13/campaign500_normal_full_v1_s01_s13_41_nutation_mixed_neutral_v1_rect_s04_o035_v01_neutralmixed_mixed_chain.asset","Assets/ArrowMagic/SOData/Levels/Campaign500NormalFullV1/w2fr/c5nep_w2fr_10_nutation_flow_rail_v1_rect_s26_o254_v00_flowrail_rail_chain.asset","Assets/ArrowMagic/SOData/Levels/DirectProcedural/PureTopupCandidates/Slice01/direct_pure_topup_01_24_direct_refresh_topup_rect_maze_long_chain_g2_v03.asset","RhythmV5Front100_v12_final_review_only","inherited_from_original_template","s2 hard 56->50"
"18","2","1","??1","Normal1","Ordinary","47","53","39","39","-8","V11S2Ordinary30s","289","29","Hard","39","115","76","ReviewOnlyV12FinalNoResourceReplacement","432","427","Campaign500_HardGateUntil0910","FlowRail","rail_chain","Assets/ArrowMagic/SOData/Levels/Campaign500NormalFullV1/w2fr/c5nep_w2fr_03_nutation_flow_rail_v1_rect_s12_o115_v02_flowrail_patch_chain.asset","Assets/ArrowMagic/SOData/Levels/Campaign500NormalFullV1/s14_s26/campaign500_normal_full_v1_s14_s26_02_nutation_flow_rail_v1_rect_s14_o134_v01_flowrail_rail_chain.asset","Assets/ArrowMagic/SOData/Levels/DirectProcedural/NormalCandidates/direct_normal_38_direct_normal_rect_stair_push_g3_v04.asset","RhythmV5Front100_v12_final_review_only","inherited_from_original_template","s2 ordinary 47->39"
"19","2","3","????3","SpecialHard3","Peak","79","94","60","60","-19","V11S2Benchmark60","227","23","Peak","60","163","103","ReviewOnlyV12FinalNoResourceReplacement","816","772","NutationLongChainStrict60Front300","maze_long_chain","spine_chain","Assets/ArrowMagic/SOData/Levels/Campaign500NormalFullV1/h03r/c5hole_lowchoice_v1_h03r_31_nutation_strict_mixed_peak_v1_rect_s14_o136_v00_strictmixedpeak_strict_peak_chain_hf1.asset","Assets/ArrowMagic/SOData/Levels/DirectProcedural/NutationLongChainCandidate80HolefixV1/nutation_longchain_candidate80_holefix_v1_16_nutation_longchain_spine_v1_rect_c80hf_04_d1_core_spine.asset","Assets/ArrowMagic/SOData/Levels/DirectProcedural/PolishHardCandidates/direct_polish_hard_02_direct_polish_hard_rect_lock_buckle_g4_v01.asset","RhythmV5Front100_v12_final_review_only","inherited_from_original_template","s2 order19 benchmark 79->60"
"20","2","1","??1","Normal1","Ordinary","38","41","40","40","2","V11S2Ordinary40","291","30","Ordinary","40","106","66","ReviewOnlyV12FinalNoResourceReplacement","432","427","Campaign500_HardGateUntil0910","FlowCurve","rail_chain","Assets/ArrowMagic/SOData/Levels/Campaign500NormalFullV1/s14_s26/campaign500_normal_full_v1_s14_s26_38_nutation_flow_rail_v1_rect_s17_o161_v01_flowrail_rail_chain.asset","Assets/ArrowMagic/SOData/Levels/Campaign500NormalFullV1/s01_s13/campaign500_normal_full_v1_s01_s13_13_nutation_flow_rail_v1_rect_s02_o011_v00_flowrail_rail_chain.asset","Assets/ArrowMagic/SOData/Levels/DirectProcedural/NormalTopupCandidates/direct_normal_topup_43_direct_normal_topup_rect_dense_weave_g11_v06.asset","RhythmV5Front100_v12_final_review_only","inherited_from_original_template","s2 ordinary 38->40"
"21","3","1","??1","Normal1","Ordinary","60","59","42","42","-18","V11S3Ordinary40s","129","13","Peak","42","102","60","ReviewOnlyV12FinalNoResourceReplacement","667","631","SeedV5LongChain30Front300","slot_seedmaze_chamber_corridor","family_profile_chain","Assets/ArrowMagic/SOData/Levels/Campaign500NormalFullV1/s01_s13/campaign500_normal_full_v1_s01_s13_78_nutation_mixed_neutral_v1_rect_s07_o062_v02_neutralmixed_mixed_chain.asset","Assets/ArrowMagic/SOData/Levels/Campaign500LongChainProd200PoolV1/campaign500_longchain_prod200_pool_v1_164_l212_long_normal_b_maze_s22_slot_seedmaze_chamber_corridor.asset","Assets/ArrowMagic/SOData/Levels/DirectProcedural/NormalTopupCandidates/direct_normal_topup_30_direct_normal_topup_rect_stair_push_g9_v04.asset","RhythmV5Front100_v12_final_review_only","inherited_from_original_template","s3 ordinary 60->42"
"22","3","1","??1","Normal1","Ordinary","58","55","43","43","-15","V11S3Ordinary40s","281","29","Ordinary","43","107","64","ReviewOnlyV12FinalNoResourceReplacement","713","659","NutationLongChainStrict60Front300","maze_long_chain","spine_chain","Assets/ArrowMagic/SOData/Levels/Campaign500NormalFullV1/s01_s13/campaign500_normal_full_v1_s01_s13_28_nutation_mixed_neutral_v1_rect_s03_o021_v00_neutralmixed_mixed_chain.asset","Assets/ArrowMagic/SOData/Levels/DirectProcedural/NutationLongChainCandidate80V1/nutation_longchain_candidate80_v1_08_nutation_longchain_spine_v1_rect_c80_02_d1_maze_spine.asset","Assets/ArrowMagic/SOData/Levels/DirectProcedural/NormalCandidates/direct_normal_95_direct_normal_rect_sweep_g3_v10.asset","RhythmV5Front100_v12_final_review_only","inherited_from_original_template","s3 ordinary 58->43"
"24","3","1","??1","Normal1","Ordinary","79","82","45","45","-34","V11S3Ordinary40s","121","13","Ordinary","45","51","6","ReviewOnlyV12FinalNoResourceReplacement","540","538","Campaign500_HardGateUntil0910","FlowRail","rail_chain","Assets/ArrowMagic/SOData/Levels/Campaign500NormalFullV1/s39_s50_tail/campaign500_normal_full_v1_s39_s50_tail_36_nutation_peel_rail_v1_rect_s44_o432_v02_peelmid_rail_chain.asset","Assets/ArrowMagic/SOData/Levels/Campaign500NormalFullV1/fastlane1/campaign500_normal_early_plus_v1_topup_fastlane1_33_nutation_flow_rail_v1_rect_s23_o230_v02_flowrail_rail_chain.asset","Assets/ArrowMagic/SOData/Levels/NoMaskProcedural/TypePreview/nomask_04_maze_long_chain.asset","RhythmV5Front100_v12_final_review_only","inherited_from_original_template","s3 ordinary 79->45"
"25","3","2","??2","Hard2","Hard","89","98","64","64","-25","V11S3Hard60s","232","24","Hard","64","143","79","ReviewOnlyV12FinalNoResourceReplacement","660","626","NutationLongChainStrict60Front300","maze_long_chain","patch_chain","Assets/ArrowMagic/SOData/Levels/Campaign500NormalFullV1/s27_s38/campaign500_normal_full_v1_s27_s38_142_nutation_pressure_peak_v1_rect_s38_o376_v00_pressurepeak_mixed_chain.asset","Assets/ArrowMagic/SOData/Levels/DirectProcedural/NutationLongChainCandidate80HolefixV1/nutation_longchain_candidate80_holefix_v1_03_nutation_longchain_patch_v1_rect_c80hf_01_d1_lock_patch.asset","Assets/ArrowMagic/SOData/Levels/DirectProcedural/PolishCleanCandidates/direct_polish_clean_04_direct_polish_normal_rect_core_burst_g0_v01.asset","RhythmV5Front100_v12_final_review_only","inherited_from_original_template","s3 hard 89->64"
"28","3","1","??1","Normal1","Ordinary","59","63","46","46","-13","V11S3Ordinary40s","471","48","Ordinary","46","106","60","ReviewOnlyV12FinalNoResourceReplacement","540","536","Campaign500HardGateUntil0910After300Reclaimed","FlowCurve","curve_chain","Assets/ArrowMagic/SOData/Levels/Campaign500NormalFullV1/s27_s38/campaign500_normal_full_v1_s27_s38_99_nutation_flow_rail_v1_rect_s35_o346_v02_flowrail_rail_chain.asset","Assets/ArrowMagic/SOData/Levels/Campaign500NormalFullV1/fastlane1/campaign500_normal_early_plus_v1_topup_fastlane1_52_nutation_flow_rail_v1_rect_s48_o471_v00_flowrail_curve_chain.asset","Assets/ArrowMagic/SOData/Levels/DirectProcedural/NormalTopupCandidates/direct_normal_topup_16_direct_normal_topup_rect_sweep_g7_v02.asset","RhythmV5Front100_v12_final_review_only","inherited_from_original_template","s3 ordinary 59->46"
"29","3","4","??4","Extreme4","Peak","90","98","75","75","-15","V11S3Peak75","389","39","Peak","75","181","106","ReviewOnlyV12FinalNoResourceReplacement","816","772","NutationLongChainStrict60","PressurePeak","mixed_chain","Assets/ArrowMagic/SOData/Levels/Campaign500NormalFullV1/s27_s38/campaign500_normal_full_v1_s27_s38_108_nutation_pressure_peak_v1_rect_s35_o347_v02_pressurepeak_mixed_chain.asset","Assets/ArrowMagic/SOData/Levels/DirectProcedural/NutationLongChainCandidate80HolefixV1/nutation_longchain_candidate80_holefix_v1_15_nutation_longchain_patch_v1_rect_c80hf_04_d1_core_patch.asset","Assets/ArrowMagic/SOData/Levels/DirectProcedural/PureTopupCandidates/Slice07/direct_pure_topup_07_12_direct_polish_hard_pure_rect_lock_buckle_g10_v02.asset","RhythmV5Front100_v12_final_review_only","inherited_from_original_template","s3 peak 90->75"
"30","3","1","??1","Normal1","Ordinary","78","92","47","47","-31","V11S3Ordinary40s","161","17","Ordinary","47","53","6","ReviewOnlyV12FinalNoResourceReplacement","540","538","Campaign500_HardGateUntil0910","FlowRail","rail_chain","Assets/ArrowMagic/SOData/Levels/Campaign500NormalFullV1/s27_s38/campaign500_normal_full_v1_s27_s38_126_nutation_mixed_neutral_v1_rect_s37_o366_v02_neutralmixed_mixed_chain.asset","Assets/ArrowMagic/SOData/Levels/Campaign500NormalFullV1/fastlane1/campaign500_normal_early_plus_v1_topup_fastlane1_40_nutation_flow_rail_v1_rect_s32_o311_v00_flowrail_rail_chain.asset","Assets/ArrowMagic/SOData/Levels/NoMaskProcedural/StyleExpansionPreview/nomask_style_expansion_36_snake_spine_tall.asset","RhythmV5Front100_v12_final_review_only","inherited_from_original_template","s3 ordinary 78->47"
"33","4","1","??1","Normal1","Ordinary","75","78","50","50","-25","V11S4Ordinary50s","249","25","Hard","50","137","87","ReviewOnlyV12FinalNoResourceReplacement","660","627","NutationLongChainStrict60Front300","maze_long_chain","spine_chain","Assets/ArrowMagic/SOData/Levels/Campaign500NormalFullV1/w11b/c5nep_w11b_26_nutation_strict_mixed_hard_v1_rect_s34_o339_v00_strictmixedhard_mixed_chain.asset","Assets/ArrowMagic/SOData/Levels/DirectProcedural/NutationLongChainCandidate80HolefixV1/nutation_longchain_candidate80_holefix_v1_04_nutation_longchain_spine_v1_rect_c80hf_01_d1_lock_spine.asset","Assets/ArrowMagic/SOData/Levels/DirectProcedural/PolishCleanCandidates/direct_polish_clean_20_direct_polish_normal_rect_lock_buckle_g2_v03.asset","RhythmV5Front100_v12_final_review_only","inherited_from_original_template","s4 ordinary 75->50"
"34","4","2","??2","Hard2","Ordinary","79","93","54","54","-25","V11S4Ordinary50s","279","28","Ordinary","54","107","53","ReviewOnlyV12FinalNoResourceReplacement","540","534","Campaign500_HardGateUntil0910","NeutralMixed","mixed_chain","Assets/ArrowMagic/SOData/Levels/Campaign500NormalFullV1/w13b/c5nep_w13b_21_nutation_strict_mixed_localbreak_v1_rect_s44_o439_v08_strictmixedlocalbreak_local_break_chain.asset","Assets/ArrowMagic/SOData/Levels/Campaign500NormalFullV1/s01_s13/campaign500_normal_full_v1_s01_s13_90_nutation_mixed_neutral_v1_rect_s08_o079_v02_neutralmixed_mixed_chain.asset","Assets/ArrowMagic/SOData/Levels/DirectProcedural/NormalTopupCandidates/direct_normal_topup_14_direct_normal_topup_rect_stair_push_g7_v02.asset","RhythmV5Front100_v12_final_review_only","inherited_from_original_template","s4 ordinary 79->54"
"35","4","1","??1","Normal1","Ordinary","65","65","54","54","-11","V11S4Ordinary50s","280","28","Ordinary","54","107","53","ReviewOnlyV12FinalNoResourceReplacement","540","535","Campaign500NormalFullV1UnusedStrict","FlowPatch","patch_chain","Assets/ArrowMagic/SOData/Levels/Campaign500NormalFullV1/s01_s13/campaign500_normal_full_v1_s01_s13_66_nutation_mixed_neutral_v1_rect_s06_o057_v02_neutralmixed_mixed_chain.asset","Assets/ArrowMagic/SOData/Levels/Campaign500NormalFullV1/fastlane1/campaign500_normal_early_plus_v1_topup_fastlane1_25_nutation_flow_rail_v1_rect_s21_o202_v00_flowrail_patch_chain.asset","Assets/ArrowMagic/SOData/Levels/DirectProcedural/NormalCandidates/direct_normal_113_direct_normal_rect_lock_buckle_g5_v12.asset","RhythmV5Front100_v12_final_review_only","inherited_from_original_template","s4 ordinary 65->54"
"36","4","1","??1","Normal1","Ordinary","77","83","56","56","-21","V11S4Ordinary50s","102","11","Ordinary","56","57","1","ReviewOnlyV12FinalNoResourceReplacement","540","529","Campaign500_HardGateUntil0910","Campaign500_HardGateUntil0910","unknown_chain","Assets/ArrowMagic/SOData/Levels/Campaign500NormalFullV1/w11b/c5nep_w11b_51_nutation_strict_mixed_hard_v1_rect_s48_o476_v00_strictmixedhard_mixed_chain.asset","Assets/ArrowMagic/SOData/Levels/Campaign500NormalFullV1/h04r/c5hole_lowchoice_v1_h04r_43_nutation_strict_mixed_localbreak_v1_rect_s19_o182_v00_strictmixedlocalbreak_local_break_chain_hf1.asset","Assets/ArrowMagic/SOData/Levels/DirectProcedural/PureTopupCandidates/Slice01/direct_pure_topup_01_09_direct_refresh_topup_rect_outer_shell_g1_v02.asset","RhythmV5Front100_v12_final_review_only","inherited_from_original_template","s4 ordinary 77->56"
"40","4","2","??2","Hard2","Hard","72","103","70","70","-2","V11S4Hard70","172","18","Hard","70","106","36","ReviewOnlyV12FinalNoResourceReplacement","713","675","NutationLongChainStrict60Front300","maze_long_chain","patch_chain","Assets/ArrowMagic/SOData/Levels/DirectProcedural/NutationLongChainCandidate80HolefixV1/nutation_longchain_candidate80_holefix_v1_36_nutation_longchain_spine_v1_rect_c80hf_09_d2_core_spine.asset","Assets/ArrowMagic/SOData/Levels/DirectProcedural/NutationLongChainCandidate80HolefixS2V1/nutation_longchain_candidate80_holefix_s2_v1_07_nutation_longchain_patch_v1_rect_c80hf2_02_d1_maze_patch.asset","Assets/ArrowMagic/SOData/Levels/DirectProcedural/NormalTopupCandidates/direct_normal_topup_22_direct_normal_topup_rect_stair_push_g8_v03.asset","RhythmV5Front100_v12_final_review_only","inherited_from_original_template","s4 hard 72->70; shape carries segment peak"
"42","5","2","??2","Hard2","Ordinary","76","80","61","61","-15","V11S5Ordinary60s","209","21","Peak","61","153","92","ReviewOnlyV12FinalNoResourceReplacement","660","627","NutationLongChainStrict60Front300","maze_long_chain","patch_chain","Assets/ArrowMagic/SOData/Levels/Campaign500NormalFullV1/s39_s50_tail/campaign500_normal_full_v1_s39_s50_tail_31_nutation_mixed_neutral_v1_rect_s44_o431_v00_neutralmixed_mixed_chain.asset","Assets/ArrowMagic/SOData/Levels/DirectProcedural/NutationLongChainCandidate80HolefixS3V1/nutation_longchain_candidate80_holefix_s3_v1_03_nutation_longchain_patch_v1_rect_c80hf3_01_d1_lock_patch.asset","Assets/ArrowMagic/SOData/Levels/DirectProcedural/Differentiation120Candidates/direct_diff120_144_direct_diff_veryhard_dag_unlock_zig_river_g0_v06.asset","RhythmV5Front100_v12_final_review_only","inherited_from_original_template","s5 ordinary 76->61"
"45","5","1","??1","Normal1","Ordinary","72","74","63","63","-9","V11S5Ordinary60s","128","13","Ordinary","63","80","17","ReviewOnlyV12FinalNoResourceReplacement","540","536","Campaign500_HardGateUntil0910","NeutralMixed","mixed_chain","Assets/ArrowMagic/SOData/Levels/Campaign500NormalFullV1/s27_s38/campaign500_normal_full_v1_s27_s38_121_nutation_mixed_neutral_v1_rect_s37_o362_v00_neutralmixed_mixed_chain.asset","Assets/ArrowMagic/SOData/Levels/Campaign500NormalFullV1/s01_s13/campaign500_normal_full_v1_s01_s13_114_nutation_mixed_neutral_v1_rect_s10_o100_v02_neutralmixed_mixed_chain.asset","Assets/ArrowMagic/SOData/Levels/DirectProcedural/PureTopupCandidates/NormalExtraSlice01/direct_pure_normal_extra_01_02_direct_normal_pure_extra_rect_lock_buckle_g15_v01.asset","RhythmV5Front100_v12_final_review_only","inherited_from_original_template","s5 ordinary 72->63"
"47","5","4","??4","Extreme4","Peak","84","117","94","94","10","V11S5Peak90s","107","11","Peak","94","105","11","ReviewOnlyV12FinalNoResourceReplacement","713","667","ExternalHardGateDedupFront300","HubMixed","unknown_chain","Assets/ArrowMagic/SOData/Levels/Campaign500NormalFullV1/w12d/c5nep_w12d_12_nutation_strict_mixed_hard_v1_rect_s30_o296_v03_strictmixedhard_mixed_chain.asset","Assets/ArrowMagic/SOData/Levels/DirectProcedural/NutationHubMixedV1Strict30TransformWidePool/nutation_hub_mixed_v1_strict30_transform_wide_08_s02_rot180.asset","Assets/ArrowMagic/SOData/Levels/DirectProcedural/NormalCandidates/direct_normal_53_direct_normal_rect_lock_buckle_g5_v06.asset","RhythmV5Front100_v12_final_review_only","inherited_from_original_template","s5 peak 84->94"
"51","6","1","??1","Normal1","Ordinary","74","85","70","70","-4","V11S6Ordinary70s","115","12","Ordinary","70","74","4","ReviewOnlyV12FinalNoResourceReplacement","660","651","Campaign500_HardGateUntil0910","NeutralMixed","mixed_chain","Assets/ArrowMagic/SOData/Levels/Campaign500NormalFullV1/w11a/c5nep_w11a_43_nutation_strict_mixed_hard_v1_rect_s43_o424_v02_strictmixedhard_mixed_chain.asset","Assets/ArrowMagic/SOData/Levels/Campaign500NormalFullV1/s14_s26/campaign500_normal_full_v1_s14_s26_101_nutation_mixed_neutral_v1_rect_s22_o212_v01_neutralmixed_mixed_chain.asset","Assets/ArrowMagic/SOData/Levels/DirectProcedural/PureTopupCandidates/NormalExtraSlice01/direct_pure_normal_extra_01_15_direct_normal_pure_extra_rect_quasi_symmetry_g16_v02.asset","RhythmV5Front100_v12_final_review_only","inherited_from_original_template","s6 ordinary 74->70"
"52","6","2","??2","Hard2","Hard","75","87","82","82","7","V11S6Hard80s","116","12","Hard","82","89","7","ReviewOnlyV12FinalNoResourceReplacement","768","754","Campaign500_HardGateUntil0910","PeelHard","rail_chain","Assets/ArrowMagic/SOData/Levels/Campaign500NormalFullV1/w9smp/c5nep_w9smp_02_nutation_strict_mixed_peak_v1_rect_s03_o029_v01_strictmixedpeak_mixed_chain.asset","Assets/ArrowMagic/SOData/Levels/Campaign500NormalFullV1/w11b/c5nep_w11b_09_nutation_strict_mixed_hard_v1_rect_s17_o169_v03_strictmixedhard_mixed_chain.asset","Assets/ArrowMagic/SOData/Levels/DirectProcedural/PureTopupCandidates/Slice05/direct_pure_topup_05_19_direct_normal_pure_rect_lock_buckle_g11_v06.asset","RhythmV5Front100_v12_final_review_only","inherited_from_original_template","s6 hard 75->82"
"55","6","1","??1","Normal1","Ordinary","74","94","69","69","-5","V11S6OrdinaryBackstep","160","16","Ordinary","69","76","7","ReviewOnlyV12FinalNoResourceReplacement","660","655","Campaign500_HardGateUntil0910","NeutralMixed","mixed_chain","Assets/ArrowMagic/SOData/Levels/Campaign500NormalFullV1/s46_s50_tail/campaign500_normal_full_v1_s46_s50_tail_07_nutation_mixed_neutral_v1_rect_s46_o457_v00_neutralmixed_mixed_chain.asset","Assets/ArrowMagic/SOData/Levels/Campaign500NormalFullV1/s01_s13/campaign500_normal_full_v1_s01_s13_150_nutation_mixed_neutral_v1_rect_s13_o128_v02_neutralmixed_mixed_chain.asset","Assets/ArrowMagic/SOData/Levels/DirectProcedural/PureTopupCandidates/Slice04/direct_pure_topup_04_14_direct_normal_pure_rect_core_burst_g7_v02.asset","RhythmV5Front100_v12_final_review_only","inherited_from_original_template","s6 ordinary 74->69"
"56","6","3","????3","SpecialHard3","Peak","79","96","100","100","21","V11S6Peak100","316","32","Peak","100","233","133","ReviewOnlyV12FinalNoResourceReplacement","972","962","Campaign500HardGateUntil0910After300Reclaimed","PressurePeak","mixed_chain","Assets/ArrowMagic/SOData/Levels/DirectProcedural/NutationLongChainCandidate80HolefixV1/nutation_longchain_candidate80_holefix_v1_44_nutation_longchain_spine_v1_rect_c80hf_11_d2_lock_spine.asset","Assets/ArrowMagic/SOData/Levels/Campaign500NormalFullV1/w11c/c5nep_w11c_23_nutation_strict_mixed_hard_v1_rect_s32_o316_v02_strictmixedhard_mixed_chain.asset","Assets/ArrowMagic/SOData/Levels/DirectProcedural/AdvancedCandidates/direct_advanced_18_direct_advanced_veryhard_rect_dense_weave_g2_v03.asset","RhythmV5Front100_v12_final_review_only","inherited_from_original_template","s6 peak 79->100"
"57","6","1","??1","Normal1","Ordinary","82","84","74","74","-8","V11S6Ordinary70s","162","17","Ordinary","74","95","21","ReviewOnlyV12FinalNoResourceReplacement","713","701","Campaign500_HardGateUntil0910","Campaign500_HardGateUntil0910","unknown_chain","Assets/ArrowMagic/SOData/Levels/Campaign500NormalFullV1/w12d/c5nep_w12d_27_nutation_strict_mixed_hard_v1_rect_s46_o455_v02_strictmixedhard_mixed_chain.asset","Assets/ArrowMagic/SOData/Levels/Campaign500NormalFullV1/h02r/c5hole_lowchoice_v1_h02r_38_nutation_strict_mixed_axisbreak_v1_rect_s11_o105_v01_strictmixedaxisbreak_axis_break_chain_hf1.asset","Assets/ArrowMagic/SOData/Levels/DirectProcedural/PureTopupCandidates/Slice06/direct_pure_topup_06_04_direct_normal_pure_rect_dense_weave_g6_v07.asset","RhythmV5Front100_v12_final_review_only","inherited_from_original_template","s6 ordinary 82->74"
"60","6","1","??1","Normal1","Ordinary","54","59","65","65","11","V11S6OrdinaryBackstep","261","27","Ordinary","65","107","42","ReviewOnlyV12FinalNoResourceReplacement","660","651","Campaign500_HardGateUntil0910","PeelHard","rail_chain","Assets/ArrowMagic/SOData/Levels/Campaign500NormalFullV1/s27_s38/campaign500_normal_full_v1_s27_s38_97_nutation_flow_rail_v1_rect_s35_o346_v00_flowrail_rail_chain.asset","Assets/ArrowMagic/SOData/Levels/Campaign500NormalFullV1/w11a/c5nep_w11a_01_nutation_strict_mixed_hard_v1_rect_s01_o010_v00_strictmixedhard_mixed_chain.asset","Assets/ArrowMagic/SOData/Levels/Campaign500Optimization/ShapeRefreshV4/shape_refresh_v4_L261_sgp_merged_final_outer_repair_quality_filtered26_harde_09_sgp_linework.asset","RhythmV5Front100_v12_final_review_only","inherited_from_original_template","s6 ordinary 54->65"
"62","7","1","??1","Normal1","Ordinary","67","63","70","70","3","V11S7Ordinary70s","194","20","Ordinary","70","87","17","ReviewOnlyV12FinalNoResourceReplacement","660","656","Campaign500_HardGateUntil0910","NeutralMixed","mixed_chain","Assets/ArrowMagic/SOData/Levels/Campaign500NormalFullV1/s39_s50_tail/campaign500_normal_full_v1_s39_s50_tail_32_nutation_mixed_neutral_v1_rect_s44_o431_v01_neutralmixed_mixed_chain.asset","Assets/ArrowMagic/SOData/Levels/Campaign500NormalFullV1/s27_s38/campaign500_normal_full_v1_s27_s38_133_nutation_mixed_neutral_v1_rect_s38_o371_v00_neutralmixed_mixed_chain.asset","Assets/ArrowMagic/SOData/Levels/DirectProcedural/PureTopupCandidates/NormalExtraSlice01/direct_pure_normal_extra_01_11_direct_normal_pure_extra_rect_dense_weave_g16_v02.asset","RhythmV5Front100_v12_final_review_only","inherited_from_original_template","s7 ordinary 67->70"
"64","7","1","??1","Normal1","Ordinary","66","66","72","72","6","V11S7Ordinary70s","131","14","Ordinary","72","81","9","ReviewOnlyV12FinalNoResourceReplacement","768","756","Campaign500_HardGateUntil0910","NeutralMixed","mixed_chain","Assets/ArrowMagic/SOData/Levels/Campaign500NormalFullV1/s14_s26/campaign500_normal_full_v1_s14_s26_64_nutation_mixed_neutral_v1_rect_s19_o186_v00_neutralmixed_mixed_chain.asset","Assets/ArrowMagic/SOData/Levels/Campaign500NormalFullV1/s39_s50/campaign500_normal_full_v1_s39_s50_18_nutation_mixed_neutral_v1_rect_s40_o395_v02_neutralmixed_mixed_chain.asset","Assets/ArrowMagic/SOData/Levels/DirectProcedural/PureTopupCandidates/Slice04/direct_pure_topup_04_01_direct_normal_pure_rect_outer_shell_g6_v01.asset","RhythmV5Front100_v12_final_review_only","inherited_from_original_template","s7 ordinary 66->72"
"65","7","4","??4","Extreme4","Peak","82","104","100","100","18","V11S7Peak100","336","34","Peak","100","216","116","ReviewOnlyV12FinalNoResourceReplacement","972","954","Campaign500HardGateUntil0910After300Reclaimed","PressurePeak","mixed_chain","Assets/ArrowMagic/SOData/Levels/Campaign500NormalFullV1/w12b/c5nep_w12b_01_nutation_strict_mixed_hard_v1_rect_s21_o208_v00_strictmixedhard_mixed_chain.asset","Assets/ArrowMagic/SOData/Levels/Campaign500NormalFullV1/s27_s38/campaign500_normal_full_v1_s27_s38_94_nutation_pressure_peak_v1_rect_s34_o336_v00_pressurepeak_mixed_chain.asset","Assets/ArrowMagic/SOData/Levels/DirectProcedural/AdvancedCandidates/direct_advanced_28_direct_advanced_veryhard_rect_dual_zone_g3_v04.asset","RhythmV5Front100_v12_final_review_only","inherited_from_original_template","s7 peak 82->100"
"68","7","1","??1","Normal1","Ordinary","52","59","72","72","20","V11S7Ordinary70s","188","19","Ordinary","72","106","34","ReviewOnlyV12FinalNoResourceReplacement","713","706","Campaign500_HardGateUntil0910","PeelMid","rail_chain","Assets/ArrowMagic/SOData/Levels/Campaign500NormalFullV1/fastlane1/campaign500_normal_early_plus_v1_topup_fastlane1_30_nutation_flow_rail_v1_rect_s22_o220_v02_flowrail_rail_chain.asset","Assets/ArrowMagic/SOData/Levels/Campaign500NormalFullV1/w11d/c5nep_w11d_14_nutation_strict_mixed_hard_v1_rect_s25_o249_v03_strictmixedhard_mixed_chain.asset","Assets/ArrowMagic/SOData/Levels/DirectProcedural/NormalTopupCandidates/direct_normal_topup_61_direct_normal_topup_rect_dual_zone_g7_v08.asset","RhythmV5Front100_v12_final_review_only","inherited_from_original_template","s7 ordinary 52->72"
"72","8","3","????3","SpecialHard3","Peak","86","104","92","92","6","V11S8Peak90s","407","41","Peak","92","196","104","ReviewOnlyV12FinalNoResourceReplacement","884","862","Campaign500HardGateUntil0910After300Reclaimed","","","Assets/ArrowMagic/SOData/Levels/Campaign500NormalFullV1/w12b/c5nep_w12b_16_nutation_strict_mixed_hard_v1_rect_s28_o276_v07_strictmixedhard_mixed_chain.asset","Assets/ArrowMagic/SOData/Levels/Campaign500NormalFullV1/s39_s50_tail/campaign500_normal_full_v1_s39_s50_tail_06_nutation_peel_v2_rect_s41_o407_v02_peelhard_curve_chain.asset","Assets/ArrowMagic/SOData/Levels/DirectProcedural/AdvancedCandidates/direct_advanced_11_direct_advanced_veryhard_rect_core_burst_g1_v02.asset","RhythmV5Front100_v12_final_review_only","inherited_from_original_template","s8 peak 86->92"
"75","8","1","??1","Normal1","Hard","83","103","87","87","4","V11S8Hard85s","445","45","Hard","87","197","110","ReviewOnlyV12FinalNoResourceReplacement","910","893","Campaign500HardGateUntil0910After300Reclaimed","PeelMid","rail_chain","Assets/ArrowMagic/SOData/Levels/Campaign500NormalFullV1/w11c/c5nep_w11c_13_nutation_strict_mixed_hard_v1_rect_s25_o245_v02_strictmixedhard_mixed_chain.asset","Assets/ArrowMagic/SOData/Levels/Campaign500NormalFullV1/w13a/c5nep_w13a_25_nutation_strict_mixed_axisbreak_v1_rect_s45_o445_v00_strictmixedaxisbreak_axis_break_chain.asset","Assets/ArrowMagic/SOData/Levels/DirectProcedural/AdvancedCandidates/direct_advanced_31_direct_advanced_veryhard_rect_sweep_g3_v04.asset","RhythmV5Front100_v12_final_review_only","inherited_from_original_template","s8 hard 83->87"
"76","8","3","????3","SpecialHard3","Peak","72","94","108","108","36","V11S8Peak105","500","50","Peak","108","200","92","ReviewOnlyV12FinalNoResourceReplacement","1209","1155","NutationLongChainStrict60","LongChainProbe","curve_chain","Assets/ArrowMagic/SOData/Levels/DirectProcedural/NutationLongChainCandidate80HolefixV1/nutation_longchain_candidate80_holefix_v1_32_nutation_longchain_spine_v1_rect_c80hf_08_d2_weave_spine.asset","Assets/ArrowMagic/SOData/Levels/DirectProcedural/NutationLongChainCandidate80HolefixS3V1/nutation_longchain_candidate80_holefix_s3_v1_45_nutation_longchain_curve_v1_rect_c80hf3_12_d3_maze_curve.asset","Assets/ArrowMagic/SOData/Levels/DirectProcedural/AdvancedCandidates/direct_advanced_45_direct_advanced_veryhard_rect_stair_push_g1_v06.asset","RhythmV5Front100_v12_final_review_only","inherited_from_original_template","s8 peak 72->108"
"77","8","1","??1","Normal1","Ordinary","46","48","75","75","29","V11S8Ordinary75s","155","16","Ordinary","75","84","9","ReviewOnlyV12FinalNoResourceReplacement","713","703","Campaign500_HardGateUntil0910","PeelMid","rail_chain","Assets/ArrowMagic/SOData/Levels/Campaign500NormalFullV1/fastlane1/campaign500_normal_early_plus_v1_topup_fastlane1_52_nutation_flow_rail_v1_rect_s48_o471_v00_flowrail_curve_chain.asset","Assets/ArrowMagic/SOData/Levels/Campaign500NormalFullV1/w10smh/c5nep_w10smh_03_nutation_strict_mixed_hard_v1_rect_s13_o125_v02_strictmixedhard_mixed_chain.asset","Assets/ArrowMagic/SOData/Levels/DirectProcedural/PureTopupCandidates/NormalExtraSlice02/direct_pure_normal_extra_02_19_direct_normal_pure_extra_rect_dense_weave_g20_v06.asset","RhythmV5Front100_v12_final_review_only","inherited_from_original_template","s8 ordinary 46->75"
"79","8","1","??1","Normal1","Ordinary","51","58","76","76","25","V11S8Ordinary75s","170","17","Ordinary","76","104","28","ReviewOnlyV12FinalNoResourceReplacement","768","754","Campaign500_HardGateUntil0910","Campaign500_HardGateUntil0910","choice_clamp_chain","Assets/ArrowMagic/SOData/Levels/Campaign500NormalFullV1/s01_s13/campaign500_normal_full_v1_s01_s13_06_nutation_mixed_neutral_v1_rect_s01_o005_v02_neutralmixed_mixed_chain.asset","Assets/ArrowMagic/SOData/Levels/Campaign500NormalFullV1/h05r/c5hole_lowchoice_v1_h05r_05_nutation_strict_mixed_choiceclamp_v1_rect_s20_o196_v04_strictmixedchoiceclamp_choice_clamp_chain_hf1.asset","Assets/ArrowMagic/SOData/Levels/DirectProcedural/NormalTopupCandidates/direct_normal_topup_71_direct_normal_topup_rect_quasi_symmetry_g8_v09.asset","RhythmV5Front100_v12_final_review_only","inherited_from_original_template","s8 ordinary 51->76"
"81","9","1","??1","Normal1","Ordinary","43","46","80","80","37","V11S9Ordinary80s","157","16","Ordinary","80","84","4","ReviewOnlyV12FinalNoResourceReplacement","768","751","Campaign500_HardGateUntil0910","PressurePeak","mixed_chain","Assets/ArrowMagic/SOData/Levels/Campaign500NormalFullV1/s01_s13/campaign500_normal_full_v1_s01_s13_122_nutation_flow_rail_v1_rect_s11_o102_v01_flowrail_rail_chain.asset","Assets/ArrowMagic/SOData/Levels/Campaign500NormalFullV1/w12a/c5nep_w12a_14_nutation_strict_mixed_hard_v1_rect_s26_o256_v05_strictmixedhard_mixed_chain.asset","Assets/ArrowMagic/SOData/Levels/DirectProcedural/PureTopupCandidates/Slice06/direct_pure_topup_06_05_direct_normal_pure_rect_sweep_g6_v07.asset","RhythmV5Front100_v12_final_review_only","inherited_from_original_template","s9 ordinary 43->80"
"84","9","2","??2","Hard2","Hard","80","88","97","97","17","V11S9Hard95","105","11","Hard","97","117","20","ReviewOnlyV12FinalNoResourceReplacement","713","681","HubMixedRefill30Front300","hub_spoke","mixed_chain","Assets/ArrowMagic/SOData/Levels/Campaign500NormalFullV1/w11c/c5nep_w11c_37_nutation_strict_mixed_hard_v1_rect_s41_o405_v01_strictmixedhard_mixed_chain.asset","Assets/ArrowMagic/SOData/Levels/DirectProcedural/NutationHubMixedV1Strict30RefillPool/nutation_hub_mixed_v1_strict30_refill_23_s06_r03.asset","Assets/ArrowMagic/SOData/Levels/DirectProcedural/Differentiation120Candidates/direct_diff120_81_direct_diff_hard_long_spine_hui_spiral_g0_v01.asset","RhythmV5Front100_v12_final_review_only","inherited_from_original_template","s9 hard 80->97"
"86","9","1","??1","Normal1","Ordinary","51","55","80","80","29","V11S9Ordinary80s","302","31","Ordinary","80","102","22","ReviewOnlyV12FinalNoResourceReplacement","780","766","C5V4FGapfillStrictSelected","StrictMixedChoiceClamp","mixed_chain","Assets/ArrowMagic/SOData/Levels/Campaign500NormalFullV1/s27_s38/campaign500_normal_full_v1_s27_s38_27_nutation_flow_rail_v1_rect_s29_o281_v02_flowrail_rail_chain.asset","Assets/ArrowMagic/SOData/Levels/Campaign500NormalFullV1/b/c5s1_b_04_nutation_strict_mixed_choiceclamp_v1_rect_s31_o302_v03_strictmixedchoiceclamp_mixed_chain.asset","Assets/ArrowMagic/SOData/Levels/DirectProcedural/NormalTopupCandidates/direct_normal_topup_51_direct_normal_topup_rect_dense_weave_g6_v07.asset","RhythmV5Front100_v12_final_review_only","inherited_from_original_template","s9 ordinary 51->80"
"89","9","4","??4","Extreme4","Peak","73","100","101","101","28","V11S9LongPeakLater","166","17","Hard","101","119","18","ReviewOnlyV12FinalNoResourceReplacement","1428","1365","NutationLongChainStrict60Front300","maze_long_chain","spine_chain","Assets/ArrowMagic/SOData/Levels/DirectProcedural/NutationLongChainCandidate80V1/nutation_longchain_candidate80_v1_52_nutation_longchain_spine_v1_rect_c80_13_d3_weave_spine.asset","Assets/ArrowMagic/SOData/Levels/DirectProcedural/NutationLongChainCandidate80HolefixS2V1/nutation_longchain_candidate80_holefix_s2_v1_60_nutation_longchain_spine_v1_rect_c80hf2_15_d3_section_spine.asset","Assets/ArrowMagic/SOData/Levels/DirectProcedural/PolishCleanCandidates/direct_polish_clean_19_direct_polish_normal_rect_section_unlock_g2_v03.asset","RhythmV5Front100_v12_final_review_only","inherited_from_original_template","s9 peak 73->101, adjusted 121"
"92","10","1","??1","Normal1","Ordinary","42","48","81","81","39","V11S10Ordinary80s","114","12","Ordinary","81","94","13","ReviewOnlyV12FinalNoResourceReplacement","825","814","Campaign500_HardGateUntil0910","PeelMid","curve_chain","Assets/ArrowMagic/SOData/Levels/Campaign500NormalFullV1/fastlane1/campaign500_normal_early_plus_v1_topup_fastlane1_36_nutation_flow_rail_v1_rect_s24_o234_v02_flowrail_patch_chain.asset","Assets/ArrowMagic/SOData/Levels/Campaign500NormalFullV1/w13b/c5nep_w13b_37_nutation_strict_mixed_localbreak_v1_rect_s46_o459_v00_strictmixedlocalbreak_local_break_chain.asset","Assets/ArrowMagic/SOData/Levels/DirectProcedural/PureTopupCandidates/Slice04/direct_pure_topup_04_16_direct_normal_pure_rect_maze_long_chain_g7_v02.asset","RhythmV5Front100_v12_final_review_only","inherited_from_original_template","s10 ordinary 42->81"
"95","10","1","??1","Normal1","Ordinary","52","61","82","82","30","V11S10Ordinary80s","124","13","Ordinary","82","96","14","ReviewOnlyV12FinalNoResourceReplacement","825","818","Campaign500_HardGateUntil0910","PeelMid","rail_chain","Assets/ArrowMagic/SOData/Levels/Campaign500NormalFullV1/s14_s26/campaign500_normal_full_v1_s14_s26_74_nutation_flow_rail_v1_rect_s20_o197_v01_flowrail_rail_chain.asset","Assets/ArrowMagic/SOData/Levels/Campaign500NormalFullV1/w10smh/c5nep_w10smh_34_nutation_strict_mixed_hard_v1_rect_s31_o305_v01_strictmixedhard_mixed_chain.asset","Assets/ArrowMagic/SOData/Levels/DirectProcedural/Differentiation120Candidates/direct_diff120_56_direct_diff_normal_dag_unlock_center_cross_g3_v04.asset","RhythmV5Front100_v12_final_review_only","inherited_from_original_template","s10 ordinary 52->82"
"96","10","4","??4","Extreme4","Peak","100","110","121","121","21","V11S10Peak120","485","49","Peak","121","189","68","ReviewOnlyV12FinalNoResourceReplacement","1209","1155","NutationLongChainStrict60","LongChainProbe","patch_chain","Assets/ArrowMagic/SOData/Levels/Campaign500NormalFullV1/w11c/c5nep_w11c_23_nutation_strict_mixed_hard_v1_rect_s32_o316_v02_strictmixedhard_mixed_chain.asset","Assets/ArrowMagic/SOData/Levels/DirectProcedural/NutationLongChainCandidate80HolefixS2V1/nutation_longchain_candidate80_holefix_s2_v1_47_nutation_longchain_patch_v1_rect_c80hf2_12_d3_maze_patch.asset","Assets/ArrowMagic/SOData/Levels/DirectProcedural/AdvancedCandidates/direct_advanced_44_direct_advanced_veryhard_rect_dual_zone_g1_v06.asset","RhythmV5Front100_v12_final_review_only","inherited_from_original_template","s10 peak 100->121"
"97","10","2","??2","Hard2","Hard","82","102","94","94","12","V11S10Hard95","329","33","Peak","94","203","109","ReviewOnlyV12FinalNoResourceReplacement","884","869","Campaign500HardGateUntil0910After300Reclaimed","PressurePeak","mixed_chain","Assets/ArrowMagic/SOData/Levels/Campaign500NormalFullV1/w10smh/c5nep_w10smh_25_nutation_strict_mixed_hard_v1_rect_s27_o264_v00_strictmixedhard_mixed_chain.asset","Assets/ArrowMagic/SOData/Levels/Campaign500NormalFullV1/w13d/c5nep_w13d_13_nutation_strict_mixed_axisbreak_v1_rect_s33_o329_v00_strictmixedaxisbreak_axis_break_chain_b.asset","Assets/ArrowMagic/SOData/Levels/DirectProcedural/AdvancedCandidates/direct_advanced_17_direct_advanced_veryhard_rect_lock_buckle_g2_v03.asset","RhythmV5Front100_v12_final_review_only","inherited_from_original_template","s10 hard 82->94"
"100","10","1","??1","Normal1","Ordinary","43","49","83","83","40","V11S10Ordinary80s","111","12","Ordinary","83","89","6","ReviewOnlyV12FinalNoResourceReplacement","768","763","Campaign500_HardGateUntil0910","PressurePeak","mixed_chain","Assets/ArrowMagic/SOData/Levels/Campaign500NormalFullV1/s01_s13/campaign500_normal_full_v1_s01_s13_146_nutation_flow_curve_v1_rect_s13_o121_v01_flowcurve_curve_chain.asset","Assets/ArrowMagic/SOData/Levels/Campaign500NormalFullV1/w10smp/c5nep_w10smp_35_nutation_strict_mixed_peak_v1_rect_s22_o216_v02_strictmixedpeak_mixed_chain.asset","Assets/ArrowMagic/SOData/Levels/DirectProcedural/PureTopupCandidates/Slice05/direct_pure_topup_05_04_direct_normal_pure_rect_dense_weave_g9_v04.asset","RhythmV5Front100_v12_final_review_only","inherited_from_original_template","s10 ordinary 43->83"
