Index,SourceBatch,SpecId,Type,Section10,Order,VariantIndex,VariantLabel,MainMissionId,LevelName,Category,RoleInSection,ProductionLane,ProductionStyleFamily,ProductionChainLanguage,ProductionDifficultyBand,ExperienceRole,ReviewOnly,StyleHint,ProfileHint,PlannedWidth,PlannedHeight,PlannedAspect,PlannedCanvasBand,PlannedTargetChains,TargetChainsMin,TargetChainsMax,ReferenceArrowTiles,ReferenceMaxChainLength,LevelId,AssetPath,Width,Height,Chains,TargetChains,Arrows,Coverage,TargetCoverage,OuterBandCoverage,InitialMovableChains,EdgeHeadChains,ShortChains,GreedyMoves,AvgChain,MaxChain,Straightness,BlockLinks,PortableSolved,PortableOpeners,PortableScore,PortableQuality,Attempts,Status
1,Campaign500NormalFullV1:w12c,nutation_strict_mixed_hard_v1_rect_s21_o209_v00_strictmixedhard_mixed_chain,nutation_strict_mixed_hard_v1_rect_s21_o209_v00_strictmixedhard_mixed_chain,21,209,0,v00,309,Main/Level_Main_209,normal,Peak,StrictMixedHard,strict_mixed_dependency,mixed_chain,Peak,Peak,0,lock,PSG_Normal_lock_Extreme_Peak,24,32,0.750,M_Peak,153,145,153,1218,13,c5nep_w12c_01_nutation_strict_mixed_hard_v1_rect_s21_o209_v00_strictmixedhard_mixed_chain,Assets/ArrowMagic/SOData/Levels/Campaign500NormalFullV1/w12c/c5nep_w12c_01_nutation_strict_mixed_hard_v1_rect_s21_o209_v00_strictmixedhard_mixed_chain.asset,24,32,80,84,754,0.982,0.950,0.990,3,7,24,80,9.43,21,0.463,341,True,3,180.3,ok,368,Style=PressureHard | Score=24178 | TargetInitial=6 | OpeningRatio=0.038 | Straightness=0.463 | EarlyChoices=24.8/49 | LocalRun=12 | Jump=5.5 | NearRate=0.77 | Peel style=PressureHard seed=501490074 fill=754/768(0.982) chains=80 remaining=14 rejectedShort=0 failedPeels=1
2,Campaign500NormalFullV1:w12c,nutation_strict_mixed_hard_v1_rect_s21_o209_v01_strictmixedhard_mixed_chain,nutation_strict_mixed_hard_v1_rect_s21_o209_v01_strictmixedhard_mixed_chain,21,209,1,v01,309,Main/Level_Main_209,normal,Peak,StrictMixedHard,strict_mixed_dependency,mixed_chain,Peak,Peak,0,lock,PSG_Normal_lock_Extreme_Peak,24,32,0.750,M_Peak,153,145,153,1218,13,c5nep_w12c_02_nutation_strict_mixed_hard_v1_rect_s21_o209_v01_strictmixedhard_mixed_chain,Assets/ArrowMagic/SOData/Levels/Campaign500NormalFullV1/w12c/c5nep_w12c_02_nutation_strict_mixed_hard_v1_rect_s21_o209_v01_strictmixedhard_mixed_chain.asset,24,32,78,84,762,0.992,0.950,0.986,2,4,22,78,9.77,20,0.487,317,True,2,188.2,ok,121,Style=PressureHard | Score=29702 | TargetInitial=5 | OpeningRatio=0.026 | Straightness=0.487 | EarlyChoices=22.8/53 | LocalRun=6 | Jump=8.6 | NearRate=0.61 | Peel style=PressureHard seed=475631219 fill=762/768(0.992) chains=78 remaining=6 rejectedShort=0 failedPeels=1
3,Campaign500NormalFullV1:w12c,nutation_strict_mixed_hard_v1_rect_s21_o209_v02_strictmixedhard_mixed_chain,nutation_strict_mixed_hard_v1_rect_s21_o209_v02_strictmixedhard_mixed_chain,21,209,2,v02,309,Main/Level_Main_209,normal,Peak,StrictMixedHard,strict_mixed_dependency,mixed_chain,Peak,Peak,0,lock,PSG_Normal_lock_Extreme_Peak,24,32,0.750,M_Peak,153,145,153,1218,13,c5nep_w12c_03_nutation_strict_mixed_hard_v1_rect_s21_o209_v02_strictmixedhard_mixed_chain,Assets/ArrowMagic/SOData/Levels/Campaign500NormalFullV1/w12c/c5nep_w12c_03_nutation_strict_mixed_hard_v1_rect_s21_o209_v02_strictmixedhard_mixed_chain.asset,24,32,82,84,757,0.986,0.950,0.976,4,6,26,82,9.23,21,0.511,409,True,4,188.1,ok,117,Style=PressureHard | Score=26257 | TargetInitial=6 | OpeningRatio=0.061 | Straightness=0.511 | EarlyChoices=29.6/52 | LocalRun=6 | Jump=10.6 | NearRate=0.48 | Peel style=PressureHard seed=475221511 fill=757/768(0.986) chains=82 remaining=11 rejectedShort=0 failedPeels=1 | FlipGate=ops=2 initial=5->4 edgeHeads=7->6 earlyChoices=25.2/45 localRun=6 jump=8.4 near=0.48 targetInitial=3
4,Campaign500NormalFullV1:w12c,nutation_strict_mixed_hard_v1_rect_s21_o209_v03_strictmixedhard_mixed_chain,nutation_strict_mixed_hard_v1_rect_s21_o209_v03_strictmixedhard_mixed_chain,21,209,3,v03,309,Main/Level_Main_209,normal,Peak,StrictMixedHard,strict_mixed_dependency,mixed_chain,Peak,Peak,0,lock,PSG_Normal_lock_Extreme_Peak,24,32,0.750,M_Peak,153,145,153,1218,13,c5nep_w12c_04_nutation_strict_mixed_hard_v1_rect_s21_o209_v03_strictmixedhard_mixed_chain,Assets/ArrowMagic/SOData/Levels/Campaign500NormalFullV1/w12c/c5nep_w12c_04_nutation_strict_mixed_hard_v1_rect_s21_o209_v03_strictmixedhard_mixed_chain.asset,24,32,81,84,758,0.987,0.950,0.986,2,5,29,81,9.36,20,0.527,335,True,2,187.7,ok,377,Style=PressureHard | Score=27273 | TargetInitial=6 | OpeningRatio=0.025 | Straightness=0.527 | EarlyChoices=23.5/55 | LocalRun=7 | Jump=7.5 | NearRate=0.58 | Peel style=PressureHard seed=502460259 fill=758/768(0.987) chains=81 remaining=10 rejectedShort=0 failedPeels=1
5,Campaign500NormalFullV1:w12c,nutation_strict_mixed_hard_v1_rect_s21_o209_v04_strictmixedhard_mixed_chain,nutation_strict_mixed_hard_v1_rect_s21_o209_v04_strictmixedhard_mixed_chain,21,209,4,v04,309,Main/Level_Main_209,normal,Peak,StrictMixedHard,strict_mixed_dependency,mixed_chain,Peak,Peak,0,lock,PSG_Normal_lock_Extreme_Peak,24,32,0.750,M_Peak,153,145,153,1218,13,c5nep_w12c_05_nutation_strict_mixed_hard_v1_rect_s21_o209_v04_strictmixedhard_mixed_chain,Assets/ArrowMagic/SOData/Levels/Campaign500NormalFullV1/w12c/c5nep_w12c_05_nutation_strict_mixed_hard_v1_rect_s21_o209_v04_strictmixedhard_mixed_chain.asset,24,32,78,84,755,0.983,0.950,0.966,1,4,22,78,9.68,21,0.508,416,True,1,183.0,ok,82,Style=PressureHard | Score=28807 | TargetInitial=5 | OpeningRatio=0.013 | Straightness=0.508 | EarlyChoices=27.0/48 | LocalRun=7 | Jump=7.1 | NearRate=0.65 | Peel style=PressureHard seed=471574412 fill=755/768(0.983) chains=78 remaining=13 rejectedShort=0 failedPeels=1
6,Campaign500NormalFullV1:w12c,nutation_strict_mixed_hard_v1_rect_s21_o209_v05_strictmixedhard_mixed_chain,nutation_strict_mixed_hard_v1_rect_s21_o209_v05_strictmixedhard_mixed_chain,21,209,5,v05,309,Main/Level_Main_209,normal,Peak,StrictMixedHard,strict_mixed_dependency,mixed_chain,Peak,Peak,0,lock,PSG_Normal_lock_Extreme_Peak,24,32,0.750,M_Peak,153,145,153,1218,13,c5nep_w12c_06_nutation_strict_mixed_hard_v1_rect_s21_o209_v05_strictmixedhard_mixed_chain,Assets/ArrowMagic/SOData/Levels/Campaign500NormalFullV1/w12c/c5nep_w12c_06_nutation_strict_mixed_hard_v1_rect_s21_o209_v05_strictmixedhard_mixed_chain.asset,24,32,84,84,761,0.991,0.950,0.990,3,6,24,84,9.06,20,0.459,403,True,3,189.3,ok,338,Style=PressureHard | Score=36940 | TargetInitial=6 | OpeningRatio=0.036 | Straightness=0.459 | EarlyChoices=25.7/38 | LocalRun=7 | Jump=8.0 | NearRate=0.65 | Peel style=PressureHard seed=498394244 fill=761/768(0.991) chains=84 remaining=7 rejectedShort=0 failedPeels=1
7,Campaign500NormalFullV1:w12c,nutation_strict_mixed_hard_v1_rect_s21_o209_v06_strictmixedhard_mixed_chain,nutation_strict_mixed_hard_v1_rect_s21_o209_v06_strictmixedhard_mixed_chain,21,209,6,v06,309,Main/Level_Main_209,normal,Peak,StrictMixedHard,strict_mixed_dependency,mixed_chain,Peak,Peak,0,lock,PSG_Normal_lock_Extreme_Peak,24,32,0.750,M_Peak,153,145,153,1218,13,c5nep_w12c_07_nutation_strict_mixed_hard_v1_rect_s21_o209_v06_strictmixedhard_mixed_chain,Assets/ArrowMagic/SOData/Levels/Campaign500NormalFullV1/w12c/c5nep_w12c_07_nutation_strict_mixed_hard_v1_rect_s21_o209_v06_strictmixedhard_mixed_chain.asset,24,32,82,84,759,0.988,0.950,1.000,3,8,24,82,9.26,21,0.526,355,True,3,188.8,long-straight-run,84,Style=PressureHard | Score=18498 | TargetInitial=6 | OpeningRatio=0.049 | Straightness=0.526 | EarlyChoices=30.6/55 | LocalRun=9 | Jump=8.1 | NearRate=0.58 | Peel style=PressureHard seed=471802286 fill=759/768(0.988) chains=82 remaining=9 rejectedShort=0 failedPeels=1 | FlipGate=ops=1 initial=4->3 edgeHeads=9->8 earlyChoices=31.3/55 localRun=9 jump=8.2 near=0.58 targetInitial=3
8,Campaign500NormalFullV1:w12c,nutation_strict_mixed_hard_v1_rect_s21_o209_v07_strictmixedhard_mixed_chain,nutation_strict_mixed_hard_v1_rect_s21_o209_v07_strictmixedhard_mixed_chain,21,209,7,v07,309,Main/Level_Main_209,normal,Peak,StrictMixedHard,strict_mixed_dependency,mixed_chain,Peak,Peak,0,lock,PSG_Normal_lock_Extreme_Peak,24,32,0.750,M_Peak,153,145,153,1218,13,c5nep_w12c_08_nutation_strict_mixed_hard_v1_rect_s21_o209_v07_strictmixedhard_mixed_chain,Assets/ArrowMagic/SOData/Levels/Campaign500NormalFullV1/w12c/c5nep_w12c_08_nutation_strict_mixed_hard_v1_rect_s21_o209_v07_strictmixedhard_mixed_chain.asset,24,32,82,84,756,0.984,0.950,0.986,4,8,31,82,9.22,21,0.456,344,True,4,187.6,ok,236,Style=PressureHard | Score=22889 | TargetInitial=6 | OpeningRatio=0.049 | Straightness=0.456 | EarlyChoices=25.6/46 | LocalRun=11 | Jump=6.1 | NearRate=0.71 | Peel style=PressureHard seed=487730302 fill=756/768(0.984) chains=82 remaining=12 rejectedShort=0 failedPeels=1 | FlipGate=ops=2 initial=4->4 edgeHeads=8->8 earlyChoices=22.8/41 localRun=9 jump=6.6 near=0.74 targetInitial=3
9,Campaign500NormalFullV1:w12c,nutation_strict_mixed_hard_v1_rect_s29_o287_v00_strictmixedhard_mixed_chain,nutation_strict_mixed_hard_v1_rect_s29_o287_v00_strictmixedhard_mixed_chain,29,287,0,v00,387,Main/Level_Main_287,normal,Peak,StrictMixedHard,strict_mixed_dependency,mixed_chain,Peak,Peak,0,lock,PSG_Normal_lock_Extreme_Peak,27,36,0.750,XL_Peak,214,206,214,1313,10,c5nep_w12c_09_nutation_strict_mixed_hard_v1_rect_s29_o287_v00_strictmixedhard_mixed_chain,Assets/ArrowMagic/SOData/Levels/Campaign500NormalFullV1/w12c/c5nep_w12c_09_nutation_strict_mixed_hard_v1_rect_s29_o287_v00_strictmixedhard_mixed_chain.asset,27,36,95,84,954,0.981,0.950,0.983,4,7,29,95,10.04,21,0.487,471,True,4,189.0,ok,324,Style=PressureHard | Score=31298 | TargetInitial=7 | OpeningRatio=0.042 | Straightness=0.487 | EarlyChoices=28.6/69 | LocalRun=10 | Jump=6.8 | NearRate=0.68 | Peel style=PressureHard seed=1240124040 fill=954/972(0.981) chains=95 remaining=18 rejectedShort=0 failedPeels=1
10,Campaign500NormalFullV1:w12c,nutation_strict_mixed_hard_v1_rect_s29_o287_v01_strictmixedhard_mixed_chain,nutation_strict_mixed_hard_v1_rect_s29_o287_v01_strictmixedhard_mixed_chain,29,287,1,v01,387,Main/Level_Main_287,normal,Peak,StrictMixedHard,strict_mixed_dependency,mixed_chain,Peak,Peak,0,lock,PSG_Normal_lock_Extreme_Peak,27,36,0.750,XL_Peak,214,206,214,1313,10,c5nep_w12c_10_nutation_strict_mixed_hard_v1_rect_s29_o287_v01_strictmixedhard_mixed_chain,Assets/ArrowMagic/SOData/Levels/Campaign500NormalFullV1/w12c/c5nep_w12c_10_nutation_strict_mixed_hard_v1_rect_s29_o287_v01_strictmixedhard_mixed_chain.asset,27,36,92,84,962,0.990,0.950,0.992,4,9,17,92,10.46,21,0.479,495,True,4,187.8,ok,371,Style=PressureHard | Score=36775 | TargetInitial=6 | OpeningRatio=0.043 | Straightness=0.479 | EarlyChoices=33.9/69 | LocalRun=4 | Jump=9.6 | NearRate=0.55 | Peel style=PressureHard seed=1245055511 fill=962/972(0.990) chains=92 remaining=10 rejectedShort=0 failedPeels=1
11,Campaign500NormalFullV1:w12c,nutation_strict_mixed_hard_v1_rect_s29_o287_v02_strictmixedhard_mixed_chain,nutation_strict_mixed_hard_v1_rect_s29_o287_v02_strictmixedhard_mixed_chain,29,287,2,v02,387,Main/Level_Main_287,normal,Peak,StrictMixedHard,strict_mixed_dependency,mixed_chain,Peak,Peak,0,lock,PSG_Normal_lock_Extreme_Peak,27,36,0.750,XL_Peak,214,206,214,1313,10,c5nep_w12c_11_nutation_strict_mixed_hard_v1_rect_s29_o287_v02_strictmixedhard_mixed_chain,Assets/ArrowMagic/SOData/Levels/Campaign500NormalFullV1/w12c/c5nep_w12c_11_nutation_strict_mixed_hard_v1_rect_s29_o287_v02_strictmixedhard_mixed_chain.asset,27,36,90,84,960,0.988,0.950,0.992,4,10,17,90,10.67,21,0.535,496,True,4,189.5,ok,211,Style=PressureHard | Score=43288 | TargetInitial=6 | OpeningRatio=0.044 | Straightness=0.535 | EarlyChoices=29.0/56 | LocalRun=7 | Jump=9.5 | NearRate=0.61 | Peel style=PressureHard seed=1228308079 fill=960/972(0.988) chains=90 remaining=12 rejectedShort=0 failedPeels=1
12,Campaign500NormalFullV1:w12c,nutation_strict_mixed_hard_v1_rect_s29_o287_v03_strictmixedhard_mixed_chain,nutation_strict_mixed_hard_v1_rect_s29_o287_v03_strictmixedhard_mixed_chain,29,287,3,v03,387,Main/Level_Main_287,normal,Peak,StrictMixedHard,strict_mixed_dependency,mixed_chain,Peak,Peak,0,lock,PSG_Normal_lock_Extreme_Peak,27,36,0.750,XL_Peak,214,206,214,1313,10,c5nep_w12c_12_nutation_strict_mixed_hard_v1_rect_s29_o287_v03_strictmixedhard_mixed_chain,Assets/ArrowMagic/SOData/Levels/Campaign500NormalFullV1/w12c/c5nep_w12c_12_nutation_strict_mixed_hard_v1_rect_s29_o287_v03_strictmixedhard_mixed_chain.asset,27,36,101,84,956,0.984,0.950,0.983,1,13,28,101,9.47,21,0.488,517,True,1,189.9,ok,99,Style=PressureHard | Score=31563 | TargetInitial=7 | OpeningRatio=0.010 | Straightness=0.488 | EarlyChoices=23.7/55 | LocalRun=5 | Jump=6.4 | NearRate=0.61 | Peel style=PressureHard seed=1216587639 fill=956/972(0.984) chains=101 remaining=16 rejectedShort=0 failedPeels=1
13,Campaign500NormalFullV1:w12c,nutation_strict_mixed_hard_v1_rect_s29_o287_v04_strictmixedhard_mixed_chain,nutation_strict_mixed_hard_v1_rect_s29_o287_v04_strictmixedhard_mixed_chain,29,287,4,v04,387,Main/Level_Main_287,normal,Peak,StrictMixedHard,strict_mixed_dependency,mixed_chain,Peak,Peak,0,lock,PSG_Normal_lock_Extreme_Peak,27,36,0.750,XL_Peak,214,206,214,1313,10,c5nep_w12c_13_nutation_strict_mixed_hard_v1_rect_s29_o287_v04_strictmixedhard_mixed_chain,Assets/ArrowMagic/SOData/Levels/Campaign500NormalFullV1/w12c/c5nep_w12c_13_nutation_strict_mixed_hard_v1_rect_s29_o287_v04_strictmixedhard_mixed_chain.asset,27,36,97,84,960,0.988,0.950,0.992,2,6,25,97,9.90,21,0.460,505,True,2,190.5,ok,305,Style=PressureHard | Score=34464 | TargetInitial=7 | OpeningRatio=0.021 | Straightness=0.460 | EarlyChoices=32.5/61 | LocalRun=6 | Jump=6.1 | NearRate=0.68 | Peel style=PressureHard seed=1238171021 fill=960/972(0.988) chains=97 remaining=12 rejectedShort=0 failedPeels=1
14,Campaign500NormalFullV1:w12c,nutation_strict_mixed_hard_v1_rect_s29_o287_v05_strictmixedhard_mixed_chain,nutation_strict_mixed_hard_v1_rect_s29_o287_v05_strictmixedhard_mixed_chain,29,287,5,v05,387,Main/Level_Main_287,normal,Peak,StrictMixedHard,strict_mixed_dependency,mixed_chain,Peak,Peak,0,lock,PSG_Normal_lock_Extreme_Peak,27,36,0.750,XL_Peak,214,206,214,1313,10,c5nep_w12c_14_nutation_strict_mixed_hard_v1_rect_s29_o287_v05_strictmixedhard_mixed_chain,Assets/ArrowMagic/SOData/Levels/Campaign500NormalFullV1/w12c/c5nep_w12c_14_nutation_strict_mixed_hard_v1_rect_s29_o287_v05_strictmixedhard_mixed_chain.asset,27,36,98,84,959,0.987,0.950,0.992,4,10,33,98,9.79,21,0.498,556,True,4,190.6,ok,61,Style=PressureHard | Score=31680 | TargetInitial=7 | OpeningRatio=0.051 | Straightness=0.498 | EarlyChoices=24.9/66 | LocalRun=5 | Jump=12.0 | NearRate=0.48 | Peel style=PressureHard seed=1212626353 fill=959/972(0.987) chains=98 remaining=13 rejectedShort=0 failedPeels=1 | FlipGate=ops=1 initial=5->4 edgeHeads=11->10 earlyChoices=24.3/66 localRun=5 jump=11.5 near=0.52 targetInitial=4
15,Campaign500NormalFullV1:w12c,nutation_strict_mixed_hard_v1_rect_s29_o287_v06_strictmixedhard_mixed_chain,nutation_strict_mixed_hard_v1_rect_s29_o287_v06_strictmixedhard_mixed_chain,29,287,6,v06,387,Main/Level_Main_287,normal,Peak,StrictMixedHard,strict_mixed_dependency,mixed_chain,Peak,Peak,0,lock,PSG_Normal_lock_Extreme_Peak,27,36,0.750,XL_Peak,214,206,214,1313,10,c5nep_w12c_15_nutation_strict_mixed_hard_v1_rect_s29_o287_v06_strictmixedhard_mixed_chain,Assets/ArrowMagic/SOData/Levels/Campaign500NormalFullV1/w12c/c5nep_w12c_15_nutation_strict_mixed_hard_v1_rect_s29_o287_v06_strictmixedhard_mixed_chain.asset,27,36,92,84,963,0.991,0.950,0.987,5,5,26,92,10.47,21,0.506,448,True,5,189.1,ok,383,Style=PressureHard | Score=39295 | TargetInitial=6 | OpeningRatio=0.065 | Straightness=0.506 | EarlyChoices=30.0/59 | LocalRun=8 | Jump=10.5 | NearRate=0.61 | Peel style=PressureHard seed=1246358299 fill=963/972(0.991) chains=92 remaining=9 rejectedShort=0 failedPeels=1 | FlipGate=ops=2 initial=6->5 edgeHeads=6->5 earlyChoices=30.5/61 localRun=7 jump=10.0 near=0.61 targetInitial=4
16,Campaign500NormalFullV1:w12c,nutation_strict_mixed_hard_v1_rect_s29_o287_v07_strictmixedhard_mixed_chain,nutation_strict_mixed_hard_v1_rect_s29_o287_v07_strictmixedhard_mixed_chain,29,287,7,v07,387,Main/Level_Main_287,normal,Peak,StrictMixedHard,strict_mixed_dependency,mixed_chain,Peak,Peak,0,lock,PSG_Normal_lock_Extreme_Peak,27,36,0.750,XL_Peak,214,206,214,1313,10,c5nep_w12c_16_nutation_strict_mixed_hard_v1_rect_s29_o287_v07_strictmixedhard_mixed_chain,Assets/ArrowMagic/SOData/Levels/Campaign500NormalFullV1/w12c/c5nep_w12c_16_nutation_strict_mixed_hard_v1_rect_s29_o287_v07_strictmixedhard_mixed_chain.asset,27,36,100,84,956,0.984,0.950,0.987,2,6,31,100,9.56,21,0.472,499,True,2,189.8,ok,41,Style=PressureHard | Score=31182 | TargetInitial=7 | OpeningRatio=0.020 | Straightness=0.472 | EarlyChoices=34.2/54 | LocalRun=4 | Jump=13.4 | NearRate=0.42 | Peel style=PressureHard seed=1210550189 fill=956/972(0.984) chains=100 remaining=16 rejectedShort=0 failedPeels=1
17,Campaign500NormalFullV1:w12c,nutation_strict_mixed_hard_v1_rect_s33_o329_v00_strictmixedhard_mixed_chain,nutation_strict_mixed_hard_v1_rect_s33_o329_v00_strictmixedhard_mixed_chain,33,329,0,v00,429,Main/Level_Main_329,normal,Peak,StrictMixedHard,strict_mixed_dependency,mixed_chain,Peak,Peak,0,lock,PSG_Normal_lock_Extreme_Peak,26,34,0.765,L_Peak,203,195,203,1270,10,c5nep_w12c_17_nutation_strict_mixed_hard_v1_rect_s33_o329_v00_strictmixedhard_mixed_chain,Assets/ArrowMagic/SOData/Levels/Campaign500NormalFullV1/w12c/c5nep_w12c_17_nutation_strict_mixed_hard_v1_rect_s33_o329_v00_strictmixedhard_mixed_chain.asset,26,34,84,84,865,0.979,0.950,0.978,1,12,22,84,10.30,21,0.485,401,True,1,182.8,long-straight-run,248,Style=PressureHard | Score=32352 | TargetInitial=6 | OpeningRatio=0.012 | Straightness=0.485 | EarlyChoices=26.2/54 | LocalRun=8 | Jump=8.0 | NearRate=0.61 | Peel style=PressureHard seed=1689709814 fill=865/884(0.979) chains=84 remaining=19 rejectedShort=0 failedPeels=1
18,Campaign500NormalFullV1:w12c,nutation_strict_mixed_hard_v1_rect_s33_o329_v01_strictmixedhard_mixed_chain,nutation_strict_mixed_hard_v1_rect_s33_o329_v01_strictmixedhard_mixed_chain,33,329,1,v01,429,Main/Level_Main_329,normal,Peak,StrictMixedHard,strict_mixed_dependency,mixed_chain,Peak,Peak,0,lock,PSG_Normal_lock_Extreme_Peak,26,34,0.765,L_Peak,203,195,203,1270,10,c5nep_w12c_18_nutation_strict_mixed_hard_v1_rect_s33_o329_v01_strictmixedhard_mixed_chain,Assets/ArrowMagic/SOData/Levels/Campaign500NormalFullV1/w12c/c5nep_w12c_18_nutation_strict_mixed_hard_v1_rect_s33_o329_v01_strictmixedhard_mixed_chain.asset,26,34,91,84,870,0.984,0.950,0.982,1,6,30,91,9.56,21,0.538,453,True,1,188.7,ok,292,Style=PressureHard | Score=32874 | TargetInitial=6 | OpeningRatio=0.011 | Straightness=0.538 | EarlyChoices=22.7/60 | LocalRun=12 | Jump=5.5 | NearRate=0.81 | Peel style=PressureHard seed=1694327098 fill=870/884(0.984) chains=91 remaining=14 rejectedShort=0 failedPeels=1
19,Campaign500NormalFullV1:w12c,nutation_strict_mixed_hard_v1_rect_s33_o329_v02_strictmixedhard_mixed_chain,nutation_strict_mixed_hard_v1_rect_s33_o329_v02_strictmixedhard_mixed_chain,33,329,2,v02,429,Main/Level_Main_329,normal,Peak,StrictMixedHard,strict_mixed_dependency,mixed_chain,Peak,Peak,0,lock,PSG_Normal_lock_Extreme_Peak,26,34,0.765,L_Peak,203,195,203,1270,10,c5nep_w12c_19_nutation_strict_mixed_hard_v1_rect_s33_o329_v02_strictmixedhard_mixed_chain,Assets/ArrowMagic/SOData/Levels/Campaign500NormalFullV1/w12c/c5nep_w12c_19_nutation_strict_mixed_hard_v1_rect_s33_o329_v02_strictmixedhard_mixed_chain.asset,26,34,88,84,874,0.989,0.950,0.991,2,8,27,88,9.93,21,0.460,476,True,2,189.2,ok,59,Style=PressureHard | Score=32179 | TargetInitial=6 | OpeningRatio=0.023 | Straightness=0.460 | EarlyChoices=28.1/70 | LocalRun=7 | Jump=8.5 | NearRate=0.61 | Peel style=PressureHard seed=1669934449 fill=874/884(0.989) chains=88 remaining=10 rejectedShort=0 failedPeels=1
20,Campaign500NormalFullV1:w12c,nutation_strict_mixed_hard_v1_rect_s33_o329_v03_strictmixedhard_mixed_chain,nutation_strict_mixed_hard_v1_rect_s33_o329_v03_strictmixedhard_mixed_chain,33,329,3,v03,429,Main/Level_Main_329,normal,Peak,StrictMixedHard,strict_mixed_dependency,mixed_chain,Peak,Peak,0,lock,PSG_Normal_lock_Extreme_Peak,26,34,0.765,L_Peak,203,195,203,1270,10,c5nep_w12c_20_nutation_strict_mixed_hard_v1_rect_s33_o329_v03_strictmixedhard_mixed_chain,Assets/ArrowMagic/SOData/Levels/Campaign500NormalFullV1/w12c/c5nep_w12c_20_nutation_strict_mixed_hard_v1_rect_s33_o329_v03_strictmixedhard_mixed_chain.asset,26,34,88,84,869,0.983,0.950,0.996,3,8,25,88,9.88,21,0.439,422,True,3,188.6,ok,381,Style=PressureHard | Score=40738 | TargetInitial=6 | OpeningRatio=0.034 | Straightness=0.439 | EarlyChoices=25.7/50 | LocalRun=5 | Jump=7.5 | NearRate=0.61 | Peel style=PressureHard seed=1703666395 fill=869/884(0.983) chains=88 remaining=15 rejectedShort=0 failedPeels=1
21,Campaign500NormalFullV1:w12c,nutation_strict_mixed_hard_v1_rect_s33_o329_v04_strictmixedhard_mixed_chain,nutation_strict_mixed_hard_v1_rect_s33_o329_v04_strictmixedhard_mixed_chain,33,329,4,v04,429,Main/Level_Main_329,normal,Peak,StrictMixedHard,strict_mixed_dependency,mixed_chain,Peak,Peak,0,lock,PSG_Normal_lock_Extreme_Peak,26,34,0.765,L_Peak,203,195,203,1270,10,c5nep_w12c_21_nutation_strict_mixed_hard_v1_rect_s33_o329_v04_strictmixedhard_mixed_chain,Assets/ArrowMagic/SOData/Levels/Campaign500NormalFullV1/w12c/c5nep_w12c_21_nutation_strict_mixed_hard_v1_rect_s33_o329_v04_strictmixedhard_mixed_chain.asset,26,34,83,84,872,0.986,0.950,0.982,2,7,20,83,10.51,21,0.484,498,True,2,188.4,ok,410,Style=PressureHard | Score=36475 | TargetInitial=6 | OpeningRatio=0.024 | Straightness=0.484 | EarlyChoices=33.4/65 | LocalRun=5 | Jump=9.3 | NearRate=0.52 | Peel style=PressureHard seed=1706712744 fill=872/884(0.986) chains=83 remaining=12 rejectedShort=0 failedPeels=1
22,Campaign500NormalFullV1:w12c,nutation_strict_mixed_hard_v1_rect_s33_o329_v05_strictmixedhard_mixed_chain,nutation_strict_mixed_hard_v1_rect_s33_o329_v05_strictmixedhard_mixed_chain,33,329,5,v05,429,Main/Level_Main_329,normal,Peak,StrictMixedHard,strict_mixed_dependency,mixed_chain,Peak,Peak,0,lock,PSG_Normal_lock_Extreme_Peak,26,34,0.765,L_Peak,203,195,203,1270,10,c5nep_w12c_22_nutation_strict_mixed_hard_v1_rect_s33_o329_v05_strictmixedhard_mixed_chain,Assets/ArrowMagic/SOData/Levels/Campaign500NormalFullV1/w12c/c5nep_w12c_22_nutation_strict_mixed_hard_v1_rect_s33_o329_v05_strictmixedhard_mixed_chain.asset,26,34,88,84,867,0.981,0.950,0.987,3,8,28,88,9.85,21,0.502,414,True,3,186.7,ok,256,Style=PressureHard | Score=40695 | TargetInitial=6 | OpeningRatio=0.034 | Straightness=0.502 | EarlyChoices=21.6/39 | LocalRun=14 | Jump=6.4 | NearRate=0.77 | Peel style=PressureHard seed=1690593686 fill=867/884(0.981) chains=88 remaining=17 rejectedShort=0 failedPeels=1
23,Campaign500NormalFullV1:w12c,nutation_strict_mixed_hard_v1_rect_s33_o329_v06_strictmixedhard_mixed_chain,nutation_strict_mixed_hard_v1_rect_s33_o329_v06_strictmixedhard_mixed_chain,33,329,6,v06,429,Main/Level_Main_329,normal,Peak,StrictMixedHard,strict_mixed_dependency,mixed_chain,Peak,Peak,0,lock,PSG_Normal_lock_Extreme_Peak,26,34,0.765,L_Peak,203,195,203,1270,10,c5nep_w12c_23_nutation_strict_mixed_hard_v1_rect_s33_o329_v06_strictmixedhard_mixed_chain,Assets/ArrowMagic/SOData/Levels/Campaign500NormalFullV1/w12c/c5nep_w12c_23_nutation_strict_mixed_hard_v1_rect_s33_o329_v06_strictmixedhard_mixed_chain.asset,26,34,90,84,870,0.984,0.950,0.991,2,9,32,90,9.67,21,0.507,481,True,2,188.6,long-straight-run,190,Style=PressureHard | Score=38267 | TargetInitial=6 | OpeningRatio=0.022 | Straightness=0.507 | EarlyChoices=25.8/46 | LocalRun=4 | Jump=7.9 | NearRate=0.45 | Peel style=PressureHard seed=1683690780 fill=870/884(0.984) chains=90 remaining=14 rejectedShort=0 failedPeels=1
24,Campaign500NormalFullV1:w12c,nutation_strict_mixed_hard_v1_rect_s33_o329_v07_strictmixedhard_mixed_chain,nutation_strict_mixed_hard_v1_rect_s33_o329_v07_strictmixedhard_mixed_chain,33,329,7,v07,429,Main/Level_Main_329,normal,Peak,StrictMixedHard,strict_mixed_dependency,mixed_chain,Peak,Peak,0,lock,PSG_Normal_lock_Extreme_Peak,26,34,0.765,L_Peak,203,195,203,1270,10,c5nep_w12c_24_nutation_strict_mixed_hard_v1_rect_s33_o329_v07_strictmixedhard_mixed_chain,Assets/ArrowMagic/SOData/Levels/Campaign500NormalFullV1/w12c/c5nep_w12c_24_nutation_strict_mixed_hard_v1_rect_s33_o329_v07_strictmixedhard_mixed_chain.asset,26,34,93,84,869,0.983,0.950,0.982,3,8,32,93,9.34,21,0.488,516,True,3,184.2,ok,39,Style=PressureHard | Score=34072 | TargetInitial=7 | OpeningRatio=0.032 | Straightness=0.488 | EarlyChoices=25.8/56 | LocalRun=5 | Jump=8.4 | NearRate=0.58 | Peel style=PressureHard seed=1667885909 fill=869/884(0.983) chains=93 remaining=15 rejectedShort=0 failedPeels=1
25,Campaign500NormalFullV1:w12c,nutation_strict_mixed_hard_v1_rect_s45_o445_v00_strictmixedhard_mixed_chain,nutation_strict_mixed_hard_v1_rect_s45_o445_v00_strictmixedhard_mixed_chain,45,445,0,v00,545,Main/Level_Main_445,normal,Hard,StrictMixedHard,strict_mixed_dependency,mixed_chain,Hard,Recovery,0,sweep,PSG_Normal_sweep_Hard_Recovery,26,35,0.743,XL_PeelMid,197,189,197,1199,10,c5nep_w12c_25_nutation_strict_mixed_hard_v1_rect_s45_o445_v00_strictmixedhard_mixed_chain,Assets/ArrowMagic/SOData/Levels/Campaign500NormalFullV1/w12c/c5nep_w12c_25_nutation_strict_mixed_hard_v1_rect_s45_o445_v00_strictmixedhard_mixed_chain.asset,26,35,90,84,893,0.981,0.950,0.987,4,8,31,90,9.92,21,0.454,489,True,4,189.1,ok,234,Style=PressureHard | Score=35289 | TargetInitial=6 | OpeningRatio=0.044 | Straightness=0.454 | EarlyChoices=27.2/64 | LocalRun=5 | Jump=11.8 | NearRate=0.52 | Peel style=PressureHard seed=261115427 fill=893/910(0.981) chains=90 remaining=17 rejectedShort=0 failedPeels=1
26,Campaign500NormalFullV1:w12c,nutation_strict_mixed_hard_v1_rect_s45_o445_v01_strictmixedhard_mixed_chain,nutation_strict_mixed_hard_v1_rect_s45_o445_v01_strictmixedhard_mixed_chain,45,445,1,v01,545,Main/Level_Main_445,normal,Hard,StrictMixedHard,strict_mixed_dependency,mixed_chain,Hard,Recovery,0,sweep,PSG_Normal_sweep_Hard_Recovery,26,35,0.743,XL_PeelMid,197,189,197,1199,10,c5nep_w12c_26_nutation_strict_mixed_hard_v1_rect_s45_o445_v01_strictmixedhard_mixed_chain,Assets/ArrowMagic/SOData/Levels/Campaign500NormalFullV1/w12c/c5nep_w12c_26_nutation_strict_mixed_hard_v1_rect_s45_o445_v01_strictmixedhard_mixed_chain.asset,26,35,85,84,892,0.980,0.950,0.974,5,6,23,85,10.49,21,0.494,429,True,5,187.3,ok,197,Style=PressureHard | Score=39488 | TargetInitial=6 | OpeningRatio=0.059 | Straightness=0.494 | EarlyChoices=32.1/58 | LocalRun=5 | Jump=9.5 | NearRate=0.48 | Peel style=PressureHard seed=257249662 fill=892/910(0.980) chains=85 remaining=18 rejectedShort=0 failedPeels=1
27,Campaign500NormalFullV1:w12c,nutation_strict_mixed_hard_v1_rect_s45_o445_v02_strictmixedhard_mixed_chain,nutation_strict_mixed_hard_v1_rect_s45_o445_v02_strictmixedhard_mixed_chain,45,445,2,v02,545,Main/Level_Main_445,normal,Hard,StrictMixedHard,strict_mixed_dependency,mixed_chain,Hard,Recovery,0,sweep,PSG_Normal_sweep_Hard_Recovery,26,35,0.743,XL_PeelMid,197,189,197,1199,10,c5nep_w12c_27_nutation_strict_mixed_hard_v1_rect_s45_o445_v02_strictmixedhard_mixed_chain,Assets/ArrowMagic/SOData/Levels/Campaign500NormalFullV1/w12c/c5nep_w12c_27_nutation_strict_mixed_hard_v1_rect_s45_o445_v02_strictmixedhard_mixed_chain.asset,26,35,93,84,899,0.988,0.950,0.991,5,6,33,93,9.67,21,0.470,537,True,5,189.3,long-straight-run,238,Style=PressureHard | Score=33063 | TargetInitial=7 | OpeningRatio=0.054 | Straightness=0.470 | EarlyChoices=27.9/57 | LocalRun=4 | Jump=11.8 | NearRate=0.48 | Peel style=PressureHard seed=261552759 fill=899/910(0.988) chains=93 remaining=11 rejectedShort=0 failedPeels=1 | FlipGate=ops=3 initial=5->5 edgeHeads=9->6 earlyChoices=27.9/57 localRun=4 jump=11.8 near=0.48 targetInitial=4
28,Campaign500NormalFullV1:w12c,nutation_strict_mixed_hard_v1_rect_s45_o445_v03_strictmixedhard_mixed_chain,nutation_strict_mixed_hard_v1_rect_s45_o445_v03_strictmixedhard_mixed_chain,45,445,3,v03,545,Main/Level_Main_445,normal,Hard,StrictMixedHard,strict_mixed_dependency,mixed_chain,Hard,Recovery,0,sweep,PSG_Normal_sweep_Hard_Recovery,26,35,0.743,XL_PeelMid,197,189,197,1199,10,c5nep_w12c_28_nutation_strict_mixed_hard_v1_rect_s45_o445_v03_strictmixedhard_mixed_chain,Assets/ArrowMagic/SOData/Levels/Campaign500NormalFullV1/w12c/c5nep_w12c_28_nutation_strict_mixed_hard_v1_rect_s45_o445_v03_strictmixedhard_mixed_chain.asset,26,35,88,84,897,0.986,0.950,0.982,2,6,21,88,10.19,20,0.509,455,True,2,188.5,long-straight-run,334,Style=PressureHard | Score=46974 | TargetInitial=6 | OpeningRatio=0.023 | Straightness=0.509 | EarlyChoices=26.8/45 | LocalRun=6 | Jump=8.0 | NearRate=0.52 | Peel style=PressureHard seed=271615951 fill=897/910(0.986) chains=88 remaining=13 rejectedShort=0 failedPeels=1
29,Campaign500NormalFullV1:w12c,nutation_strict_mixed_hard_v1_rect_s45_o445_v04_strictmixedhard_mixed_chain,nutation_strict_mixed_hard_v1_rect_s45_o445_v04_strictmixedhard_mixed_chain,45,445,4,v04,545,Main/Level_Main_445,normal,Hard,StrictMixedHard,strict_mixed_dependency,mixed_chain,Hard,Recovery,0,sweep,PSG_Normal_sweep_Hard_Recovery,26,35,0.743,XL_PeelMid,197,189,197,1199,10,c5nep_w12c_29_nutation_strict_mixed_hard_v1_rect_s45_o445_v04_strictmixedhard_mixed_chain,Assets/ArrowMagic/SOData/Levels/Campaign500NormalFullV1/w12c/c5nep_w12c_29_nutation_strict_mixed_hard_v1_rect_s45_o445_v04_strictmixedhard_mixed_chain.asset,26,35,93,84,891,0.979,0.950,0.996,1,6,33,93,9.58,21,0.491,477,True,1,189.3,ok,230,Style=PressureHard | Score=37116 | TargetInitial=7 | OpeningRatio=0.011 | Straightness=0.491 | EarlyChoices=24.8/45 | LocalRun=10 | Jump=6.8 | NearRate=0.58 | Peel style=PressureHard seed=260733343 fill=891/910(0.979) chains=93 remaining=19 rejectedShort=0 failedPeels=1
30,Campaign500NormalFullV1:w12c,nutation_strict_mixed_hard_v1_rect_s45_o445_v05_strictmixedhard_mixed_chain,nutation_strict_mixed_hard_v1_rect_s45_o445_v05_strictmixedhard_mixed_chain,45,445,5,v05,545,Main/Level_Main_445,normal,Hard,StrictMixedHard,strict_mixed_dependency,mixed_chain,Hard,Recovery,0,sweep,PSG_Normal_sweep_Hard_Recovery,26,35,0.743,XL_PeelMid,197,189,197,1199,10,c5nep_w12c_30_nutation_strict_mixed_hard_v1_rect_s45_o445_v05_strictmixedhard_mixed_chain,Assets/ArrowMagic/SOData/Levels/Campaign500NormalFullV1/w12c/c5nep_w12c_30_nutation_strict_mixed_hard_v1_rect_s45_o445_v05_strictmixedhard_mixed_chain.asset,26,35,91,84,901,0.990,0.950,1.000,2,11,24,91,9.90,21,0.474,458,True,2,190.0,ok,238,Style=PressureHard | Score=31231 | TargetInitial=6 | OpeningRatio=0.022 | Straightness=0.474 | EarlyChoices=27.7/61 | LocalRun=6 | Jump=9.1 | NearRate=0.68 | Peel style=PressureHard seed=261580383 fill=901/910(0.990) chains=91 remaining=9 rejectedShort=0 failedPeels=1
31,Campaign500NormalFullV1:w12c,nutation_strict_mixed_hard_v1_rect_s45_o445_v06_strictmixedhard_mixed_chain,nutation_strict_mixed_hard_v1_rect_s45_o445_v06_strictmixedhard_mixed_chain,45,445,6,v06,545,Main/Level_Main_445,normal,Hard,StrictMixedHard,strict_mixed_dependency,mixed_chain,Hard,Recovery,0,sweep,PSG_Normal_sweep_Hard_Recovery,26,35,0.743,XL_PeelMid,197,189,197,1199,10,c5nep_w12c_31_nutation_strict_mixed_hard_v1_rect_s45_o445_v06_strictmixedhard_mixed_chain,Assets/ArrowMagic/SOData/Levels/Campaign500NormalFullV1/w12c/c5nep_w12c_31_nutation_strict_mixed_hard_v1_rect_s45_o445_v06_strictmixedhard_mixed_chain.asset,26,35,89,84,893,0.981,0.950,0.982,2,6,28,89,10.03,21,0.476,358,True,2,188.2,ok,282,Style=PressureHard | Score=34811 | TargetInitial=6 | OpeningRatio=0.022 | Straightness=0.476 | EarlyChoices=32.5/50 | LocalRun=4 | Jump=9.1 | NearRate=0.61 | Peel style=PressureHard seed=266197667 fill=893/910(0.981) chains=89 remaining=17 rejectedShort=0 failedPeels=1
32,Campaign500NormalFullV1:w12c,nutation_strict_mixed_hard_v1_rect_s45_o445_v07_strictmixedhard_mixed_chain,nutation_strict_mixed_hard_v1_rect_s45_o445_v07_strictmixedhard_mixed_chain,45,445,7,v07,545,Main/Level_Main_445,normal,Hard,StrictMixedHard,strict_mixed_dependency,mixed_chain,Hard,Recovery,0,sweep,PSG_Normal_sweep_Hard_Recovery,26,35,0.743,XL_PeelMid,197,189,197,1199,10,c5nep_w12c_32_nutation_strict_mixed_hard_v1_rect_s45_o445_v07_strictmixedhard_mixed_chain,Assets/ArrowMagic/SOData/Levels/Campaign500NormalFullV1/w12c/c5nep_w12c_32_nutation_strict_mixed_hard_v1_rect_s45_o445_v07_strictmixedhard_mixed_chain.asset,26,35,90,84,897,0.986,0.950,0.987,1,5,25,90,9.97,21,0.503,513,True,1,188.8,ok,343,Style=PressureHard | Score=32387 | TargetInitial=6 | OpeningRatio=0.011 | Straightness=0.503 | EarlyChoices=33.1/66 | LocalRun=7 | Jump=5.7 | NearRate=0.77 | Peel style=PressureHard seed=272595344 fill=897/910(0.986) chains=90 remaining=13 rejectedShort=0 failedPeels=1
33,Campaign500NormalFullV1:w12c,nutation_strict_mixed_hard_v1_rect_s48_o475_v00_strictmixedhard_mixed_chain,nutation_strict_mixed_hard_v1_rect_s48_o475_v00_strictmixedhard_mixed_chain,48,475,0,v00,575,Main/Level_Main_475,normal,Hard,StrictMixedHard,strict_mixed_dependency,mixed_chain,Hard,Normal,0,section,PSG_Normal_section_Hard_Normal,26,35,0.743,XL_PeelMid,195,187,195,1207,10,c5nep_w12c_33_nutation_strict_mixed_hard_v1_rect_s48_o475_v00_strictmixedhard_mixed_chain,Assets/ArrowMagic/SOData/Levels/Campaign500NormalFullV1/w12c/c5nep_w12c_33_nutation_strict_mixed_hard_v1_rect_s48_o475_v00_strictmixedhard_mixed_chain.asset,26,35,95,84,900,0.989,0.950,0.987,2,9,31,95,9.47,21,0.492,524,True,2,190.0,ok,24,Style=PressureHard | Score=32935 | TargetInitial=7 | OpeningRatio=0.021 | Straightness=0.492 | EarlyChoices=27.4/47 | LocalRun=9 | Jump=7.0 | NearRate=0.74 | Peel style=PressureHard seed=1065404193 fill=900/910(0.989) chains=95 remaining=10 rejectedShort=0 failedPeels=1
34,Campaign500NormalFullV1:w12c,nutation_strict_mixed_hard_v1_rect_s48_o475_v01_strictmixedhard_mixed_chain,nutation_strict_mixed_hard_v1_rect_s48_o475_v01_strictmixedhard_mixed_chain,48,475,1,v01,575,Main/Level_Main_475,normal,Hard,StrictMixedHard,strict_mixed_dependency,mixed_chain,Hard,Normal,0,section,PSG_Normal_section_Hard_Normal,26,35,0.743,XL_PeelMid,195,187,195,1207,10,c5nep_w12c_34_nutation_strict_mixed_hard_v1_rect_s48_o475_v01_strictmixedhard_mixed_chain,Assets/ArrowMagic/SOData/Levels/Campaign500NormalFullV1/w12c/c5nep_w12c_34_nutation_strict_mixed_hard_v1_rect_s48_o475_v01_strictmixedhard_mixed_chain.asset,26,35,88,84,899,0.988,0.950,0.974,1,9,21,88,10.22,21,0.481,467,True,1,185.1,ok,250,Style=PressureHard | Score=45744 | TargetInitial=6 | OpeningRatio=0.011 | Straightness=0.481 | EarlyChoices=22.6/51 | LocalRun=6 | Jump=4.9 | NearRate=0.71 | Peel style=PressureHard seed=1089082091 fill=899/910(0.988) chains=88 remaining=11 rejectedShort=0 failedPeels=1
35,Campaign500NormalFullV1:w12c,nutation_strict_mixed_hard_v1_rect_s48_o475_v02_strictmixedhard_mixed_chain,nutation_strict_mixed_hard_v1_rect_s48_o475_v02_strictmixedhard_mixed_chain,48,475,2,v02,575,Main/Level_Main_475,normal,Hard,StrictMixedHard,strict_mixed_dependency,mixed_chain,Hard,Normal,0,section,PSG_Normal_section_Hard_Normal,26,35,0.743,XL_PeelMid,195,187,195,1207,10,c5nep_w12c_35_nutation_strict_mixed_hard_v1_rect_s48_o475_v02_strictmixedhard_mixed_chain,Assets/ArrowMagic/SOData/Levels/Campaign500NormalFullV1/w12c/c5nep_w12c_35_nutation_strict_mixed_hard_v1_rect_s48_o475_v02_strictmixedhard_mixed_chain.asset,26,35,88,84,890,0.978,0.950,0.991,2,12,24,88,10.11,21,0.513,432,True,2,188.2,long-straight-run,135,Style=PressureHard | Score=34205 | TargetInitial=6 | OpeningRatio=0.023 | Straightness=0.513 | EarlyChoices=27.4/48 | LocalRun=7 | Jump=8.0 | NearRate=0.61 | Peel style=PressureHard seed=1077047400 fill=890/910(0.978) chains=88 remaining=20 rejectedShort=0 failedPeels=1
36,Campaign500NormalFullV1:w12c,nutation_strict_mixed_hard_v1_rect_s48_o475_v03_strictmixedhard_mixed_chain,nutation_strict_mixed_hard_v1_rect_s48_o475_v03_strictmixedhard_mixed_chain,48,475,3,v03,575,Main/Level_Main_475,normal,Hard,StrictMixedHard,strict_mixed_dependency,mixed_chain,Hard,Normal,0,section,PSG_Normal_section_Hard_Normal,26,35,0.743,XL_PeelMid,195,187,195,1207,10,c5nep_w12c_36_nutation_strict_mixed_hard_v1_rect_s48_o475_v03_strictmixedhard_mixed_chain,Assets/ArrowMagic/SOData/Levels/Campaign500NormalFullV1/w12c/c5nep_w12c_36_nutation_strict_mixed_hard_v1_rect_s48_o475_v03_strictmixedhard_mixed_chain.asset,26,35,92,84,895,0.984,0.950,0.996,4,7,33,92,9.73,21,0.439,470,True,4,189.6,ok,100,Style=PressureHard | Score=32479 | TargetInitial=6 | OpeningRatio=0.043 | Straightness=0.439 | EarlyChoices=29.6/57 | LocalRun=6 | Jump=10.1 | NearRate=0.52 | Peel style=PressureHard seed=1073391029 fill=895/910(0.984) chains=92 remaining=15 rejectedShort=0 failedPeels=1
37,Campaign500NormalFullV1:w12c,nutation_strict_mixed_hard_v1_rect_s48_o475_v04_strictmixedhard_mixed_chain,nutation_strict_mixed_hard_v1_rect_s48_o475_v04_strictmixedhard_mixed_chain,48,475,4,v04,575,Main/Level_Main_475,normal,Hard,StrictMixedHard,strict_mixed_dependency,mixed_chain,Hard,Normal,0,section,PSG_Normal_section_Hard_Normal,26,35,0.743,XL_PeelMid,195,187,195,1207,10,c5nep_w12c_37_nutation_strict_mixed_hard_v1_rect_s48_o475_v04_strictmixedhard_mixed_chain,Assets/ArrowMagic/SOData/Levels/Campaign500NormalFullV1/w12c/c5nep_w12c_37_nutation_strict_mixed_hard_v1_rect_s48_o475_v04_strictmixedhard_mixed_chain.asset,26,35,85,84,897,0.986,0.950,0.991,5,8,19,85,10.55,21,0.525,427,True,5,182.4,ok,36,Style=PressureHard | Score=37463 | TargetInitial=6 | OpeningRatio=0.059 | Straightness=0.525 | EarlyChoices=27.6/66 | LocalRun=7 | Jump=8.7 | NearRate=0.58 | Peel style=PressureHard seed=1066697517 fill=897/910(0.986) chains=85 remaining=13 rejectedShort=0 failedPeels=1 | FlipGate=ops=1 initial=5->5 edgeHeads=9->8 earlyChoices=27.6/66 localRun=7 jump=8.7 near=0.58 targetInitial=3
38,Campaign500NormalFullV1:w12c,nutation_strict_mixed_hard_v1_rect_s48_o475_v05_strictmixedhard_mixed_chain,nutation_strict_mixed_hard_v1_rect_s48_o475_v05_strictmixedhard_mixed_chain,48,475,5,v05,575,Main/Level_Main_475,normal,Hard,StrictMixedHard,strict_mixed_dependency,mixed_chain,Hard,Normal,0,section,PSG_Normal_section_Hard_Normal,26,35,0.743,XL_PeelMid,195,187,195,1207,10,c5nep_w12c_38_nutation_strict_mixed_hard_v1_rect_s48_o475_v05_strictmixedhard_mixed_chain,Assets/ArrowMagic/SOData/Levels/Campaign500NormalFullV1/w12c/c5nep_w12c_38_nutation_strict_mixed_hard_v1_rect_s48_o475_v05_strictmixedhard_mixed_chain.asset,26,35,93,84,893,0.981,0.950,0.974,4,8,33,93,9.60,21,0.509,381,True,4,189.5,ok,157,Style=PressureHard | Score=34839 | TargetInitial=7 | OpeningRatio=0.043 | Straightness=0.509 | EarlyChoices=22.3/52 | LocalRun=8 | Jump=7.2 | NearRate=0.68 | Peel style=PressureHard seed=1079378870 fill=893/910(0.981) chains=93 remaining=17 rejectedShort=0 failedPeels=1
39,Campaign500NormalFullV1:w12c,nutation_strict_mixed_hard_v1_rect_s48_o475_v06_strictmixedhard_mixed_chain,nutation_strict_mixed_hard_v1_rect_s48_o475_v06_strictmixedhard_mixed_chain,48,475,6,v06,575,Main/Level_Main_475,normal,Hard,StrictMixedHard,strict_mixed_dependency,mixed_chain,Hard,Normal,0,section,PSG_Normal_section_Hard_Normal,26,35,0.743,XL_PeelMid,195,187,195,1207,10,c5nep_w12c_39_nutation_strict_mixed_hard_v1_rect_s48_o475_v06_strictmixedhard_mixed_chain,Assets/ArrowMagic/SOData/Levels/Campaign500NormalFullV1/w12c/c5nep_w12c_39_nutation_strict_mixed_hard_v1_rect_s48_o475_v06_strictmixedhard_mixed_chain.asset,26,35,91,84,900,0.989,0.950,0.978,3,8,28,91,9.89,21,0.506,452,True,3,185.6,ok,167,Style=PressureHard | Score=36983 | TargetInitial=6 | OpeningRatio=0.033 | Straightness=0.506 | EarlyChoices=29.6/51 | LocalRun=5 | Jump=7.0 | NearRate=0.65 | Peel style=PressureHard seed=1080435304 fill=900/910(0.989) chains=91 remaining=10 rejectedShort=0 failedPeels=1
40,Campaign500NormalFullV1:w12c,nutation_strict_mixed_hard_v1_rect_s48_o475_v07_strictmixedhard_mixed_chain,nutation_strict_mixed_hard_v1_rect_s48_o475_v07_strictmixedhard_mixed_chain,48,475,7,v07,575,Main/Level_Main_475,normal,Hard,StrictMixedHard,strict_mixed_dependency,mixed_chain,Hard,Normal,0,section,PSG_Normal_section_Hard_Normal,26,35,0.743,XL_PeelMid,195,187,195,1207,10,c5nep_w12c_40_nutation_strict_mixed_hard_v1_rect_s48_o475_v07_strictmixedhard_mixed_chain,Assets/ArrowMagic/SOData/Levels/Campaign500NormalFullV1/w12c/c5nep_w12c_40_nutation_strict_mixed_hard_v1_rect_s48_o475_v07_strictmixedhard_mixed_chain.asset,26,35,94,84,896,0.985,0.950,0.987,1,7,25,94,9.53,21,0.484,483,True,1,189.1,long-straight-run,56,Style=PressureHard | Score=40907 | TargetInitial=7 | OpeningRatio=0.011 | Straightness=0.484 | EarlyChoices=24.9/49 | LocalRun=5 | Jump=6.1 | NearRate=0.65 | Peel style=PressureHard seed=1068819529 fill=896/910(0.985) chains=94 remaining=14 rejectedShort=0 failedPeels=1
